answer_relevance,candidate_messages_sha256,candidate_output_sha256,chunk_size_tokens,coverage_reused,coverage_score_status,eval_id,evaluation_set_id,evaluation_set_version,evidence_fact_recall_at_k,faithfulness,forbidden_point_violations,generation_latency_ms,metadata_filter_leakage,model_id,model_revision,platform,question_to_response_ms,ragas_reused,ragas_score_status,random_seed,required_point_coverage,reranking,retrieval_latency_ms,retrieved_chunk_ids,run_item_id,top_k,variant_id
0.0,10870249434f86921383d0e4cc29f2c7e039bdfe6fa09554323f7600532bac51,a0bc5280e59ab4fa6e486a82f8c686a2ae19d5bce6a894e84825a20369aed7f6,1024,False,parsed,W03-LONG-SENPAI-001,w05_senpai_long_source_from_w03,1.1.0,0.5,0.75,0,2917.29,0,meta-llama/Llama-3.1-8B-Instruct,0e9e39f249a16976918f6564b8830bc894c89659,Senpai,4949.164,False,complete,42,1.0,cross_encoder,2028.01,"[""PUB-SENPAI-20260812::PUB-SENPAI-20260812::section-001::child-001""]",W05::chunk-1024_topk-1_rerank-ce::W03-LONG-SENPAI-001,1,chunk-1024_topk-1_rerank-ce
0.9391647259719104,7e937a16f9ca16de8835e58bf85a55b1d923ad076b46c39e46ac02a9ac97dcc1,25f7e7928a57d7add860d1ab904778ff3713ae853e2d139a081299a56c7f27ee,1024,False,parsed,W03-LONG-SENPAI-002,w05_senpai_long_source_from_w03,1.1.0,1.0,1.0,0,3934.683,0,meta-llama/Llama-3.1-8B-Instruct,0e9e39f249a16976918f6564b8830bc894c89659,Senpai,6004.401,False,complete,42,1.0,cross_encoder,2065.569,"[""PUB-SENPAI-20260812::PUB-SENPAI-20260812::section-001::child-002""]",W05::chunk-1024_topk-1_rerank-ce::W03-LONG-SENPAI-002,1,chunk-1024_topk-1_rerank-ce
0.0,2bef210b88f38bd77acf63881eb36f4bd7e27720b4490e563173482f1550883a,26fdea150afefa879bb65f0a5070fd67327e84eb7ec6f68a648f823946555535,1024,False,parsed,W03-LONG-SENPAI-003,w05_senpai_long_source_from_w03,1.1.0,0.5,0.6666666666666666,0,5662.845,0,meta-llama/Llama-3.1-8B-Instruct,0e9e39f249a16976918f6564b8830bc894c89659,Senpai,7728.773,False,complete,42,0.5,cross_encoder,2062.37,"[""PUB-SENPAI-20260812::PUB-SENPAI-20260812::section-001::child-002""]",W05::chunk-1024_topk-1_rerank-ce::W03-LONG-SENPAI-003,1,chunk-1024_topk-1_rerank-ce
0.9153661258480289,ee872bdf4d65de4baa270bafdc81dea63f8fa0c2fbfc1dde80588102d29129ec,9389b73cb48edd53236bc0275127cfa4db6df61ebda3bd10add371460224416f,1024,False,parsed,W03-LONG-SENPAI-004,w05_senpai_long_source_from_w03,1.1.0,0.5,1.0,0,11774.938,0,meta-llama/Llama-3.1-8B-Instruct,0e9e39f249a16976918f6564b8830bc894c89659,Senpai,13810.423,False,complete,42,1.0,cross_encoder,2032.225,"[""PUB-SENPAI-20260812::PUB-SENPAI-20260812::section-001::child-010""]",W05::chunk-1024_topk-1_rerank-ce::W03-LONG-SENPAI-004,1,chunk-1024_topk-1_rerank-ce
0.8229990703934896,d4e7cee765eed385be06366839dd0e72d177c75acb78de4ac8278973cfad4fc5,bc7c2811282b4ace2b4b78affa57b6c73cc5500742f78d1807a5c507a190255e,1024,False,parsed,W03-LONG-SENPAI-005,w05_senpai_long_source_from_w03,1.1.0,1.0,1.0,0,7649.941,0,meta-llama/Llama-3.1-8B-Instruct,0e9e39f249a16976918f6564b8830bc894c89659,Senpai,9660.903,False,complete,42,1.0,cross_encoder,2006.82,"[""PUB-SENPAI-20260812::PUB-SENPAI-20260812::section-001::child-003""]",W05::chunk-1024_topk-1_rerank-ce::W03-LONG-SENPAI-005,1,chunk-1024_topk-1_rerank-ce
0.40775313518066253,cddf4fde0fb62028308b6e86b06570db3724ee5fc672a36c24079c0aff3d91ba,48eb71e691cb1cc5da237048f70d74cbda8ac87b7d20be7eb67d78559996ee32,1024,False,parsed,W03-LONG-SENPAI-006,w05_senpai_long_source_from_w03,1.1.0,1.0,0.8,0,8770.832,0,meta-llama/Llama-3.1-8B-Instruct,0e9e39f249a16976918f6564b8830bc894c89659,Senpai,10780.582,False,complete,42,1.0,cross_encoder,2005.376,"[""PUB-SENPAI-20260812::PUB-SENPAI-20260812::section-001::child-004""]",W05::chunk-1024_topk-1_rerank-ce::W03-LONG-SENPAI-006,1,chunk-1024_topk-1_rerank-ce
0.9887068304276826,16b014ddd35589f70c7e8aa20c51a79f2b91562319ec608415c1dd1c2d6459c1,d5f99e58750887e628b6c6cc56d3bdd6832c2192ac3e8181d473e370ec4ce3cb,1024,False,parsed,W03-LONG-SENPAI-007,w05_senpai_long_source_from_w03,1.1.0,1.0,1.0,0,5316.125,0,meta-llama/Llama-3.1-8B-Instruct,0e9e39f249a16976918f6564b8830bc894c89659,Senpai,7347.765,False,complete,42,1.0,cross_encoder,2027.91,"[""PUB-SENPAI-20260812::PUB-SENPAI-20260812::section-001::child-004""]",W05::chunk-1024_topk-1_rerank-ce::W03-LONG-SENPAI-007,1,chunk-1024_topk-1_rerank-ce
0.0,90b4f8a897a1733e461895e29104ee46f5401b21b300d36fa670b9b8152f65e4,26b77174c82d5d75a5bd735ef1a184508b0e5b32df4fbf3378428293f106155c,1024,False,parsed,W03-LONG-SENPAI-008,w05_senpai_long_source_from_w03,1.1.0,1.0,0.5,0,6336.205,0,meta-llama/Llama-3.1-8B-Instruct,0e9e39f249a16976918f6564b8830bc894c89659,Senpai,8391.276,False,complete,42,1.0,cross_encoder,2051.382,"[""PUB-SENPAI-20260812::PUB-SENPAI-20260812::section-001::child-004""]",W05::chunk-1024_topk-1_rerank-ce::W03-LONG-SENPAI-008,1,chunk-1024_topk-1_rerank-ce
0.7399049619420027,88fa7cb340535e9618f2a2d4c69b05e2b708013e316b556d1d7967ec01595d73,3c8ada1adf722bc5b4ddb17058d44b165147677f0fcb0a622e398c67c63aa1ef,1024,False,parsed,W03-LONG-SENPAI-009,w05_senpai_long_source_from_w03,1.1.0,1.0,1.0,0,5228.153,0,meta-llama/Llama-3.1-8B-Instruct,0e9e39f249a16976918f6564b8830bc894c89659,Senpai,7286.395,False,complete,42,1.0,cross_encoder,2054.327,"[""PUB-SENPAI-20260812::PUB-SENPAI-20260812::section-001::child-005""]",W05::chunk-1024_topk-1_rerank-ce::W03-LONG-SENPAI-009,1,chunk-1024_topk-1_rerank-ce
0.8434805702307108,a5ebf15995c2a2dc46796c4f33866121f9fe595848d57092b07c494dbcbc3e9a,3119b02cb49af490609d22b55ea63207f90ee22784c2a260a9a48b079765adf9,1024,False,parsed,W03-LONG-SENPAI-010,w05_senpai_long_source_from_w03,1.1.0,0.0,0.25,0,8255.648,0,meta-llama/Llama-3.1-8B-Instruct,0e9e39f249a16976918f6564b8830bc894c89659,Senpai,10301.028,False,complete,42,1.0,cross_encoder,2041.943,"[""PUB-SENPAI-20260812::PUB-SENPAI-20260812::section-001::child-005""]",W05::chunk-1024_topk-1_rerank-ce::W03-LONG-SENPAI-010,1,chunk-1024_topk-1_rerank-ce
0.7340761007151325,8fe48c68289a434a968ae0fac2c99ece8f85132e0063b68691a92abb234258a2,62e896eff3f4bda00e5cf7140c79223cad6e0b851cb44debdba78eeb23aea4b7,1024,False,parsed,W03-LONG-SENPAI-011,w05_senpai_long_source_from_w03,1.1.0,0.0,0.1,0,9726.188,0,meta-llama/Llama-3.1-8B-Instruct,0e9e39f249a16976918f6564b8830bc894c89659,Senpai,11763.779,False,complete,42,1.0,cross_encoder,2033.34,"[""PUB-HUMANOID-20260812::PUB-HUMANOID-20260812::section-001::child-006""]",W05::chunk-1024_topk-1_rerank-ce::W03-LONG-SENPAI-011,1,chunk-1024_topk-1_rerank-ce
0.6964716884716705,50f53d36b15706ac54742459a78e7516935946c6b60d2f90b3dfe7355f5cebf5,4f77d77dfe17a26585474ee0b7d52699179315f8cfa7341c7342a24e4cc790a3,1024,False,parsed,W03-LONG-SENPAI-012,w05_senpai_long_source_from_w03,1.1.0,0.75,0.8,0,10177.492,0,meta-llama/Llama-3.1-8B-Instruct,0e9e39f249a16976918f6564b8830bc894c89659,Senpai,12251.261,False,complete,42,1.0,cross_encoder,2069.274,"[""PUB-SENPAI-20260812::PUB-SENPAI-20260812::section-001::child-008""]",W05::chunk-1024_topk-1_rerank-ce::W03-LONG-SENPAI-012,1,chunk-1024_topk-1_rerank-ce
0.0,66ed10027540c8fff27339f0673a3d57a06e40d611a00d19bb5fcb00ed6440cd,6c6a2fefeccc669a6b452d0962257b4b8630f9c94d8fc54a37b0b8165e1d63a8,1024,False,parsed,W03-LONG-SENPAI-013,w05_senpai_long_source_from_w03,1.1.0,1.0,1.0,0,8375.03,0,meta-llama/Llama-3.1-8B-Instruct,0e9e39f249a16976918f6564b8830bc894c89659,Senpai,10501.209,False,complete,42,1.0,cross_encoder,2122.302,"[""PUB-SENPAI-20260812::PUB-SENPAI-20260812::section-001::child-008""]",W05::chunk-1024_topk-1_rerank-ce::W03-LONG-SENPAI-013,1,chunk-1024_topk-1_rerank-ce
0.9292023979440721,dc727717ba085e3c6441d80d95c1381369e1fc4f58fc99d29d4a3a37c8713f9c,3b2dde6125edd71512dce77e2cd3f818dbe42269f679140ddad96ca7f7d50ed6,1024,False,parsed,W03-LONG-SENPAI-014,w05_senpai_long_source_from_w03,1.1.0,1.0,1.0,0,3123.495,0,meta-llama/Llama-3.1-8B-Instruct,0e9e39f249a16976918f6564b8830bc894c89659,Senpai,5137.976,False,complete,42,1.0,cross_encoder,2010.496,"[""PUB-SENPAI-20260812::PUB-SENPAI-20260812::section-001::child-009""]",W05::chunk-1024_topk-1_rerank-ce::W03-LONG-SENPAI-014,1,chunk-1024_topk-1_rerank-ce
0.646468868115251,53ae358546f964a7476ce5fcbc8efa37e8b2e4e40e1c624dd3b713573c86b0b1,f8ac067dda6e3708378e1a173b319cbaf40b2081c02d08e5ae15526ff013a03d,1024,False,parsed,W03-LONG-SENPAI-015,w05_senpai_long_source_from_w03,1.1.0,1.0,1.0,0,6061.274,0,meta-llama/Llama-3.1-8B-Instruct,0e9e39f249a16976918f6564b8830bc894c89659,Senpai,8137.683,False,complete,42,1.0,cross_encoder,2073.135,"[""PUB-SENPAI-20260812::PUB-SENPAI-20260812::section-001::child-009""]",W05::chunk-1024_topk-1_rerank-ce::W03-LONG-SENPAI-015,1,chunk-1024_topk-1_rerank-ce
0.7838899918344184,30d6391253d537db9a3a467524637745223dd78ed2f60c0dbcfde763410053ca,87c3f1d5debb8ae280ff18e3b98e844837f421a9a8d9eae8c5af6fc3ba0d11b9,1024,False,parsed,W03-LONG-SENPAI-016,w05_senpai_long_source_from_w03,1.1.0,1.0,1.0,0,4129.31,0,meta-llama/Llama-3.1-8B-Instruct,0e9e39f249a16976918f6564b8830bc894c89659,Senpai,6135.348,False,complete,42,1.0,cross_encoder,2002.145,"[""PUB-SENPAI-20260812::PUB-SENPAI-20260812::section-001::child-009""]",W05::chunk-1024_topk-1_rerank-ce::W03-LONG-SENPAI-016,1,chunk-1024_topk-1_rerank-ce
0.6931323946551262,7b49ed95a23ab4e5cdc5b5aabd6477cce35dafba828f87170c2af2cbab73063e,d637861b6ef344495b42bd8ea68abf5dc619a96034a975dd8de73e3b51efa049,1024,False,parsed,W03-LONG-SENPAI-017,w05_senpai_long_source_from_w03,1.1.0,0.0,1.0,0,6939.445,0,meta-llama/Llama-3.1-8B-Instruct,0e9e39f249a16976918f6564b8830bc894c89659,Senpai,9085.757,False,complete,42,1.0,cross_encoder,2140.994,"[""PUB-SENPAI-20260812::PUB-SENPAI-20260812::section-001::child-009""]",W05::chunk-1024_topk-1_rerank-ce::W03-LONG-SENPAI-017,1,chunk-1024_topk-1_rerank-ce
0.0,790c2585181617dd7a135f287f7b14e4f5fe38031c640f13eb31a6cd2d869a5d,538483e6a8c98ccea6cecd21cb977e5148e908a58a63170fc7f5031d024b7835,1024,False,parsed,W03-LONG-SENPAI-018,w05_senpai_long_source_from_w03,1.1.0,0.0,0.6,0,7347.989,0,meta-llama/Llama-3.1-8B-Instruct,0e9e39f249a16976918f6564b8830bc894c89659,Senpai,9418.511,False,complete,42,0.5,cross_encoder,2067.059,"[""PUB-SENPAI-20260812::PUB-SENPAI-20260812::section-001::child-001""]",W05::chunk-1024_topk-1_rerank-ce::W03-LONG-SENPAI-018,1,chunk-1024_topk-1_rerank-ce
0.7628256935678888,535a6a16ef75ce16007be761ec78ad7b73d0f216bbc52c5adacfea335b1381a0,cc519b9393b0bf89f6f3d1f34e54fec02f6a10d9df0b67a606e73c388c0ae735,1024,False,parsed,W03-LONG-SENPAI-019,w05_senpai_long_source_from_w03,1.1.0,0.5,0.5714285714285714,0,12114.058,0,meta-llama/Llama-3.1-8B-Instruct,0e9e39f249a16976918f6564b8830bc894c89659,Senpai,14137.631,False,complete,42,1.0,cross_encoder,2019.432,"[""PUB-SENPAI-20260812::PUB-SENPAI-20260812::section-001::child-004""]",W05::chunk-1024_topk-1_rerank-ce::W03-LONG-SENPAI-019,1,chunk-1024_topk-1_rerank-ce
0.0,13fe9e48718bdccee173904a7fa6f4657b6741a8491c053d5ec98e7f0d2a93ee,8854a8bf9c881fecce32403fc9611764d53f4d8ba6cf9960fad0221baa9ae339,1024,False,parsed,W03-LONG-SENPAI-020,w05_senpai_long_source_from_w03,1.1.0,0.0,,0,4189.55,0,meta-llama/Llama-3.1-8B-Instruct,0e9e39f249a16976918f6564b8830bc894c89659,Senpai,6271.021,False,metric_failure_retained,42,0.0,cross_encoder,2078.208,"[""PUB-SENPAI-20260812::PUB-SENPAI-20260812::section-001::child-001""]",W05::chunk-1024_topk-1_rerank-ce::W03-LONG-SENPAI-020,1,chunk-1024_topk-1_rerank-ce
0.0,10870249434f86921383d0e4cc29f2c7e039bdfe6fa09554323f7600532bac51,a0bc5280e59ab4fa6e486a82f8c686a2ae19d5bce6a894e84825a20369aed7f6,1024,True,parsed,W03-LONG-SENPAI-001,w05_senpai_long_source_from_w03,1.1.0,0.5,0.75,0,2920.321,0,meta-llama/Llama-3.1-8B-Instruct,0e9e39f249a16976918f6564b8830bc894c89659,Senpai,3067.231,True,complete,42,1.0,none,139.132,"[""PUB-SENPAI-20260812::PUB-SENPAI-20260812::section-001::child-001""]",W05::chunk-1024_topk-1_rerank-none::W03-LONG-SENPAI-001,1,chunk-1024_topk-1_rerank-none
0.0,b56d847cc88f6e986765df92f36933f2149d4d01924c7598fe2ca73de13affc6,90ac81124066e93395eaead4df9858124b7b2293803cd79f4934e8c3758090cc,1024,False,parsed,W03-LONG-SENPAI-002,w05_senpai_long_source_from_w03,1.1.0,0.0,,0,9542.018,0,meta-llama/Llama-3.1-8B-Instruct,0e9e39f249a16976918f6564b8830bc894c89659,Senpai,9636.307,False,metric_failure_retained,42,0.5,none,87.678,"[""PUB-SENPAI-20260812::PUB-SENPAI-20260812::section-001::child-009""]",W05::chunk-1024_topk-1_rerank-none::W03-LONG-SENPAI-002,1,chunk-1024_topk-1_rerank-none
0.0,6f71acc52b0b9cb389672cbf39fed238f58e8a31c56906d6693a5b30c7614b18,93a7addfa9631ab6713840d3d7935a1f0b528d185fa3cb0b9fa48a164c39751a,1024,False,parsed,W03-LONG-SENPAI-003,w05_senpai_long_source_from_w03,1.1.0,0.0,0.0,0,2290.867,0,meta-llama/Llama-3.1-8B-Instruct,0e9e39f249a16976918f6564b8830bc894c89659,Senpai,2404.114,False,complete,42,0.0,none,105.967,"[""PUB-SENPAI-20260812::PUB-SENPAI-20260812::section-001::child-009""]",W05::chunk-1024_topk-1_rerank-none::W03-LONG-SENPAI-003,1,chunk-1024_topk-1_rerank-none
0.0,e53028247525c6f99377246b5f77502a59440870b71f975512d2eb2c478db722,7fab135f5f4b6fd6064dbe1710e0004d081387d2fbf3b70b27f4db08a76fd41b,1024,False,parsed,W03-LONG-SENPAI-004,w05_senpai_long_source_from_w03,1.1.0,0.0,0.6666666666666666,0,9782.885,0,meta-llama/Llama-3.1-8B-Instruct,0e9e39f249a16976918f6564b8830bc894c89659,Senpai,9875.592,False,complete,42,0.5,none,85.624,"[""PUB-SENPAI-20260812::PUB-SENPAI-20260812::section-001::child-009""]",W05::chunk-1024_topk-1_rerank-none::W03-LONG-SENPAI-004,1,chunk-1024_topk-1_rerank-none
0.8229990703934896,d4e7cee765eed385be06366839dd0e72d177c75acb78de4ac8278973cfad4fc5,bc7c2811282b4ace2b4b78affa57b6c73cc5500742f78d1807a5c507a190255e,1024,True,parsed,W03-LONG-SENPAI-005,w05_senpai_long_source_from_w03,1.1.0,1.0,1.0,0,7734.537,0,meta-llama/Llama-3.1-8B-Instruct,0e9e39f249a16976918f6564b8830bc894c89659,Senpai,7821.548,True,complete,42,1.0,none,79.894,"[""PUB-SENPAI-20260812::PUB-SENPAI-20260812::section-001::child-003""]",W05::chunk-1024_topk-1_rerank-none::W03-LONG-SENPAI-005,1,chunk-1024_topk-1_rerank-none
0.40775313518066253,cddf4fde0fb62028308b6e86b06570db3724ee5fc672a36c24079c0aff3d91ba,48eb71e691cb1cc5da237048f70d74cbda8ac87b7d20be7eb67d78559996ee32,1024,True,parsed,W03-LONG-SENPAI-006,w05_senpai_long_source_from_w03,1.1.0,1.0,0.8,0,8778.303,0,meta-llama/Llama-3.1-8B-Instruct,0e9e39f249a16976918f6564b8830bc894c89659,Senpai,8939.841,True,complete,42,1.0,none,151.571,"[""PUB-SENPAI-20260812::PUB-SENPAI-20260812::section-001::child-004""]",W05::chunk-1024_topk-1_rerank-none::W03-LONG-SENPAI-006,1,chunk-1024_topk-1_rerank-none
0.0,a5e548f23ef5c2ada7029789e245db92972a2d295a793f9e6ed66203114d17af,d903ee8af008ecfcad2e3d8a45f7dd6438642046bb884e76485bec4c7d3341ed,1024,False,parsed,W03-LONG-SENPAI-007,w05_senpai_long_source_from_w03,1.1.0,0.0,,0,10775.843,0,meta-llama/Llama-3.1-8B-Instruct,0e9e39f249a16976918f6564b8830bc894c89659,Senpai,10875.807,False,metric_failure_retained,42,0.5,none,91.596,"[""PUB-ORIGAMI-20260812::PUB-ORIGAMI-20260812::section-001::child-007""]",W05::chunk-1024_topk-1_rerank-none::W03-LONG-SENPAI-007,1,chunk-1024_topk-1_rerank-none
0.0,48895891d434422b2179d3017db8b2613c5ffc4e58caec1d87fcfc52f32cc87c,065164ef16ea6880599928197e16c1f2e087621ca8aed7c04a91937ccdb12bd4,1024,False,parsed,W03-LONG-SENPAI-008,w05_senpai_long_source_from_w03,1.1.0,0.0,0.75,0,5345.335,0,meta-llama/Llama-3.1-8B-Instruct,0e9e39f249a16976918f6564b8830bc894c89659,Senpai,5509.167,False,complete,42,1.0,none,152.332,"[""PUB-SENPAI-20260812::PUB-SENPAI-20260812::section-001::child-001""]",W05::chunk-1024_topk-1_rerank-none::W03-LONG-SENPAI-008,1,chunk-1024_topk-1_rerank-none
0.0,7f6e91201612e3b0667fd4bcff01b4830134482a0a028820f4fc9e690d7e6be0,63b6cdf5c6857b4218590531a7a43fe65ce12e5628ae62faacda0cd95192ab16,1024,False,parsed,W03-LONG-SENPAI-009,w05_senpai_long_source_from_w03,1.1.0,0.0,0.6666666666666666,0,6020.485,0,meta-llama/Llama-3.1-8B-Instruct,0e9e39f249a16976918f6564b8830bc894c89659,Senpai,6141.7,False,complete,42,0.5,none,113.037,"[""PUB-SENPAI-20260812::PUB-SENPAI-20260812::section-001::child-001""]",W05::chunk-1024_topk-1_rerank-none::W03-LONG-SENPAI-009,1,chunk-1024_topk-1_rerank-none
0.7262663237914689,03e8e6ea6654162097c1a91377e1fce16592334fed1fb2e9bca921108652bcf2,67c6931ee1726cff19a8efa26d6f6bd8c12d353fb97abc3054addb6ac36b497c,1024,False,parsed,W03-LONG-SENPAI-010,w05_senpai_long_source_from_w03,1.1.0,0.0,,0,17416.666,0,meta-llama/Llama-3.1-8B-Instruct,0e9e39f249a16976918f6564b8830bc894c89659,Senpai,17523.317,False,metric_failure_retained,42,0.5,none,99.167,"[""PUB-SENPAI-20260812::PUB-SENPAI-20260812::section-001::child-004""]",W05::chunk-1024_topk-1_rerank-none::W03-LONG-SENPAI-010,1,chunk-1024_topk-1_rerank-none
0.6858126748684144,ff4c9e1ffcb79af593b355ca394cc094ae8aa6ea70bea038bdd8fb386f03534d,c5a18df61b3d768e0320e0935f5ca1b606d5ed01bc6ec2f3cb3812f442540a29,1024,False,parsed,W03-LONG-SENPAI-011,w05_senpai_long_source_from_w03,1.1.0,0.0,0.7,0,15514.351,0,meta-llama/Llama-3.1-8B-Instruct,0e9e39f249a16976918f6564b8830bc894c89659,Senpai,15633.604,False,complete,42,1.0,none,109.221,"[""PUB-ORIGAMI-20260812::PUB-ORIGAMI-20260812::section-001::child-003""]",W05::chunk-1024_topk-1_rerank-none::W03-LONG-SENPAI-011,1,chunk-1024_topk-1_rerank-none
0.6964716884716705,50f53d36b15706ac54742459a78e7516935946c6b60d2f90b3dfe7355f5cebf5,4f77d77dfe17a26585474ee0b7d52699179315f8cfa7341c7342a24e4cc790a3,1024,True,parsed,W03-LONG-SENPAI-012,w05_senpai_long_source_from_w03,1.1.0,0.75,0.8,0,10237.516,0,meta-llama/Llama-3.1-8B-Instruct,0e9e39f249a16976918f6564b8830bc894c89659,Senpai,10350.744,True,complete,42,1.0,none,104.783,"[""PUB-SENPAI-20260812::PUB-SENPAI-20260812::section-001::child-008""]",W05::chunk-1024_topk-1_rerank-none::W03-LONG-SENPAI-012,1,chunk-1024_topk-1_rerank-none
0.644916268912248,7532f5de64a192f54aa6944635ec412fdc702ff951e859f7949536960da10e3c,35cf0fa1b96808ae934f74dde4123bca99b3a1be686c7195a9548191eb5b817c,1024,False,parsed,W03-LONG-SENPAI-013,w05_senpai_long_source_from_w03,1.1.0,0.0,0.6,0,8340.905,0,meta-llama/Llama-3.1-8B-Instruct,0e9e39f249a16976918f6564b8830bc894c89659,Senpai,8453.969,False,complete,42,0.5,none,105.65,"[""PUB-SENPAI-20260812::PUB-SENPAI-20260812::section-001::child-004""]",W05::chunk-1024_topk-1_rerank-none::W03-LONG-SENPAI-013,1,chunk-1024_topk-1_rerank-none
0.9292023979440721,dc727717ba085e3c6441d80d95c1381369e1fc4f58fc99d29d4a3a37c8713f9c,3b2dde6125edd71512dce77e2cd3f818dbe42269f679140ddad96ca7f7d50ed6,1024,True,parsed,W03-LONG-SENPAI-014,w05_senpai_long_source_from_w03,1.1.0,1.0,1.0,0,3122.037,0,meta-llama/Llama-3.1-8B-Instruct,0e9e39f249a16976918f6564b8830bc894c89659,Senpai,3239.069,True,complete,42,1.0,none,109.894,"[""PUB-SENPAI-20260812::PUB-SENPAI-20260812::section-001::child-009""]",W05::chunk-1024_topk-1_rerank-none::W03-LONG-SENPAI-014,1,chunk-1024_topk-1_rerank-none
0.0,98d39050ec7658f2e9761a3922d1e4b128eecc37883a8b264b07be7af1fd38e4,ef3568d4dfd3cedd09d6637c103ad1426ac35004718b500ba40ac3ad5cadd13d,1024,False,parsed,W03-LONG-SENPAI-015,w05_senpai_long_source_from_w03,1.1.0,0.0,0.5,0,7431.82,0,meta-llama/Llama-3.1-8B-Instruct,0e9e39f249a16976918f6564b8830bc894c89659,Senpai,7519.426,False,complete,42,0.5,none,81.114,"[""PUB-ORIGAMI-20260812::PUB-ORIGAMI-20260812::section-001::child-004""]",W05::chunk-1024_topk-1_rerank-none::W03-LONG-SENPAI-015,1,chunk-1024_topk-1_rerank-none
0.7838899918344184,30d6391253d537db9a3a467524637745223dd78ed2f60c0dbcfde763410053ca,87c3f1d5debb8ae280ff18e3b98e844837f421a9a8d9eae8c5af6fc3ba0d11b9,1024,True,parsed,W03-LONG-SENPAI-016,w05_senpai_long_source_from_w03,1.1.0,1.0,1.0,0,4109.353,0,meta-llama/Llama-3.1-8B-Instruct,0e9e39f249a16976918f6564b8830bc894c89659,Senpai,4222.255,True,complete,42,1.0,none,102.85,"[""PUB-SENPAI-20260812::PUB-SENPAI-20260812::section-001::child-009""]",W05::chunk-1024_topk-1_rerank-none::W03-LONG-SENPAI-016,1,chunk-1024_topk-1_rerank-none
0.6931323946551262,7b49ed95a23ab4e5cdc5b5aabd6477cce35dafba828f87170c2af2cbab73063e,d637861b6ef344495b42bd8ea68abf5dc619a96034a975dd8de73e3b51efa049,1024,True,parsed,W03-LONG-SENPAI-017,w05_senpai_long_source_from_w03,1.1.0,0.0,1.0,0,6933.789,0,meta-llama/Llama-3.1-8B-Instruct,0e9e39f249a16976918f6564b8830bc894c89659,Senpai,7028.874,True,complete,42,1.0,none,85.514,"[""PUB-SENPAI-20260812::PUB-SENPAI-20260812::section-001::child-009""]",W05::chunk-1024_topk-1_rerank-none::W03-LONG-SENPAI-017,1,chunk-1024_topk-1_rerank-none
0.0,790c2585181617dd7a135f287f7b14e4f5fe38031c640f13eb31a6cd2d869a5d,538483e6a8c98ccea6cecd21cb977e5148e908a58a63170fc7f5031d024b7835,1024,True,parsed,W03-LONG-SENPAI-018,w05_senpai_long_source_from_w03,1.1.0,0.0,0.6,0,7382.512,0,meta-llama/Llama-3.1-8B-Instruct,0e9e39f249a16976918f6564b8830bc894c89659,Senpai,7501.073,True,complete,42,0.5,none,110.437,"[""PUB-SENPAI-20260812::PUB-SENPAI-20260812::section-001::child-001""]",W05::chunk-1024_topk-1_rerank-none::W03-LONG-SENPAI-018,1,chunk-1024_topk-1_rerank-none
0.7628256935678888,535a6a16ef75ce16007be761ec78ad7b73d0f216bbc52c5adacfea335b1381a0,cc519b9393b0bf89f6f3d1f34e54fec02f6a10d9df0b67a606e73c388c0ae735,1024,True,parsed,W03-LONG-SENPAI-019,w05_senpai_long_source_from_w03,1.1.0,0.5,0.5714285714285714,0,12078.231,0,meta-llama/Llama-3.1-8B-Instruct,0e9e39f249a16976918f6564b8830bc894c89659,Senpai,12173.824,True,complete,42,1.0,none,87.791,"[""PUB-SENPAI-20260812::PUB-SENPAI-20260812::section-001::child-004""]",W05::chunk-1024_topk-1_rerank-none::W03-LONG-SENPAI-019,1,chunk-1024_topk-1_rerank-none
0.0,13fe9e48718bdccee173904a7fa6f4657b6741a8491c053d5ec98e7f0d2a93ee,8854a8bf9c881fecce32403fc9611764d53f4d8ba6cf9960fad0221baa9ae339,1024,True,parsed,W03-LONG-SENPAI-020,w05_senpai_long_source_from_w03,1.1.0,0.0,,0,4195.622,0,meta-llama/Llama-3.1-8B-Instruct,0e9e39f249a16976918f6564b8830bc894c89659,Senpai,4315.054,True,metric_failure_retained,42,0.0,none,110.893,"[""PUB-SENPAI-20260812::PUB-SENPAI-20260812::section-001::child-001""]",W05::chunk-1024_topk-1_rerank-none::W03-LONG-SENPAI-020,1,chunk-1024_topk-1_rerank-none
0.933490698720301,e316d294b70dc8600ca89c1fbab6d1c67700816c1206f33ca8f2ea1128d27761,2537325a52db7d6f09dcb601bbeae53c22f7e95b15d8b8ebaaa086e92df55ccd,256,False,parsed,W03-LONG-SENPAI-001,w05_senpai_long_source_from_w03,1.1.0,1.0,1.0,0,7605.588,0,meta-llama/Llama-3.1-8B-Instruct,0e9e39f249a16976918f6564b8830bc894c89659,Senpai,7727.303,False,complete,42,1.0,none,110.118,"[""PUB-SENPAI-20260812::PUB-SENPAI-20260812::section-001::child-020"", ""PUB-SENPAI-20260812::PUB-SENPAI-20260812::section-001::child-001"", ""PUB-SENPAI-20260812::PUB-SENPAI-20260812::section-001::child-021"", ""PUB-ORIGAMI-20260812::PUB-ORIGAMI-20260812::section-001::child-039"", ""PUB-SENPAI-20260812::PUB-SENPAI-20260812::section-001::child-043""]",W05::chunk-256_topk-5_rerank-none::W03-LONG-SENPAI-001,5,chunk-256_topk-5_rerank-none
0.9391647259719104,2c56c2631b6dc65a4b048ee4bcdf489d48a8fc995079399edff962addf50f386,b8a57ce5a7b98453f390dbcc45bc6e6c0a79b16babf7d7be04f790655d76c7bc,256,False,parsed,W03-LONG-SENPAI-002,w05_senpai_long_source_from_w03,1.1.0,1.0,1.0,0,3621.828,0,meta-llama/Llama-3.1-8B-Instruct,0e9e39f249a16976918f6564b8830bc894c89659,Senpai,3742.495,False,complete,42,1.0,none,110.174,"[""PUB-SENPAI-20260812::PUB-SENPAI-20260812::section-001::child-008"", ""PUB-SENPAI-20260812::PUB-SENPAI-20260812::section-001::child-012"", ""PUB-SENPAI-20260812::PUB-SENPAI-20260812::section-001::child-040"", ""PUB-ORIGAMI-20260812::PUB-ORIGAMI-20260812::section-001::child-031"", ""PUB-SENPAI-20260812::PUB-SENPAI-20260812::section-001::child-010""]",W05::chunk-256_topk-5_rerank-none::W03-LONG-SENPAI-002,5,chunk-256_topk-5_rerank-none
0.95618137701299,9a331ff45be8de393c7a0b09ab65f2794931157f5f27882c5ad92768d30e64c5,4cbac4b0142c4f414672eacfeb03f0489681244b83ff9165e0dfe4f10225cf8d,256,False,parsed,W03-LONG-SENPAI-003,w05_senpai_long_source_from_w03,1.1.0,1.0,1.0,0,15070.945,0,meta-llama/Llama-3.1-8B-Instruct,0e9e39f249a16976918f6564b8830bc894c89659,Senpai,15167.41,False,complete,42,1.0,none,87.021,"[""PUB-SENPAI-20260812::PUB-SENPAI-20260812::section-001::child-009"", ""PUB-SENPAI-20260812::PUB-SENPAI-20260812::section-001::child-043"", ""PUB-SENPAI-20260812::PUB-SENPAI-20260812::section-001::child-039"", ""PUB-ORIGAMI-20260812::PUB-ORIGAMI-20260812::section-001::child-015"", ""PUB-SENPAI-20260812::PUB-SENPAI-20260812::section-001::child-042""]",W05::chunk-256_topk-5_rerank-none::W03-LONG-SENPAI-003,5,chunk-256_topk-5_rerank-none
0.7239803468865756,f8b2261aad1bb236e0fb6fd41cf13b6b10b34eb6780c8feb1909f2fd34fcda71,acb7d895bb02f28e746599ff7bfcd254b277d3539d1ee5959f0c76f730971c1d,256,False,parsed,W03-LONG-SENPAI-004,w05_senpai_long_source_from_w03,1.1.0,0.5,1.0,0,17694.648,0,meta-llama/Llama-3.1-8B-Instruct,0e9e39f249a16976918f6564b8830bc894c89659,Senpai,17813.312,False,complete,42,1.0,none,106.455,"[""PUB-SENPAI-20260812::PUB-SENPAI-20260812::section-001::child-043"", ""PUB-SENPAI-20260812::PUB-SENPAI-20260812::section-001::child-040"", ""PUB-SENPAI-20260812::PUB-SENPAI-20260812::section-001::child-010"", ""PUB-SENPAI-20260812::PUB-SENPAI-20260812::section-001::child-011"", ""PUB-ORIGAMI-20260812::PUB-ORIGAMI-20260812::section-001::child-031""]",W05::chunk-256_topk-5_rerank-none::W03-LONG-SENPAI-004,5,chunk-256_topk-5_rerank-none
0.8214802809014824,d476b20d2ce6d2d07d062abd8408171c8f24193f232b365cc16ae5a02bd65801,20964ebd8ba31c1443076de946b0e8548a82f1346961039a6a3db2ddfcdc1091,256,False,parsed,W03-LONG-SENPAI-005,w05_senpai_long_source_from_w03,1.1.0,1.0,1.0,0,10013.291,0,meta-llama/Llama-3.1-8B-Instruct,0e9e39f249a16976918f6564b8830bc894c89659,Senpai,10125.326,False,complete,42,1.0,none,99.526,"[""PUB-SENPAI-20260812::PUB-SENPAI-20260812::section-001::child-012"", ""PUB-SENPAI-20260812::PUB-SENPAI-20260812::section-001::child-013"", ""PUB-SENPAI-20260812::PUB-SENPAI-20260812::section-001::child-042"", ""PUB-SENPAI-20260812::PUB-SENPAI-20260812::section-001::child-003"", ""PUB-SENPAI-20260812::PUB-SENPAI-20260812::section-001::child-011""]",W05::chunk-256_topk-5_rerank-none::W03-LONG-SENPAI-005,5,chunk-256_topk-5_rerank-none
0.7181049199399091,1ee31bb09ecaee274e60bbd48b07dc27c9ccd41eadd894aa5162fb13df11a3fd,7e89c45e6b846422e55c7e62ddcfd5ac4adb1920c49770634d70a40136caf60e,256,False,parsed,W03-LONG-SENPAI-006,w05_senpai_long_source_from_w03,1.1.0,1.0,1.0,0,5281.638,0,meta-llama/Llama-3.1-8B-Instruct,0e9e39f249a16976918f6564b8830bc894c89659,Senpai,5404.235,False,complete,42,1.0,none,112.002,"[""PUB-ORIGAMI-20260812::PUB-ORIGAMI-20260812::section-001::child-031"", ""PUB-SENPAI-20260812::PUB-SENPAI-20260812::section-001::child-022"", ""PUB-SENPAI-20260812::PUB-SENPAI-20260812::section-001::child-013"", ""PUB-SENPAI-20260812::PUB-SENPAI-20260812::section-001::child-016"", ""PUB-SENPAI-20260812::PUB-SENPAI-20260812::section-001::child-031""]",W05::chunk-256_topk-5_rerank-none::W03-LONG-SENPAI-006,5,chunk-256_topk-5_rerank-none
0.6214160884923647,32619042dd327f385f29507a97c257b3e371890fcb4efe4020840207b8617784,0fab3c0ab6d634373dad45d8a714c4918d155321ef848a10a2e99b456e640393,256,False,parsed,W03-LONG-SENPAI-007,w05_senpai_long_source_from_w03,1.1.0,1.0,1.0,0,4029.176,0,meta-llama/Llama-3.1-8B-Instruct,0e9e39f249a16976918f6564b8830bc894c89659,Senpai,4161.758,False,complete,42,1.0,none,118.481,"[""PUB-SENPAI-20260812::PUB-SENPAI-20260812::section-001::child-017"", ""PUB-SENPAI-20260812::PUB-SENPAI-20260812::section-001::child-022"", ""PUB-ORIGAMI-20260812::PUB-ORIGAMI-20260812::section-001::child-011"", ""PUB-SENPAI-20260812::PUB-SENPAI-20260812::section-001::child-042"", ""PUB-SENTINEL-20260812::PUB-SENTINEL-20260812::section-001::child-001""]",W05::chunk-256_topk-5_rerank-none::W03-LONG-SENPAI-007,5,chunk-256_topk-5_rerank-none
0.0,ffdcb2d6a6491a923e17ae7cf82f48d646254faa8cecad92566fb9ba251913fb,0b5496ef3f5fb37f4118532a501e3c99f1b7326c1af9b3ececf3fd9ee4f724ea,256,False,parsed,W03-LONG-SENPAI-008,w05_senpai_long_source_from_w03,1.1.0,1.0,0.75,0,7708.852,0,meta-llama/Llama-3.1-8B-Instruct,0e9e39f249a16976918f6564b8830bc894c89659,Senpai,7806.047,False,complete,42,1.0,none,87.952,"[""PUB-SENPAI-20260812::PUB-SENPAI-20260812::section-001::child-018"", ""PUB-SENPAI-20260812::PUB-SENPAI-20260812::section-001::child-020"", ""PUB-SENPAI-20260812::PUB-SENPAI-20260812::section-001::child-001"", ""PUB-ORIGAMI-20260812::PUB-ORIGAMI-20260812::section-001::child-015"", ""PUB-SENPAI-20260812::PUB-SENPAI-20260812::section-001::child-017""]",W05::chunk-256_topk-5_rerank-none::W03-LONG-SENPAI-008,5,chunk-256_topk-5_rerank-none
0.9485920147885615,e9105bc8b41becd44b7ad79d0e606dacbe2f8266cd35dfcc1f5622dfafccb0f3,6a2e9f92107f00fd7849bc169382e08a4b78c03a904fa128502a05df8adea1bc,256,False,parsed,W03-LONG-SENPAI-009,w05_senpai_long_source_from_w03,1.1.0,1.0,1.0,0,5391.881,0,meta-llama/Llama-3.1-8B-Instruct,0e9e39f249a16976918f6564b8830bc894c89659,Senpai,5555.615,False,complete,42,1.0,none,148.122,"[""PUB-SENPAI-20260812::PUB-SENPAI-20260812::section-001::child-021"", ""PUB-ORIGAMI-20260812::PUB-ORIGAMI-20260812::section-001::child-031"", ""PUB-SENPAI-20260812::PUB-SENPAI-20260812::section-001::child-003"", ""PUB-SENPAI-20260812::PUB-SENPAI-20260812::section-001::child-004"", ""PUB-SENPAI-20260812::PUB-SENPAI-20260812::section-001::child-020""]",W05::chunk-256_topk-5_rerank-none::W03-LONG-SENPAI-009,5,chunk-256_topk-5_rerank-none
0.759590288442504,558c966ccc0d0b7c4075f45619084371ce0f2098f18bd62cd070a3eabd717e9a,032dd2585a179b5fa2d6c47ae27f7ad8fb9977d81dbd06a0a75e2c1fed5410de,256,False,parsed,W03-LONG-SENPAI-010,w05_senpai_long_source_from_w03,1.1.0,0.0,1.0,0,6412.97,0,meta-llama/Llama-3.1-8B-Instruct,0e9e39f249a16976918f6564b8830bc894c89659,Senpai,6521.611,False,complete,42,1.0,none,94.652,"[""PUB-SENPAI-20260812::PUB-SENPAI-20260812::section-001::child-022"", ""PUB-ORIGAMI-20260812::PUB-ORIGAMI-20260812::section-001::child-031"", ""PUB-SENPAI-20260812::PUB-SENPAI-20260812::section-001::child-021"", ""PUB-SENPAI-20260812::PUB-SENPAI-20260812::section-001::child-001"", ""PUB-SENPAI-20260812::PUB-SENPAI-20260812::section-001::child-013""]",W05::chunk-256_topk-5_rerank-none::W03-LONG-SENPAI-010,5,chunk-256_topk-5_rerank-none
0.9346051777889159,464d6923b40fef71415da5baaee0139951aba8b4d731a64ec01b4651e79aa6de,45f4d04253f73812618077898f839426aa18bdfbadcc2a24fa6db2fa8310aee2,256,False,parsed,W03-LONG-SENPAI-011,w05_senpai_long_source_from_w03,1.1.0,1.0,1.0,0,7469.789,0,meta-llama/Llama-3.1-8B-Instruct,0e9e39f249a16976918f6564b8830bc894c89659,Senpai,7591.315,False,complete,42,1.0,none,104.888,"[""PUB-SENPAI-20260812::PUB-SENPAI-20260812::section-001::child-029"", ""PUB-SENPAI-20260812::PUB-SENPAI-20260812::section-001::child-030"", ""PUB-ORIGAMI-20260812::PUB-ORIGAMI-20260812::section-001::child-014"", ""PUB-SENPAI-20260812::PUB-SENPAI-20260812::section-001::child-017"", ""PUB-HUMANOID-20260812::PUB-HUMANOID-20260812::section-001::child-049""]",W05::chunk-256_topk-5_rerank-none::W03-LONG-SENPAI-011,5,chunk-256_topk-5_rerank-none
0.8836070593920461,f785956aeec273724900969ab313511d8893a872f77f0c58e1aca07393792d46,432665a9a44faa4714fdfe7cdf1891f0fe9d8a13caccd1c32909bbbce56a654f,256,False,parsed,W03-LONG-SENPAI-012,w05_senpai_long_source_from_w03,1.1.0,0.75,1.0,0,17748.736,0,meta-llama/Llama-3.1-8B-Instruct,0e9e39f249a16976918f6564b8830bc894c89659,Senpai,17862.103,False,complete,42,1.0,none,102.973,"[""PUB-SENPAI-20260812::PUB-SENPAI-20260812::section-001::child-037"", ""PUB-SENPAI-20260812::PUB-SENPAI-20260812::section-001::child-036"", ""PUB-SENPAI-20260812::PUB-SENPAI-20260812::section-001::child-033"", ""PUB-SENPAI-20260812::PUB-SENPAI-20260812::section-001::child-043"", ""PUB-SENPAI-20260812::PUB-SENPAI-20260812::section-001::child-020""]",W05::chunk-256_topk-5_rerank-none::W03-LONG-SENPAI-012,5,chunk-256_topk-5_rerank-none
0.0,28e2528dfcf965813367f48ca4c7ead892eb8b9961f584875ee46ae786e9c75e,a61f81683a816f301703c688a1c22be664f1018c2d0d18e714a5a48942f03792,256,False,parsed,W03-LONG-SENPAI-013,w05_senpai_long_source_from_w03,1.1.0,1.0,0.6666666666666666,0,9076.482,0,meta-llama/Llama-3.1-8B-Instruct,0e9e39f249a16976918f6564b8830bc894c89659,Senpai,9197.729,False,complete,42,1.0,none,109.066,"[""PUB-SENPAI-20260812::PUB-SENPAI-20260812::section-001::child-038"", ""PUB-SENPAI-20260812::PUB-SENPAI-20260812::section-001::child-020"", ""PUB-SENPAI-20260812::PUB-SENPAI-20260812::section-001::child-018"", ""PUB-ORIGAMI-20260812::PUB-ORIGAMI-20260812::section-001::child-031"", ""PUB-SENTINEL-20260812::PUB-SENTINEL-20260812::section-001::child-008""]",W05::chunk-256_topk-5_rerank-none::W03-LONG-SENPAI-013,5,chunk-256_topk-5_rerank-none
0.9058246706306554,5ae5765ee2303d9887eee6e9480a7bac3775d13926e5f36d266f04f4e41dba1f,f0c6a3a70c96df07749e7f9f9b1b350a99315857791d6801bad5e90ac745427d,256,False,parsed,W03-LONG-SENPAI-014,w05_senpai_long_source_from_w03,1.1.0,1.0,0.8,0,4397.704,0,meta-llama/Llama-3.1-8B-Instruct,0e9e39f249a16976918f6564b8830bc894c89659,Senpai,4534.701,False,complete,42,1.0,none,124.906,"[""PUB-SENPAI-20260812::PUB-SENPAI-20260812::section-001::child-039"", ""PUB-SENPAI-20260812::PUB-SENPAI-20260812::section-001::child-040"", ""PUB-SENPAI-20260812::PUB-SENPAI-20260812::section-001::child-043"", ""PUB-ORIGAMI-20260812::PUB-ORIGAMI-20260812::section-001::child-031"", ""PUB-SENPAI-20260812::PUB-SENPAI-20260812::section-001::child-003""]",W05::chunk-256_topk-5_rerank-none::W03-LONG-SENPAI-014,5,chunk-256_topk-5_rerank-none
0.0,46f5bb8ca15c0acd0022d97ba654ff12ba82261c3c0a63641dc81e45351edd6a,b316d34587c8eaf1bc382062134b4f2df7709425c68aa014351e7363767a9fc2,256,False,parsed,W03-LONG-SENPAI-015,w05_senpai_long_source_from_w03,1.1.0,1.0,1.0,0,9563.756,0,meta-llama/Llama-3.1-8B-Instruct,0e9e39f249a16976918f6564b8830bc894c89659,Senpai,9695.922,False,complete,42,0.5,none,119.475,"[""PUB-SENPAI-20260812::PUB-SENPAI-20260812::section-001::child-042"", ""PUB-SENPAI-20260812::PUB-SENPAI-20260812::section-001::child-009"", ""PUB-SENPAI-20260812::PUB-SENPAI-20260812::section-001::child-007"", ""PUB-ORIGAMI-20260812::PUB-ORIGAMI-20260812::section-001::child-015"", ""PUB-FUTURE-08-20210624::PUB-FUTURE-08-20210624::section-001::child-004""]",W05::chunk-256_topk-5_rerank-none::W03-LONG-SENPAI-015,5,chunk-256_topk-5_rerank-none
0.6779588564534779,47a78f4ce4534f27656910e127b009fdd8117adf494c18afcbd24af116022191,231d9f782367a0af9aa4c90f08d8b88f6a965c8abbd7a1391a99696a3e056379,256,False,parsed,W03-LONG-SENPAI-016,w05_senpai_long_source_from_w03,1.1.0,1.0,1.0,0,5129.774,0,meta-llama/Llama-3.1-8B-Instruct,0e9e39f249a16976918f6564b8830bc894c89659,Senpai,5246.048,False,complete,42,1.0,none,105.569,"[""PUB-SENPAI-20260812::PUB-SENPAI-20260812::section-001::child-043"", ""PUB-SENPAI-20260812::PUB-SENPAI-20260812::section-001::child-039"", ""PUB-SENPAI-20260812::PUB-SENPAI-20260812::section-001::child-009"", ""PUB-SENPAI-20260812::PUB-SENPAI-20260812::section-001::child-040"", ""PUB-SENPAI-20260812::PUB-SENPAI-20260812::section-001::child-010""]",W05::chunk-256_topk-5_rerank-none::W03-LONG-SENPAI-016,5,chunk-256_topk-5_rerank-none
0.8237484209864995,7cd5d1e3e6638079d7985da2cbe06f9a19bc1d000bf211f5eec109db681e680e,bfddecc111f2ddd02c680289a5d1f4068d7b38c1e4707aeb7ffb84d1976e32ed,256,False,parsed,W03-LONG-SENPAI-017,w05_senpai_long_source_from_w03,1.1.0,0.0,1.0,0,4466.141,0,meta-llama/Llama-3.1-8B-Instruct,0e9e39f249a16976918f6564b8830bc894c89659,Senpai,4621.575,False,complete,42,1.0,none,138.447,"[""PUB-SENPAI-20260812::PUB-SENPAI-20260812::section-001::child-039"", ""PUB-SENPAI-20260812::PUB-SENPAI-20260812::section-001::child-040"", ""PUB-SENPAI-20260812::PUB-SENPAI-20260812::section-001::child-043"", ""PUB-ORIGAMI-20260812::PUB-ORIGAMI-20260812::section-001::child-031"", ""PUB-SENPAI-20260812::PUB-SENPAI-20260812::section-001::child-004""]",W05::chunk-256_topk-5_rerank-none::W03-LONG-SENPAI-017,5,chunk-256_topk-5_rerank-none
0.8093543539242304,d05e90352b520d53d22a67fbe015326886d60b9d1e0da5ae2ae7198f97ad3bd0,1a2b61124fe2eecf4d6d290d957549ae4b9fdca85dd63498e2a7f7e832b8e355,256,False,parsed,W03-LONG-SENPAI-018,w05_senpai_long_source_from_w03,1.1.0,1.0,0.8888888888888888,0,6920.029,0,meta-llama/Llama-3.1-8B-Instruct,0e9e39f249a16976918f6564b8830bc894c89659,Senpai,7058.783,False,complete,42,1.0,none,125.747,"[""PUB-SENPAI-20260812::PUB-SENPAI-20260812::section-001::child-009"", ""PUB-SENPAI-20260812::PUB-SENPAI-20260812::section-001::child-001"", ""PUB-SENPAI-20260812::PUB-SENPAI-20260812::section-001::child-020"", ""PUB-SENPAI-20260812::PUB-SENPAI-20260812::section-001::child-043"", ""PUB-SENPAI-20260812::PUB-SENPAI-20260812::section-001::child-038""]",W05::chunk-256_topk-5_rerank-none::W03-LONG-SENPAI-018,5,chunk-256_topk-5_rerank-none
0.0,089895b785dab8936e540529c57e57efb771bd5f15257551f7e2d7e250609fdc,9f3c565e527478b4fda75fbe953187edbc04ef12a43920804c5340488ff60fe6,256,False,parsed,W03-LONG-SENPAI-019,w05_senpai_long_source_from_w03,1.1.0,0.5,0.3333333333333333,0,13886.875,0,meta-llama/Llama-3.1-8B-Instruct,0e9e39f249a16976918f6564b8830bc894c89659,Senpai,14003.284,False,complete,42,1.0,none,104.834,"[""PUB-SENPAI-20260812::PUB-SENPAI-20260812::section-001::child-017"", ""PUB-SENPAI-20260812::PUB-SENPAI-20260812::section-001::child-013"", ""PUB-SENPAI-20260812::PUB-SENPAI-20260812::section-001::child-022"", ""PUB-SENPAI-20260812::PUB-SENPAI-20260812::section-001::child-011"", ""PUB-SENPAI-20260812::PUB-SENPAI-20260812::section-001::child-003""]",W05::chunk-256_topk-5_rerank-none::W03-LONG-SENPAI-019,5,chunk-256_topk-5_rerank-none
0.0,b6acf913b4cb80d890a5c3b4a955ee8356a6fc21aeb308756ccbc501a9d44165,e8f0db3c74ecdd6705c13b6db34abf064480d434f6210c00d33a19fcaabb8c02,256,False,parsed,W03-LONG-SENPAI-020,w05_senpai_long_source_from_w03,1.1.0,1.0,0.0,0,3481.159,0,meta-llama/Llama-3.1-8B-Instruct,0e9e39f249a16976918f6564b8830bc894c89659,Senpai,3610.688,False,complete,42,0.5,none,117.361,"[""PUB-SENPAI-20260812::PUB-SENPAI-20260812::section-001::child-001"", ""PUB-SENPAI-20260812::PUB-SENPAI-20260812::section-001::child-018"", ""PUB-SENPAI-20260812::PUB-SENPAI-20260812::section-001::child-022"", ""PUB-SENPAI-20260812::PUB-SENPAI-20260812::section-001::child-020"", ""PUB-ORIGAMI-20260812::PUB-ORIGAMI-20260812::section-001::child-015""]",W05::chunk-256_topk-5_rerank-none::W03-LONG-SENPAI-020,5,chunk-256_topk-5_rerank-none
0.9118851709482971,08d0e4894ead640ca6c567cc5aaafb5b269f4cf4d9d11d9cd4e6d2a9427b243a,e70824d78ea6b2246a8376ae1becdddf9e84b6c668fc09b15579b831893a124d,512,False,parsed,W03-LONG-SENPAI-001,w05_senpai_long_source_from_w03,1.1.0,1.0,0.75,0,4441.793,0,meta-llama/Llama-3.1-8B-Instruct,0e9e39f249a16976918f6564b8830bc894c89659,Senpai,5392.915,False,complete,42,1.0,cross_encoder,944.141,"[""PUB-SENPAI-20260812::PUB-SENPAI-20260812::section-001::child-001"", ""PUB-SENPAI-20260812::PUB-SENPAI-20260812::section-001::child-010"", ""PUB-SENPAI-20260812::PUB-SENPAI-20260812::section-001::child-018""]",W05::chunk-512_topk-3_rerank-ce::W03-LONG-SENPAI-001,3,chunk-512_topk-3_rerank-ce
0.82402422069047,8d4f0e3e04562352747dacac90ca7ecad46e8f7be6bad1788fff584a09f95c32,11fff6dcc9691bf3371121554285d2901d39c1c4e4c6bc88c83734e085b9d883,512,False,parsed,W03-LONG-SENPAI-002,w05_senpai_long_source_from_w03,1.1.0,1.0,1.0,0,3292.271,0,meta-llama/Llama-3.1-8B-Instruct,0e9e39f249a16976918f6564b8830bc894c89659,Senpai,4269.969,False,complete,42,1.0,cross_encoder,971.09,"[""PUB-SENPAI-20260812::PUB-SENPAI-20260812::section-001::child-004"", ""PUB-SENPAI-20260812::PUB-SENPAI-20260812::section-001::child-006"", ""PUB-SENPAI-20260812::PUB-SENPAI-20260812::section-001::child-018""]",W05::chunk-512_topk-3_rerank-ce::W03-LONG-SENPAI-002,3,chunk-512_topk-3_rerank-ce
0.8306502978054485,8dfbfe402ab49d64337219e79fab98db83dc6ba6b88e80bef97436940a7c45cb,dc5ac32a6bec1064d7e5d3c1038c347b59e24a690d4d0cd3ee49f3411e9ee601,512,False,parsed,W03-LONG-SENPAI-003,w05_senpai_long_source_from_w03,1.1.0,1.0,1.0,0,7843.025,0,meta-llama/Llama-3.1-8B-Instruct,0e9e39f249a16976918f6564b8830bc894c89659,Senpai,8794.458,False,complete,42,1.0,cross_encoder,944.448,"[""PUB-SENPAI-20260812::PUB-SENPAI-20260812::section-001::child-005"", ""PUB-SENPAI-20260812::PUB-SENPAI-20260812::section-001::child-020"", ""PUB-SENPAI-20260812::PUB-SENPAI-20260812::section-001::child-018""]",W05::chunk-512_topk-3_rerank-ce::W03-LONG-SENPAI-003,3,chunk-512_topk-3_rerank-ce
0.8411851249011817,907258b68d0852263d51d9c635553c4458346ab168d6847ce2f6950429b8b677,4e0b4bbf8a8ce3c8a37efb12c808c3281d1cc8e229269bbc71318ab8348cfbd9,512,False,parsed,W03-LONG-SENPAI-004,w05_senpai_long_source_from_w03,1.1.0,0.5,0.8888888888888888,0,6566.653,0,meta-llama/Llama-3.1-8B-Instruct,0e9e39f249a16976918f6564b8830bc894c89659,Senpai,7531.963,False,complete,42,1.0,cross_encoder,958.978,"[""PUB-SENPAI-20260812::PUB-SENPAI-20260812::section-001::child-020"", ""PUB-SENPAI-20260812::PUB-SENPAI-20260812::section-001::child-017"", ""PUB-ORIGAMI-20260812::PUB-ORIGAMI-20260812::section-001::child-014""]",W05::chunk-512_topk-3_rerank-ce::W03-LONG-SENPAI-004,3,chunk-512_topk-3_rerank-ce
0.8660149247659182,d55f5b07ce786042a15152994e46ff9e4ec122e9c958821356e62cb9d3dad5d1,d32f34eb6c245356a52ce38892ece429ad6da5a51e69dab3eb0233de0901a190,512,False,parsed,W03-LONG-SENPAI-005,w05_senpai_long_source_from_w03,1.1.0,1.0,1.0,0,11301.733,0,meta-llama/Llama-3.1-8B-Instruct,0e9e39f249a16976918f6564b8830bc894c89659,Senpai,12256.713,False,complete,42,1.0,cross_encoder,947.888,"[""PUB-SENPAI-20260812::PUB-SENPAI-20260812::section-001::child-006"", ""PUB-SENPAI-20260812::PUB-SENPAI-20260812::section-001::child-007"", ""PUB-SENPAI-20260812::PUB-SENPAI-20260812::section-001::child-004""]",W05::chunk-512_topk-3_rerank-ce::W03-LONG-SENPAI-005,3,chunk-512_topk-3_rerank-ce
0.0,584ab668a1a77515b400b02d7a09557d7f53757a68fe29d178fdc08c4b3152fa,1dafe40fdc29dc7e06a134e97074f4a6978a6b7b11825701679e92d3d684eeb2,512,False,parsed,W03-LONG-SENPAI-006,w05_senpai_long_source_from_w03,1.1.0,0.5,0.2,0,17746.103,0,meta-llama/Llama-3.1-8B-Instruct,0e9e39f249a16976918f6564b8830bc894c89659,Senpai,18691.192,False,complete,42,0.25,cross_encoder,938.395,"[""PUB-SENPAI-20260812::PUB-SENPAI-20260812::section-001::child-007"", ""PUB-SENPAI-20260812::PUB-SENPAI-20260812::section-001::child-011"", ""PUB-ORIGAMI-20260812::PUB-ORIGAMI-20260812::section-001::child-012""]",W05::chunk-512_topk-3_rerank-ce::W03-LONG-SENPAI-006,3,chunk-512_topk-3_rerank-ce
0.6287439034020653,23598eade91a857b9c3efb7401b8849ed6153afbde9eb07f9496cdd5c72703bc,76ebb5549da88fe06a342a829acd8e512bec84c2fae1739406a66d8df46be874,512,False,parsed,W03-LONG-SENPAI-007,w05_senpai_long_source_from_w03,1.1.0,1.0,1.0,0,6908.848,0,meta-llama/Llama-3.1-8B-Instruct,0e9e39f249a16976918f6564b8830bc894c89659,Senpai,7824.709,False,complete,42,1.0,cross_encoder,909.878,"[""PUB-SENPAI-20260812::PUB-SENPAI-20260812::section-001::child-008"", ""PUB-ORIGAMI-20260812::PUB-ORIGAMI-20260812::section-001::child-005"", ""PUB-SENPAI-20260812::PUB-SENPAI-20260812::section-001::child-011""]",W05::chunk-512_topk-3_rerank-ce::W03-LONG-SENPAI-007,3,chunk-512_topk-3_rerank-ce
0.0,8d71944fe4200e29ad2faab4e822fe2a8f17c3e0cd54f74451d2a9f305f9a2da,da72e64f37e178a427d6d1dfa78876509c9804fc70455a77fb30e0bcef2c859a,512,False,parsed,W03-LONG-SENPAI-008,w05_senpai_long_source_from_w03,1.1.0,1.0,0.5,0,3792.51,0,meta-llama/Llama-3.1-8B-Instruct,0e9e39f249a16976918f6564b8830bc894c89659,Senpai,4695.682,False,complete,42,1.0,cross_encoder,897.393,"[""PUB-SENPAI-20260812::PUB-SENPAI-20260812::section-001::child-009"", ""PUB-SENPAI-20260812::PUB-SENPAI-20260812::section-001::child-001"", ""PUB-SENPAI-20260812::PUB-SENPAI-20260812::section-001::child-018""]",W05::chunk-512_topk-3_rerank-ce::W03-LONG-SENPAI-008,3,chunk-512_topk-3_rerank-ce
0.9561227884714091,dde6c21bf49f9f3c53225ac5882fb9d4d5e7a71eb4bcd8e7371879e807616e9a,e71f19ac5dc77138c5b241c7c03925371c510e38469b512d93b91d6c0e143ea7,512,False,parsed,W03-LONG-SENPAI-009,w05_senpai_long_source_from_w03,1.1.0,1.0,1.0,0,2832.513,0,meta-llama/Llama-3.1-8B-Instruct,0e9e39f249a16976918f6564b8830bc894c89659,Senpai,3748.286,False,complete,42,1.0,cross_encoder,908.922,"[""PUB-SENPAI-20260812::PUB-SENPAI-20260812::section-001::child-010"", ""PUB-ORIGAMI-20260812::PUB-ORIGAMI-20260812::section-001::child-014"", ""PUB-SENPAI-20260812::PUB-SENPAI-20260812::section-001::child-002""]",W05::chunk-512_topk-3_rerank-ce::W03-LONG-SENPAI-009,3,chunk-512_topk-3_rerank-ce
0.8359068506730031,e6870acea61cec9b43c18010a427bde9901ce267227c9b8625a98de17317fc7c,61c665e323199fd3c0f0e85ee4d048a4e644bd7e50aeeb1a666efddf811740b0,512,False,parsed,W03-LONG-SENPAI-010,w05_senpai_long_source_from_w03,1.1.0,0.333333,1.0,0,9627.378,0,meta-llama/Llama-3.1-8B-Instruct,0e9e39f249a16976918f6564b8830bc894c89659,Senpai,10589.496,False,complete,42,1.0,cross_encoder,954.039,"[""PUB-SENPAI-20260812::PUB-SENPAI-20260812::section-001::child-011"", ""PUB-ORIGAMI-20260812::PUB-ORIGAMI-20260812::section-001::child-014"", ""PUB-SENPAI-20260812::PUB-SENPAI-20260812::section-001::child-010""]",W05::chunk-512_topk-3_rerank-ce::W03-LONG-SENPAI-010,3,chunk-512_topk-3_rerank-ce
0.9226828143156806,10dd94adf4885e4a1fa4d6ff41410e068d08e67576ab084604c40797dc5f9ce8,e371afe8268b83faec0bfeb994782c9062975f9ff4e4696eb97367ee303eea4e,512,False,parsed,W03-LONG-SENPAI-011,w05_senpai_long_source_from_w03,1.1.0,1.0,1.0,0,8031.026,0,meta-llama/Llama-3.1-8B-Instruct,0e9e39f249a16976918f6564b8830bc894c89659,Senpai,8948.516,False,complete,42,1.0,cross_encoder,911.08,"[""PUB-SENPAI-20260812::PUB-SENPAI-20260812::section-001::child-014"", ""PUB-SENTINEL-20260812::PUB-SENTINEL-20260812::section-001::child-011"", ""PUB-SENPAI-20260812::PUB-SENPAI-20260812::section-001::child-015""]",W05::chunk-512_topk-3_rerank-ce::W03-LONG-SENPAI-011,3,chunk-512_topk-3_rerank-ce
0.8408934331652992,bfff1819bc716182bdb5acd7df4dd5957b76a327e1a7448834f34c8f5e5ee832,12e3ada7086cc4df191cc6e22ed9116900cd9fba5c88e92b106432cb2c66e117,512,False,parsed,W03-LONG-SENPAI-012,w05_senpai_long_source_from_w03,1.1.0,1.0,1.0,0,14102.659,0,meta-llama/Llama-3.1-8B-Instruct,0e9e39f249a16976918f6564b8830bc894c89659,Senpai,15075.75,False,complete,42,1.0,cross_encoder,966.711,"[""PUB-SENPAI-20260812::PUB-SENPAI-20260812::section-001::child-016"", ""PUB-SENPAI-20260812::PUB-SENPAI-20260812::section-001::child-017"", ""PUB-SENPAI-20260812::PUB-SENPAI-20260812::section-001::child-010""]",W05::chunk-512_topk-3_rerank-ce::W03-LONG-SENPAI-012,3,chunk-512_topk-3_rerank-ce
0.0,8957b60e5e5b7f0055b17b4ae8709a26a7d8dc4d39f46ceb5da705e1a04ae0c6,39d116c602c8bae767c52b7a713afb4a5c92fe5aa9fc9fd5f967f488facf5aca,512,False,parsed,W03-LONG-SENPAI-013,w05_senpai_long_source_from_w03,1.1.0,1.0,0.8,0,11860.939,0,meta-llama/Llama-3.1-8B-Instruct,0e9e39f249a16976918f6564b8830bc894c89659,Senpai,12840.693,False,complete,42,0.5,cross_encoder,973.614,"[""PUB-SENPAI-20260812::PUB-SENPAI-20260812::section-001::child-018"", ""PUB-SENTINEL-20260812::PUB-SENTINEL-20260812::section-001::child-004"", ""PUB-SENPAI-20260812::PUB-SENPAI-20260812::section-001::child-010""]",W05::chunk-512_topk-3_rerank-ce::W03-LONG-SENPAI-013,3,chunk-512_topk-3_rerank-ce
0.9934953423055929,e8c968705f5869006c6526b36934aee5a06347581aa7fc1685d0b0018e743c05,c38ef28a29ffd67ce0e46162e223472a3d254d3668a56937fccd0bcc8ab38750,512,False,parsed_after_deterministic_repair,W03-LONG-SENPAI-014,w05_senpai_long_source_from_w03,1.1.0,1.0,1.0,0,3465.276,0,meta-llama/Llama-3.1-8B-Instruct,0e9e39f249a16976918f6564b8830bc894c89659,Senpai,4399.59,False,complete,42,1.0,cross_encoder,928.883,"[""PUB-SENPAI-20260812::PUB-SENPAI-20260812::section-001::child-018"", ""PUB-SENPAI-20260812::PUB-SENPAI-20260812::section-001::child-020"", ""PUB-SENPAI-20260812::PUB-SENPAI-20260812::section-001::child-002""]",W05::chunk-512_topk-3_rerank-ce::W03-LONG-SENPAI-014,3,chunk-512_topk-3_rerank-ce
0.646468868115251,7c235a5c06e5ad5389adb1dee9c70cfb8801a580ee0672769512644e25cdad02,f8ac067dda6e3708378e1a173b319cbaf40b2081c02d08e5ae15526ff013a03d,512,True,parsed,W03-LONG-SENPAI-015,w05_senpai_long_source_from_w03,1.1.0,1.0,1.0,0,6234.871,0,meta-llama/Llama-3.1-8B-Instruct,0e9e39f249a16976918f6564b8830bc894c89659,Senpai,7160.993,False,complete,42,1.0,cross_encoder,921.055,"[""PUB-SENPAI-20260812::PUB-SENPAI-20260812::section-001::child-019"", ""PUB-SENPAI-20260812::PUB-SENPAI-20260812::section-001::child-020"", ""PUB-SENPAI-20260812::PUB-SENPAI-20260812::section-001::child-004""]",W05::chunk-512_topk-3_rerank-ce::W03-LONG-SENPAI-015,3,chunk-512_topk-3_rerank-ce
0.7558065376656224,5246f531d6972d7ac3e36edaa4b87f1ca32288d226354296bb9a812c0f0f9f03,25805df7ac436783c22d23c8253aa13a3ad14effae82666af5ba6ecfd041ea9a,512,False,parsed,W03-LONG-SENPAI-016,w05_senpai_long_source_from_w03,1.1.0,1.0,1.0,0,5653.802,0,meta-llama/Llama-3.1-8B-Instruct,0e9e39f249a16976918f6564b8830bc894c89659,Senpai,6570.498,False,complete,42,1.0,cross_encoder,911.007,"[""PUB-SENPAI-20260812::PUB-SENPAI-20260812::section-001::child-020"", ""PUB-SENPAI-20260812::PUB-SENPAI-20260812::section-001::child-018"", ""PUB-SENPAI-20260812::PUB-SENPAI-20260812::section-001::child-005""]",W05::chunk-512_topk-3_rerank-ce::W03-LONG-SENPAI-016,3,chunk-512_topk-3_rerank-ce
0.8120779884368714,e13baf670ac5299be941fa940fe2991be1b3769fdc2e2584f975f7670e94d99e,4bcddc5591d0bfdd66fdee97f20eb6d4b30042e0dbdc7e7c21b1f4855fd00a5e,512,False,parsed,W03-LONG-SENPAI-017,w05_senpai_long_source_from_w03,1.1.0,1.0,1.0,0,5657.528,0,meta-llama/Llama-3.1-8B-Instruct,0e9e39f249a16976918f6564b8830bc894c89659,Senpai,6574.902,False,complete,42,1.0,cross_encoder,912.16,"[""PUB-SENPAI-20260812::PUB-SENPAI-20260812::section-001::child-020"", ""PUB-SENPAI-20260812::PUB-SENPAI-20260812::section-001::child-002"", ""PUB-SENPAI-20260812::PUB-SENPAI-20260812::section-001::child-005""]",W05::chunk-512_topk-3_rerank-ce::W03-LONG-SENPAI-017,3,chunk-512_topk-3_rerank-ce
0.8089203201331726,a184330b22f13663c006de8570ec0d3ee76528d9beffacb20c845a57f42ca342,6c8da06ebb5270bc07c0707a3a24a5a4cf51b06995f8280c5bed25a26b201760,512,False,parsed,W03-LONG-SENPAI-018,w05_senpai_long_source_from_w03,1.1.0,1.0,1.0,0,7818.118,0,meta-llama/Llama-3.1-8B-Instruct,0e9e39f249a16976918f6564b8830bc894c89659,Senpai,8833.071,False,complete,42,1.0,cross_encoder,1009.525,"[""PUB-SENPAI-20260812::PUB-SENPAI-20260812::section-001::child-010"", ""PUB-SENPAI-20260812::PUB-SENPAI-20260812::section-001::child-001"", ""PUB-SENPAI-20260812::PUB-SENPAI-20260812::section-001::child-005""]",W05::chunk-512_topk-3_rerank-ce::W03-LONG-SENPAI-018,3,chunk-512_topk-3_rerank-ce
0.6419540526237525,d6779aff5b2f541b7d7f142d3baedbf89825b2f3c707e500f8dc15754fa9ad7d,ce3282860e61b18f5e76e28d4fcecaa43171f13561f1b65a92cd759597d3285d,512,False,parsed,W03-LONG-SENPAI-019,w05_senpai_long_source_from_w03,1.1.0,0.5,0.125,0,12971.593,0,meta-llama/Llama-3.1-8B-Instruct,0e9e39f249a16976918f6564b8830bc894c89659,Senpai,13919.325,False,complete,42,1.0,cross_encoder,941.481,"[""PUB-SENPAI-20260812::PUB-SENPAI-20260812::section-001::child-008"", ""PUB-SENPAI-20260812::PUB-SENPAI-20260812::section-001::child-019"", ""PUB-SENPAI-20260812::PUB-SENPAI-20260812::section-001::child-001""]",W05::chunk-512_topk-3_rerank-ce::W03-LONG-SENPAI-019,3,chunk-512_topk-3_rerank-ce
0.0,b0848a839f3d9e0aa422bc36ddaff547999ec4da4c2e35d0c9c16afe597781f8,a79c37ce1f00a833ef3f216e3d43e10fec5924cf279a94795414318de45f9501,512,False,parsed,W03-LONG-SENPAI-020,w05_senpai_long_source_from_w03,1.1.0,1.0,0.5,0,5771.385,0,meta-llama/Llama-3.1-8B-Instruct,0e9e39f249a16976918f6564b8830bc894c89659,Senpai,6744.534,False,complete,42,0.5,cross_encoder,965.983,"[""PUB-SENPAI-20260812::PUB-SENPAI-20260812::section-001::child-001"", ""PUB-SENPAI-20260812::PUB-SENPAI-20260812::section-001::child-010"", ""PUB-SENPAI-20260812::PUB-SENPAI-20260812::section-001::child-009""]",W05::chunk-512_topk-3_rerank-ce::W03-LONG-SENPAI-020,3,chunk-512_topk-3_rerank-ce
0.0,b1ecb3d1fa35cc68a20ca6c14a618974f3f0d188e6f8419c8a1b4f2874e4b9a4,c41a3b4718dd8dae3b27b8b9e5121fd4ba979f7d1c0d303ae52945bf4467d442,256,False,parsed,W03-LONG-SENPAI-001,w05_senpai_long_source_from_w03,1.1.0,1.0,1.0,0,4160.748,0,meta-llama/Llama-3.1-8B-Instruct,0e9e39f249a16976918f6564b8830bc894c89659,Senpai,4735.599,False,complete,42,1.0,cross_encoder,567.908,"[""PUB-SENPAI-20260812::PUB-SENPAI-20260812::section-001::child-001"", ""PUB-SENPAI-20260812::PUB-SENPAI-20260812::section-001::child-020"", ""PUB-SENPAI-20260812::PUB-SENPAI-20260812::section-001::child-013"", ""PUB-SENPAI-20260812::PUB-SENPAI-20260812::section-001::child-039"", ""PUB-SENPAI-20260812::PUB-SENPAI-20260812::section-001::child-021""]",W05::chunk-256_topk-5_rerank-ce::W03-LONG-SENPAI-001,5,chunk-256_topk-5_rerank-ce
0.9391647259719104,f423ffa5af273727a45cb89a71fd58770ea51d1d9a74cc935a8c9368426e9a19,58bc718d54fa1aaf23ed74419c2ec00b3cc8de164a03f89356d309e604c414a8,256,False,parsed,W03-LONG-SENPAI-002,w05_senpai_long_source_from_w03,1.1.0,1.0,1.0,0,4173.519,0,meta-llama/Llama-3.1-8B-Instruct,0e9e39f249a16976918f6564b8830bc894c89659,Senpai,4689.665,False,complete,42,1.0,cross_encoder,505.437,"[""PUB-SENPAI-20260812::PUB-SENPAI-20260812::section-001::child-008"", ""PUB-SENPAI-20260812::PUB-SENPAI-20260812::section-001::child-007"", ""PUB-SENPAI-20260812::PUB-SENPAI-20260812::section-001::child-012"", ""PUB-SENPAI-20260812::PUB-SENPAI-20260812::section-001::child-040"", ""PUB-ORIGAMI-20260812::PUB-ORIGAMI-20260812::section-001::child-031""]",W05::chunk-256_topk-5_rerank-ce::W03-LONG-SENPAI-002,5,chunk-256_topk-5_rerank-ce
0.9738730037484092,5593b5ec05adb05ca4a62cc0a6b68c74a5b298321cc6a4b24b2272f2aa9f39e1,518c44f0969803d532788898d349a85c4c86a76553daa6c346f5e1fcbe2ef868,256,False,parsed,W03-LONG-SENPAI-003,w05_senpai_long_source_from_w03,1.1.0,1.0,1.0,0,6701.63,0,meta-llama/Llama-3.1-8B-Instruct,0e9e39f249a16976918f6564b8830bc894c89659,Senpai,7236.521,False,complete,42,1.0,cross_encoder,527.422,"[""PUB-SENPAI-20260812::PUB-SENPAI-20260812::section-001::child-009"", ""PUB-SENPAI-20260812::PUB-SENPAI-20260812::section-001::child-043"", ""PUB-SENPAI-20260812::PUB-SENPAI-20260812::section-001::child-042"", ""PUB-SENPAI-20260812::PUB-SENPAI-20260812::section-001::child-039"", ""PUB-SENPAI-20260812::PUB-SENPAI-20260812::section-001::child-020""]",W05::chunk-256_topk-5_rerank-ce::W03-LONG-SENPAI-003,5,chunk-256_topk-5_rerank-ce
0.8597480134090452,9c7418ee1a532f66bf62f55c1bef99a7f403d3690362835db13dc0ac91441ded,16bace7f793086e5f6f899541bee513fccb9ed9212eaf850e9bb83c56c20e129,256,False,parsed,W03-LONG-SENPAI-004,w05_senpai_long_source_from_w03,1.1.0,1.0,1.0,0,10119.596,0,meta-llama/Llama-3.1-8B-Instruct,0e9e39f249a16976918f6564b8830bc894c89659,Senpai,10662.869,False,complete,42,1.0,cross_encoder,536.557,"[""PUB-SENPAI-20260812::PUB-SENPAI-20260812::section-001::child-044"", ""PUB-SENPAI-20260812::PUB-SENPAI-20260812::section-001::child-010"", ""PUB-SENPAI-20260812::PUB-SENPAI-20260812::section-001::child-036"", ""PUB-SENPAI-20260812::PUB-SENPAI-20260812::section-001::child-043"", ""PUB-SENPAI-20260812::PUB-SENPAI-20260812::section-001::child-040""]",W05::chunk-256_topk-5_rerank-ce::W03-LONG-SENPAI-004,5,chunk-256_topk-5_rerank-ce
0.798281860330779,5a0c7015aff24f38a01ddc1104d1e1e64a6040cdcfbae94e4abae9915cf8caa0,76dda03bc1a8d13202d182aeef9641b18be12923532be9760566d9ba99016192,256,False,parsed,W03-LONG-SENPAI-005,w05_senpai_long_source_from_w03,1.1.0,1.0,1.0,0,12090.643,0,meta-llama/Llama-3.1-8B-Instruct,0e9e39f249a16976918f6564b8830bc894c89659,Senpai,12647.659,False,complete,42,1.0,cross_encoder,549.266,"[""PUB-SENPAI-20260812::PUB-SENPAI-20260812::section-001::child-012"", ""PUB-SENPAI-20260812::PUB-SENPAI-20260812::section-001::child-013"", ""PUB-SENPAI-20260812::PUB-SENPAI-20260812::section-001::child-010"", ""PUB-SENPAI-20260812::PUB-SENPAI-20260812::section-001::child-011"", ""PUB-SENPAI-20260812::PUB-SENPAI-20260812::section-001::child-004""]",W05::chunk-256_topk-5_rerank-ce::W03-LONG-SENPAI-005,5,chunk-256_topk-5_rerank-ce
0.8038339196015917,e209adedc1cc055e9dd5230bef13167a58d668d80fca69609a8add795a2e7029,4ad9cf50e78370735a65445e6b15a332e8c92791a9b4e25397cb3424f361e701,256,False,parsed,W03-LONG-SENPAI-006,w05_senpai_long_source_from_w03,1.1.0,0.5,0.0,0,7216.419,0,meta-llama/Llama-3.1-8B-Instruct,0e9e39f249a16976918f6564b8830bc894c89659,Senpai,7738.417,False,complete,42,1.0,cross_encoder,515.925,"[""PUB-SENPAI-20260812::PUB-SENPAI-20260812::section-001::child-013"", ""PUB-ORIGAMI-20260812::PUB-ORIGAMI-20260812::section-001::child-026"", ""PUB-SENPAI-20260812::PUB-SENPAI-20260812::section-001::child-022"", ""PUB-ORIGAMI-20260812::PUB-ORIGAMI-20260812::section-001::child-031"", ""PUB-ORIGAMI-20260812::PUB-ORIGAMI-20260812::section-001::child-030""]",W05::chunk-256_topk-5_rerank-ce::W03-LONG-SENPAI-006,5,chunk-256_topk-5_rerank-ce
0.6936789420009376,ba1dd6e84556273a912a0eb82c13e358d4f9020cd3f42f5cdca88413e9fed185,d8a9737aba4a2374c1410bb1781f8469c30318698c1291877668c5f944dfdf26,256,False,parsed,W03-LONG-SENPAI-007,w05_senpai_long_source_from_w03,1.1.0,1.0,1.0,0,7079.507,0,meta-llama/Llama-3.1-8B-Instruct,0e9e39f249a16976918f6564b8830bc894c89659,Senpai,7599.061,False,complete,42,1.0,cross_encoder,513.336,"[""PUB-SENPAI-20260812::PUB-SENPAI-20260812::section-001::child-017"", ""PUB-ORIGAMI-20260812::PUB-ORIGAMI-20260812::section-001::child-011"", ""PUB-SENPAI-20260812::PUB-SENPAI-20260812::section-001::child-022"", ""PUB-SENPAI-20260812::PUB-SENPAI-20260812::section-001::child-030"", ""PUB-HUMANOID-20260812::PUB-HUMANOID-20260812::section-001::child-026""]",W05::chunk-256_topk-5_rerank-ce::W03-LONG-SENPAI-007,5,chunk-256_topk-5_rerank-ce
0.990247467035071,8040956b9d6379bcf092258749e02260d846a6810f4e061e8ae6ae3e9e3923e6,d4c3666bbf0d208048010e67b1287a8914f8b23ce8909ab22d007c33b2834ee6,256,False,parsed,W03-LONG-SENPAI-008,w05_senpai_long_source_from_w03,1.1.0,1.0,0.5,0,6755.132,0,meta-llama/Llama-3.1-8B-Instruct,0e9e39f249a16976918f6564b8830bc894c89659,Senpai,7255.982,False,complete,42,1.0,cross_encoder,495.009,"[""PUB-SENPAI-20260812::PUB-SENPAI-20260812::section-001::child-018"", ""PUB-SENPAI-20260812::PUB-SENPAI-20260812::section-001::child-017"", ""PUB-SENPAI-20260812::PUB-SENPAI-20260812::section-001::child-001"", ""PUB-SENPAI-20260812::PUB-SENPAI-20260812::section-001::child-007"", ""PUB-SENPAI-20260812::PUB-SENPAI-20260812::section-001::child-020""]",W05::chunk-256_topk-5_rerank-ce::W03-LONG-SENPAI-008,5,chunk-256_topk-5_rerank-ce
0.8723051739450741,25163bc932a6ad7a10641fbf64383f79073a6af663636a5cead47fcc3732ede2,ce79e186b07f33da34093039867b7d0e6ca0a04a0235a0b63ba5c063d5e91b3f,256,False,parsed,W03-LONG-SENPAI-009,w05_senpai_long_source_from_w03,1.1.0,1.0,1.0,0,4310.667,0,meta-llama/Llama-3.1-8B-Instruct,0e9e39f249a16976918f6564b8830bc894c89659,Senpai,4854.421,False,complete,42,1.0,cross_encoder,538.461,"[""PUB-SENPAI-20260812::PUB-SENPAI-20260812::section-001::child-021"", ""PUB-SENPAI-20260812::PUB-SENPAI-20260812::section-001::child-020"", ""PUB-SENPAI-20260812::PUB-SENPAI-20260812::section-001::child-004"", ""PUB-ORIGAMI-20260812::PUB-ORIGAMI-20260812::section-001::child-031"", ""PUB-SENPAI-20260812::PUB-SENPAI-20260812::section-001::child-010""]",W05::chunk-256_topk-5_rerank-ce::W03-LONG-SENPAI-009,5,chunk-256_topk-5_rerank-ce
0.8512039937256005,fe02b6f5f23bf4157a01ef8d4191110db6a3540812d01acf24e80477b7f82a5e,29b368ec80e91d91e24dd158474e95b6d3925f0516548bd0998d8e492e732498,256,False,parsed,W03-LONG-SENPAI-010,w05_senpai_long_source_from_w03,1.1.0,0.333333,0.6666666666666666,0,7898.288,0,meta-llama/Llama-3.1-8B-Instruct,0e9e39f249a16976918f6564b8830bc894c89659,Senpai,8435.407,False,complete,42,1.0,cross_encoder,532.282,"[""PUB-SENPAI-20260812::PUB-SENPAI-20260812::section-001::child-022"", ""PUB-SENPAI-20260812::PUB-SENPAI-20260812::section-001::child-021"", ""PUB-SENPAI-20260812::PUB-SENPAI-20260812::section-001::child-004"", ""PUB-SENPAI-20260812::PUB-SENPAI-20260812::section-001::child-026"", ""PUB-ORIGAMI-20260812::PUB-ORIGAMI-20260812::section-001::child-031""]",W05::chunk-256_topk-5_rerank-ce::W03-LONG-SENPAI-010,5,chunk-256_topk-5_rerank-ce
0.9240800907760275,3f9d99f50044e52f562e153be206916ae131e9457373059dc49839c9f992e03a,c2a5c2e32eebb5d203c8061056628fe8be78dd4219a613f5b7a9460f14942b19,256,False,parse_failed,W03-LONG-SENPAI-011,w05_senpai_long_source_from_w03,1.1.0,1.0,1.0,0,6932.121,0,meta-llama/Llama-3.1-8B-Instruct,0e9e39f249a16976918f6564b8830bc894c89659,Senpai,7424.576,False,complete,42,,cross_encoder,488.02,"[""PUB-SENPAI-20260812::PUB-SENPAI-20260812::section-001::child-029"", ""PUB-SENPAI-20260812::PUB-SENPAI-20260812::section-001::child-030"", ""PUB-ORIGAMI-20260812::PUB-ORIGAMI-20260812::section-001::child-014"", ""PUB-ORIGAMI-20260812::PUB-ORIGAMI-20260812::section-001::child-032"", ""PUB-SENPAI-20260812::PUB-SENPAI-20260812::section-001::child-022""]",W05::chunk-256_topk-5_rerank-ce::W03-LONG-SENPAI-011,5,chunk-256_topk-5_rerank-ce
0.9235081132233596,719aaf9e8ff0536456fc3057fc8e2aef7ad896b53a4c10ca86edbf2af7b3e60f,8bf47bcd819f3eeaa5428bb5b954f64acc90a8739ce5da2897f5a44d7b82353e,256,False,parsed,W03-LONG-SENPAI-012,w05_senpai_long_source_from_w03,1.1.0,0.75,1.0,0,11452.879,0,meta-llama/Llama-3.1-8B-Instruct,0e9e39f249a16976918f6564b8830bc894c89659,Senpai,11991.445,False,complete,42,1.0,cross_encoder,532.99,"[""PUB-SENPAI-20260812::PUB-SENPAI-20260812::section-001::child-033"", ""PUB-SENPAI-20260812::PUB-SENPAI-20260812::section-001::child-035"", ""PUB-SENPAI-20260812::PUB-SENPAI-20260812::section-001::child-037"", ""PUB-SENPAI-20260812::PUB-SENPAI-20260812::section-001::child-043"", ""PUB-SENPAI-20260812::PUB-SENPAI-20260812::section-001::child-020""]",W05::chunk-256_topk-5_rerank-ce::W03-LONG-SENPAI-012,5,chunk-256_topk-5_rerank-ce
0.0,d333b42146a876793bf2b4505cf1e76d31af23756d705461bcdbc6cc4b5994d7,5cb20ddc891c74ba2e060df2eadeaa64f4cc969841dfc2ce20834b2548227241,256,False,parsed,W03-LONG-SENPAI-013,w05_senpai_long_source_from_w03,1.1.0,1.0,0.5,0,8128.506,0,meta-llama/Llama-3.1-8B-Instruct,0e9e39f249a16976918f6564b8830bc894c89659,Senpai,8673.925,False,complete,42,0.5,cross_encoder,539.547,"[""PUB-SENPAI-20260812::PUB-SENPAI-20260812::section-001::child-038"", ""PUB-SENTINEL-20260812::PUB-SENTINEL-20260812::section-001::child-008"", ""PUB-SENPAI-20260812::PUB-SENPAI-20260812::section-001::child-018"", ""PUB-SENPAI-20260812::PUB-SENPAI-20260812::section-001::child-020"", ""PUB-SENPAI-20260812::PUB-SENPAI-20260812::section-001::child-004""]",W05::chunk-256_topk-5_rerank-ce::W03-LONG-SENPAI-013,5,chunk-256_topk-5_rerank-ce
0.983329633864575,9537c9a5b2a26c157dc4ecd79c26c2a6a9a14c79bde99c0394959e030dccad38,831f6ea4129096fe023b63422991e2050b9d68c26117fe2b50feb302ff65d99b,256,False,parsed,W03-LONG-SENPAI-014,w05_senpai_long_source_from_w03,1.1.0,1.0,1.0,0,5651.996,0,meta-llama/Llama-3.1-8B-Instruct,0e9e39f249a16976918f6564b8830bc894c89659,Senpai,6186.158,False,complete,42,1.0,cross_encoder,528.46,"[""PUB-SENPAI-20260812::PUB-SENPAI-20260812::section-001::child-040"", ""PUB-SENPAI-20260812::PUB-SENPAI-20260812::section-001::child-039"", ""PUB-SENPAI-20260812::PUB-SENPAI-20260812::section-001::child-004"", ""PUB-SENPAI-20260812::PUB-SENPAI-20260812::section-001::child-043"", ""PUB-FUTURE-08-20210624::PUB-FUTURE-08-20210624::section-001::child-003""]",W05::chunk-256_topk-5_rerank-ce::W03-LONG-SENPAI-014,5,chunk-256_topk-5_rerank-ce
0.6993786806304327,306ca728deea8a15bed3f0c3f775e76727642375a0a4c1324d2e2a2f0dc4e15d,5f2aa6f727609b54f6ffa55e91a52ab40cada437a9e2b43cf0a85de3548a6082,256,False,parsed,W03-LONG-SENPAI-015,w05_senpai_long_source_from_w03,1.1.0,1.0,1.0,0,3757.726,0,meta-llama/Llama-3.1-8B-Instruct,0e9e39f249a16976918f6564b8830bc894c89659,Senpai,4270.315,False,complete,42,1.0,cross_encoder,507.359,"[""PUB-SENPAI-20260812::PUB-SENPAI-20260812::section-001::child-042"", ""PUB-SENPAI-20260812::PUB-SENPAI-20260812::section-001::child-007"", ""PUB-FUTURE-08-20210624::PUB-FUTURE-08-20210624::section-001::child-003"", ""PUB-SENPAI-20260812::PUB-SENPAI-20260812::section-001::child-001"", ""PUB-SENPAI-20260812::PUB-SENPAI-20260812::section-001::child-009""]",W05::chunk-256_topk-5_rerank-ce::W03-LONG-SENPAI-015,5,chunk-256_topk-5_rerank-ce
0.7055908627854741,c13af0369faef5fb682d94ec52f2df2fe034b8ecf7d3cca24cc74dec3a2f467e,dbd2567d792e0150261e228921c40469c8099042ee5d90be2c7dafe14ac856ea,256,False,parsed,W03-LONG-SENPAI-016,w05_senpai_long_source_from_w03,1.1.0,1.0,1.0,0,3591.881,0,meta-llama/Llama-3.1-8B-Instruct,0e9e39f249a16976918f6564b8830bc894c89659,Senpai,4112.499,False,complete,42,1.0,cross_encoder,515.614,"[""PUB-SENPAI-20260812::PUB-SENPAI-20260812::section-001::child-043"", ""PUB-SENPAI-20260812::PUB-SENPAI-20260812::section-001::child-039"", ""PUB-SENPAI-20260812::PUB-SENPAI-20260812::section-001::child-009"", ""PUB-SENPAI-20260812::PUB-SENPAI-20260812::section-001::child-010"", ""PUB-SENTINEL-20260812::PUB-SENTINEL-20260812::section-001::child-019""]",W05::chunk-256_topk-5_rerank-ce::W03-LONG-SENPAI-016,5,chunk-256_topk-5_rerank-ce
0.6888605882614623,5db639a0df93fc7f7723aca2e2039a4814a86ad2452314e653634ce9a4c39611,a24f222ce5a65db6d98a8068a36377eab44a13e527dbb7f7d820ee4ec3ea1781,256,False,parsed,W03-LONG-SENPAI-017,w05_senpai_long_source_from_w03,1.1.0,1.0,1.0,0,11041.716,0,meta-llama/Llama-3.1-8B-Instruct,0e9e39f249a16976918f6564b8830bc894c89659,Senpai,11557.917,False,complete,42,1.0,cross_encoder,510.368,"[""PUB-SENPAI-20260812::PUB-SENPAI-20260812::section-001::child-043"", ""PUB-SENPAI-20260812::PUB-SENPAI-20260812::section-001::child-044"", ""PUB-SENPAI-20260812::PUB-SENPAI-20260812::section-001::child-004"", ""PUB-SENPAI-20260812::PUB-SENPAI-20260812::section-001::child-010"", ""PUB-SENPAI-20260812::PUB-SENPAI-20260812::section-001::child-040""]",W05::chunk-256_topk-5_rerank-ce::W03-LONG-SENPAI-017,5,chunk-256_topk-5_rerank-ce
0.8093543539242304,4665bad5baaf41ccb3f36595455bb38e618841815dd13364cc84792808a56ddd,27b40c15495610038be0d21857e4611603b776ea3e9d068e0e44228059ce21af,256,False,parsed,W03-LONG-SENPAI-018,w05_senpai_long_source_from_w03,1.1.0,1.0,1.0,0,7915.286,0,meta-llama/Llama-3.1-8B-Instruct,0e9e39f249a16976918f6564b8830bc894c89659,Senpai,8403.328,False,complete,42,1.0,cross_encoder,483.022,"[""PUB-SENPAI-20260812::PUB-SENPAI-20260812::section-001::child-020"", ""PUB-SENPAI-20260812::PUB-SENPAI-20260812::section-001::child-001"", ""PUB-SENPAI-20260812::PUB-SENPAI-20260812::section-001::child-009"", ""PUB-SENPAI-20260812::PUB-SENPAI-20260812::section-001::child-043"", ""PUB-SENPAI-20260812::PUB-SENPAI-20260812::section-001::child-039""]",W05::chunk-256_topk-5_rerank-ce::W03-LONG-SENPAI-018,5,chunk-256_topk-5_rerank-ce
0.7552431213658642,29a0079b4db5ffdcfa3178b2d4acf10fab9fd3da86319fa0f69101ac448efa95,ccba009f3ac88b022393f918b077fa9b481f338794fb251a8e8535dcbccf20f2,256,False,parsed,W03-LONG-SENPAI-019,w05_senpai_long_source_from_w03,1.1.0,1.0,0.5454545454545454,0,16601.043,0,meta-llama/Llama-3.1-8B-Instruct,0e9e39f249a16976918f6564b8830bc894c89659,Senpai,17135.341,False,complete,42,1.0,cross_encoder,528.644,"[""PUB-SENPAI-20260812::PUB-SENPAI-20260812::section-001::child-017"", ""PUB-SENPAI-20260812::PUB-SENPAI-20260812::section-001::child-022"", ""PUB-SENPAI-20260812::PUB-SENPAI-20260812::section-001::child-042"", ""PUB-SENPAI-20260812::PUB-SENPAI-20260812::section-001::child-013"", ""PUB-SENPAI-20260812::PUB-SENPAI-20260812::section-001::child-030""]",W05::chunk-256_topk-5_rerank-ce::W03-LONG-SENPAI-019,5,chunk-256_topk-5_rerank-ce
0.0,3c9f266f06416745a099c8535f78351b09646bee8d1868b6b44d9d226bf845a0,f31960775e58d66f9ddc7f980caa9d098e89f06690bad072b586f70c7bd84c6d,256,False,parsed,W03-LONG-SENPAI-020,w05_senpai_long_source_from_w03,1.1.0,1.0,0.0,0,3290.895,0,meta-llama/Llama-3.1-8B-Instruct,0e9e39f249a16976918f6564b8830bc894c89659,Senpai,3827.466,False,complete,42,0.5,cross_encoder,530.973,"[""PUB-SENPAI-20260812::PUB-SENPAI-20260812::section-001::child-001"", ""PUB-SENPAI-20260812::PUB-SENPAI-20260812::section-001::child-020"", ""PUB-SENPAI-20260812::PUB-SENPAI-20260812::section-001::child-018"", ""PUB-FUTURE-08-20210624::PUB-FUTURE-08-20210624::section-001::child-003"", ""PUB-SENPAI-20260812::PUB-SENPAI-20260812::section-001::child-007""]",W05::chunk-256_topk-5_rerank-ce::W03-LONG-SENPAI-020,5,chunk-256_topk-5_rerank-ce
0.933490698720301,f4fa5e923ba49428ee4819606c5fd6dc4f49da94d1a30413ae7dfad4800a32b7,123ab372279a8e0e8f7906aa50266b612bcb3a92ec4cabc85a7f59c9c7573732,512,False,parsed,W03-LONG-SENPAI-001,w05_senpai_long_source_from_w03,1.1.0,0.5,1.0,0,4602.728,0,meta-llama/Llama-3.1-8B-Instruct,0e9e39f249a16976918f6564b8830bc894c89659,Senpai,5562.067,False,complete,42,1.0,cross_encoder,956.619,"[""PUB-SENPAI-20260812::PUB-SENPAI-20260812::section-001::child-001""]",W05::chunk-512_topk-1_rerank-ce::W03-LONG-SENPAI-001,1,chunk-512_topk-1_rerank-ce
0.9391647259719104,5afe866c8ea88f129617d93274dd2e67e74e2efd4bd9902a4c76f6b06fc12773,25f7e7928a57d7add860d1ab904778ff3713ae853e2d139a081299a56c7f27ee,512,True,parsed,W03-LONG-SENPAI-002,w05_senpai_long_source_from_w03,1.1.0,1.0,1.0,0,3854.429,0,meta-llama/Llama-3.1-8B-Instruct,0e9e39f249a16976918f6564b8830bc894c89659,Senpai,4802.951,False,complete,42,1.0,cross_encoder,945.283,"[""PUB-SENPAI-20260812::PUB-SENPAI-20260812::section-001::child-004""]",W05::chunk-512_topk-1_rerank-ce::W03-LONG-SENPAI-002,1,chunk-512_topk-1_rerank-ce
0.886711362032209,8a6a9e12de801ee18dfd2403273a3116734669984aa4c0ca1fbf1570ef5bcfd1,a24c16bae620302720d4afd8bfc419a419e5d2cafe4b104596eea3e57a151774,512,False,parsed,W03-LONG-SENPAI-003,w05_senpai_long_source_from_w03,1.1.0,1.0,1.0,0,4103.497,0,meta-llama/Llama-3.1-8B-Instruct,0e9e39f249a16976918f6564b8830bc894c89659,Senpai,5083.832,False,complete,42,1.0,cross_encoder,977.668,"[""PUB-SENPAI-20260812::PUB-SENPAI-20260812::section-001::child-005""]",W05::chunk-512_topk-1_rerank-ce::W03-LONG-SENPAI-003,1,chunk-512_topk-1_rerank-ce
0.8465587232679689,f7d0fb8f272c368d5c5f6cb39a6a3cb1bbd614eeffc1eb0a54fac81747a5ff1a,adabccf7854436fd6cafbc98ce393acfdeb682a1408173bf3f57850c8806dc9e,512,False,parsed,W03-LONG-SENPAI-004,w05_senpai_long_source_from_w03,1.1.0,0.5,1.0,0,7340.925,0,meta-llama/Llama-3.1-8B-Instruct,0e9e39f249a16976918f6564b8830bc894c89659,Senpai,8268.507,False,complete,42,1.0,cross_encoder,924.631,"[""PUB-SENPAI-20260812::PUB-SENPAI-20260812::section-001::child-020""]",W05::chunk-512_topk-1_rerank-ce::W03-LONG-SENPAI-004,1,chunk-512_topk-1_rerank-ce
0.0,a8a4020def1fde880732a09617564ef90269148d61908ebaadab0801992796b9,58f7be4985e5d0644fb8b9a1fb3a7ed842ccf243e2b9794097f26f2a31f2ab9b,512,False,parsed,W03-LONG-SENPAI-005,w05_senpai_long_source_from_w03,1.1.0,0.666667,0.8333333333333334,0,11173.362,0,meta-llama/Llama-3.1-8B-Instruct,0e9e39f249a16976918f6564b8830bc894c89659,Senpai,12116.438,False,complete,42,0.833333,cross_encoder,940.012,"[""PUB-SENPAI-20260812::PUB-SENPAI-20260812::section-001::child-006""]",W05::chunk-512_topk-1_rerank-ce::W03-LONG-SENPAI-005,1,chunk-512_topk-1_rerank-ce
0.0,033c08453f18c206660ad244f1428a7578b02160d7d5685a556f328d800768df,e3b3ad6aee49ddd911b5847ea6b5e480225eba6ce06efcc25c5008d3314e8738,512,False,parsed,W03-LONG-SENPAI-006,w05_senpai_long_source_from_w03,1.1.0,0.5,0.6666666666666666,0,6711.594,0,meta-llama/Llama-3.1-8B-Instruct,0e9e39f249a16976918f6564b8830bc894c89659,Senpai,7670.303,False,complete,42,0.5,cross_encoder,955.26,"[""PUB-SENPAI-20260812::PUB-SENPAI-20260812::section-001::child-007""]",W05::chunk-512_topk-1_rerank-ce::W03-LONG-SENPAI-006,1,chunk-512_topk-1_rerank-ce
0.9887068304276826,15d26c27692b249592031328ef252f7eb96e9332e2a92ae06b5bafd26fbf14f9,a58a6753d29ac188599c0cf16be9c0a160389ebddf0a35050c608abccc3df609,512,False,parsed,W03-LONG-SENPAI-007,w05_senpai_long_source_from_w03,1.1.0,1.0,1.0,0,4790.251,0,meta-llama/Llama-3.1-8B-Instruct,0e9e39f249a16976918f6564b8830bc894c89659,Senpai,5748.411,False,complete,42,1.0,cross_encoder,953.615,"[""PUB-SENPAI-20260812::PUB-SENPAI-20260812::section-001::child-008""]",W05::chunk-512_topk-1_rerank-ce::W03-LONG-SENPAI-007,1,chunk-512_topk-1_rerank-ce
0.0,8a94567661e21bfc57b3bbeba468a99e4c7f1c2ada6a519d7a34290ae9e124c9,35f3b6cc92f762c43fa148da4eaadd78a321de5623d001e6c1605ad889ecce00,512,False,parsed,W03-LONG-SENPAI-008,w05_senpai_long_source_from_w03,1.1.0,1.0,0.3333333333333333,0,6280.75,0,meta-llama/Llama-3.1-8B-Instruct,0e9e39f249a16976918f6564b8830bc894c89659,Senpai,7234.447,False,complete,42,1.0,cross_encoder,949.56,"[""PUB-SENPAI-20260812::PUB-SENPAI-20260812::section-001::child-009""]",W05::chunk-512_topk-1_rerank-ce::W03-LONG-SENPAI-008,1,chunk-512_topk-1_rerank-ce
0.8867543412551123,48b646ce76cd0646d6f5b509aa3fc52f833e62f33adaf52a88f136507ff0fbf7,34fe8d6053ff5faeed5145ae913c90b09a96f6dd2285ecebedc4634f8e388242,512,False,parsed,W03-LONG-SENPAI-009,w05_senpai_long_source_from_w03,1.1.0,1.0,1.0,0,5669.155,0,meta-llama/Llama-3.1-8B-Instruct,0e9e39f249a16976918f6564b8830bc894c89659,Senpai,6643.476,False,complete,42,1.0,cross_encoder,970.683,"[""PUB-SENPAI-20260812::PUB-SENPAI-20260812::section-001::child-010""]",W05::chunk-512_topk-1_rerank-ce::W03-LONG-SENPAI-009,1,chunk-512_topk-1_rerank-ce
0.9472787516989719,82fbea6f5bbe73c8bf684a43280a4dcadd94cb27c09c92b986380806534651f5,2cb3d6522760199862a14a68883fc38132de95eff4f903c24be4f81a253d0f7a,512,False,parsed,W03-LONG-SENPAI-010,w05_senpai_long_source_from_w03,1.1.0,0.333333,0.8571428571428571,0,7302.998,0,meta-llama/Llama-3.1-8B-Instruct,0e9e39f249a16976918f6564b8830bc894c89659,Senpai,8277.981,False,complete,42,1.0,cross_encoder,970.911,"[""PUB-SENPAI-20260812::PUB-SENPAI-20260812::section-001::child-011""]",W05::chunk-512_topk-1_rerank-ce::W03-LONG-SENPAI-010,1,chunk-512_topk-1_rerank-ce
0.0,6e594efabf23c2e7480a9ecff4ae7598bec30952ab7782f0580418a4ec080230,200dce5be703141e25ca5576e49e34c96b2318a76671cf58f8b1125242c615e7,512,False,parsed,W03-LONG-SENPAI-011,w05_senpai_long_source_from_w03,1.1.0,0.666667,1.0,0,5981.16,0,meta-llama/Llama-3.1-8B-Instruct,0e9e39f249a16976918f6564b8830bc894c89659,Senpai,6927.794,False,complete,42,1.0,cross_encoder,942.506,"[""PUB-SENPAI-20260812::PUB-SENPAI-20260812::section-001::child-014""]",W05::chunk-512_topk-1_rerank-ce::W03-LONG-SENPAI-011,1,chunk-512_topk-1_rerank-ce
0.926026071460651,f3a3394a8ac086027d9ca8594c01b1598588505cf7e48dc616af518deb8c714a,ff65745ebff36a3d3a8c7aa7e1f485346b9515112912f8ec13a6157be2ed3871,512,False,parsed,W03-LONG-SENPAI-012,w05_senpai_long_source_from_w03,1.1.0,0.25,0.6,0,6959.917,0,meta-llama/Llama-3.1-8B-Instruct,0e9e39f249a16976918f6564b8830bc894c89659,Senpai,8001.495,False,complete,42,0.875,cross_encoder,1037.341,"[""PUB-SENPAI-20260812::PUB-SENPAI-20260812::section-001::child-016""]",W05::chunk-512_topk-1_rerank-ce::W03-LONG-SENPAI-012,1,chunk-512_topk-1_rerank-ce
0.0,3942e39667738a50962357d93b34952d525ea5ce207e2c65bd191c38928bec76,6adde6d90536c1ac82cd7d0f91a08981558c5446fc4ecfa2976a5dba60c1a3e3,512,False,parsed,W03-LONG-SENPAI-013,w05_senpai_long_source_from_w03,1.1.0,1.0,1.0,0,6887.154,0,meta-llama/Llama-3.1-8B-Instruct,0e9e39f249a16976918f6564b8830bc894c89659,Senpai,7854.782,False,complete,42,0.5,cross_encoder,963.431,"[""PUB-SENPAI-20260812::PUB-SENPAI-20260812::section-001::child-018""]",W05::chunk-512_topk-1_rerank-ce::W03-LONG-SENPAI-013,1,chunk-512_topk-1_rerank-ce
0.9934953423055929,cf212a82e184fe8fb991ce91e69a1d87f73046093d0ce243bce4668cd2bc1dd9,35f2d24a9e928b4959c9efd1e17e68a7be7fddc04f26d66283010ae88062597c,512,False,parsed,W03-LONG-SENPAI-014,w05_senpai_long_source_from_w03,1.1.0,1.0,1.0,0,3571.762,0,meta-llama/Llama-3.1-8B-Instruct,0e9e39f249a16976918f6564b8830bc894c89659,Senpai,4566.324,False,complete,42,1.0,cross_encoder,990.826,"[""PUB-SENPAI-20260812::PUB-SENPAI-20260812::section-001::child-018""]",W05::chunk-512_topk-1_rerank-ce::W03-LONG-SENPAI-014,1,chunk-512_topk-1_rerank-ce
0.9001418902221077,d86bc055c6e9d580d4568ca0c8deb12348c1bc939edf51fd33f00fc04f2cb2eb,c2e288cfdf2449d91e47befd56f230b8418be467e4fb6e70d45e434db6c82fc0,512,False,parsed,W03-LONG-SENPAI-015,w05_senpai_long_source_from_w03,1.1.0,1.0,1.0,0,5279.911,0,meta-llama/Llama-3.1-8B-Instruct,0e9e39f249a16976918f6564b8830bc894c89659,Senpai,6231.207,False,complete,42,1.0,cross_encoder,948.114,"[""PUB-SENPAI-20260812::PUB-SENPAI-20260812::section-001::child-019""]",W05::chunk-512_topk-1_rerank-ce::W03-LONG-SENPAI-015,1,chunk-512_topk-1_rerank-ce
0.9140272348572344,036d1ce114b524d0be57bfbfeb0bf1b454fd6a74bb5b65b7b36ae19226c1ee2d,062db648e483ded53dd27c019f9931365330d004320eccc0c3e063c05b83e3b9,512,False,parsed,W03-LONG-SENPAI-016,w05_senpai_long_source_from_w03,1.1.0,1.0,1.0,0,4534.013,0,meta-llama/Llama-3.1-8B-Instruct,0e9e39f249a16976918f6564b8830bc894c89659,Senpai,5450.469,False,complete,42,1.0,cross_encoder,913.443,"[""PUB-SENPAI-20260812::PUB-SENPAI-20260812::section-001::child-020""]",W05::chunk-512_topk-1_rerank-ce::W03-LONG-SENPAI-016,1,chunk-512_topk-1_rerank-ce
0.730771050556346,215b5b142ab9d61177f460d95bee2d0873a219ff30a8931ae345523627a646d9,b892fac126260d3653a003dae9ab99653eeaef7bd7f3c0b004893b6cd302b2c1,512,False,parsed,W03-LONG-SENPAI-017,w05_senpai_long_source_from_w03,1.1.0,1.0,1.0,0,8325.292,0,meta-llama/Llama-3.1-8B-Instruct,0e9e39f249a16976918f6564b8830bc894c89659,Senpai,9242.306,False,complete,42,1.0,cross_encoder,913.387,"[""PUB-SENPAI-20260812::PUB-SENPAI-20260812::section-001::child-020""]",W05::chunk-512_topk-1_rerank-ce::W03-LONG-SENPAI-017,1,chunk-512_topk-1_rerank-ce
0.0,e093e695a652958d30b3826db7ed56506f634ea769f4652c62a07b4b1b7e3486,16124c035510ab248ed39237efeb6da76d3f1b77f6ae1930a121b9ee7f68c57b,512,False,parsed,W03-LONG-SENPAI-018,w05_senpai_long_source_from_w03,1.1.0,0.5,0.6,0,6633.893,0,meta-llama/Llama-3.1-8B-Instruct,0e9e39f249a16976918f6564b8830bc894c89659,Senpai,7557.557,False,complete,42,0.75,cross_encoder,920.119,"[""PUB-SENPAI-20260812::PUB-SENPAI-20260812::section-001::child-010""]",W05::chunk-512_topk-1_rerank-ce::W03-LONG-SENPAI-018,1,chunk-512_topk-1_rerank-ce
0.0,54f1e575a108fe9722a6a667b90cc67921048488ba9a6f787c8feb276f4482cf,510983da2083800072be6530aafd2a6a7749102803157fc646d30f77947c3ae4,512,False,parsed,W03-LONG-SENPAI-019,w05_senpai_long_source_from_w03,1.1.0,0.5,0.0,0,14833.237,0,meta-llama/Llama-3.1-8B-Instruct,0e9e39f249a16976918f6564b8830bc894c89659,Senpai,15835.417,False,complete,42,0.25,cross_encoder,998.286,"[""PUB-SENPAI-20260812::PUB-SENPAI-20260812::section-001::child-008""]",W05::chunk-512_topk-1_rerank-ce::W03-LONG-SENPAI-019,1,chunk-512_topk-1_rerank-ce
0.0,9e6bf2d67308b5b168e25f1ce04bc14aec175fdc6e7ea6014fc509157471fb27,95d1de7209026c4bc0661fefe730168698beb70b1b93a43b98877430b99b38c7,512,False,parsed,W03-LONG-SENPAI-020,w05_senpai_long_source_from_w03,1.1.0,0.0,0.75,0,5195.768,0,meta-llama/Llama-3.1-8B-Instruct,0e9e39f249a16976918f6564b8830bc894c89659,Senpai,6170.986,False,complete,42,0.5,cross_encoder,970.881,"[""PUB-SENPAI-20260812::PUB-SENPAI-20260812::section-001::child-001""]",W05::chunk-512_topk-1_rerank-ce::W03-LONG-SENPAI-020,1,chunk-512_topk-1_rerank-ce
0.0,a89b637d503b9b5e49c3f05b46a15be19744fd5a2850fc76eb95fa2026f57987,91dcfdf67e4b22e9da23b51a31a5707b827fad1b06e97e7a8468e7d66b8157f2,1024,False,parsed,W03-LONG-SENPAI-001,w05_senpai_long_source_from_w03,1.1.0,1.0,0.5,0,4092.922,0,meta-llama/Llama-3.1-8B-Instruct,0e9e39f249a16976918f6564b8830bc894c89659,Senpai,4276.648,False,complete,42,1.0,none,150.715,"[""PUB-SENPAI-20260812::PUB-SENPAI-20260812::section-001::child-001"", ""PUB-ORIGAMI-20260812::PUB-ORIGAMI-20260812::section-001::child-004"", ""PUB-SENPAI-20260812::PUB-SENPAI-20260812::section-001::child-005"", ""PUB-SENPAI-20260812::PUB-SENPAI-20260812::section-001::child-002"", ""PUB-SENPAI-20260812::PUB-SENPAI-20260812::section-001::child-009""]",W05::chunk-1024_topk-5_rerank-none::W03-LONG-SENPAI-001,5,chunk-1024_topk-5_rerank-none
0.8602270727624225,20998750d0cdf48a95ba145934b0d55926321509509245276d0ba26d216d6bdf,69d7be6b8d9f7676771fe8e21755713628140c0a3b2ed030a487fe2047795298,1024,False,parsed,W03-LONG-SENPAI-002,w05_senpai_long_source_from_w03,1.1.0,1.0,1.0,0,3623.266,0,meta-llama/Llama-3.1-8B-Instruct,0e9e39f249a16976918f6564b8830bc894c89659,Senpai,3756.619,False,complete,42,1.0,none,108.493,"[""PUB-SENPAI-20260812::PUB-SENPAI-20260812::section-001::child-009"", ""PUB-SENPAI-20260812::PUB-SENPAI-20260812::section-001::child-003"", ""PUB-SENPAI-20260812::PUB-SENPAI-20260812::section-001::child-001"", ""PUB-SENPAI-20260812::PUB-SENPAI-20260812::section-001::child-002"", ""PUB-FUTURE-08-20210624::PUB-FUTURE-08-20210624::section-001::child-001""]",W05::chunk-1024_topk-5_rerank-none::W03-LONG-SENPAI-002,5,chunk-1024_topk-5_rerank-none
0.7986758569753148,1a450ca82bbb40d832295719703952cddfc42a234fc5e26d16550ee89047d153,1f0a1815bc67a51abea886d8f5cbf6c8a94cf3c60de33c43f58ab179e8a9492e,1024,False,parsed,W03-LONG-SENPAI-003,w05_senpai_long_source_from_w03,1.1.0,1.0,0.8333333333333334,0,9167.779,0,meta-llama/Llama-3.1-8B-Instruct,0e9e39f249a16976918f6564b8830bc894c89659,Senpai,9451.889,False,complete,42,1.0,none,250.509,"[""PUB-SENPAI-20260812::PUB-SENPAI-20260812::section-001::child-009"", ""PUB-SENPAI-20260812::PUB-SENPAI-20260812::section-001::child-003"", ""PUB-SENPAI-20260812::PUB-SENPAI-20260812::section-001::child-001"", ""PUB-SENPAI-20260812::PUB-SENPAI-20260812::section-001::child-002"", ""PUB-ORIGAMI-20260812::PUB-ORIGAMI-20260812::section-001::child-004""]",W05::chunk-1024_topk-5_rerank-none::W03-LONG-SENPAI-003,5,chunk-1024_topk-5_rerank-none
0.0,59320e0defd70c6247cf97b422a1870fb0a999234ac77f5a077b84e56cc86fad,19180e1bdb11e57907db5e729a615e185e439cbc3c03f243c8530b6d6b587ccd,1024,False,parsed,W03-LONG-SENPAI-004,w05_senpai_long_source_from_w03,1.1.0,0.5,0.8888888888888888,0,16343.057,0,meta-llama/Llama-3.1-8B-Instruct,0e9e39f249a16976918f6564b8830bc894c89659,Senpai,16474.76,False,complete,42,0.25,none,108.414,"[""PUB-SENPAI-20260812::PUB-SENPAI-20260812::section-001::child-009"", ""PUB-SENPAI-20260812::PUB-SENPAI-20260812::section-001::child-003"", ""PUB-SENPAI-20260812::PUB-SENPAI-20260812::section-001::child-001"", ""PUB-SENPAI-20260812::PUB-SENPAI-20260812::section-001::child-004"", ""PUB-SENPAI-20260812::PUB-SENPAI-20260812::section-001::child-002""]",W05::chunk-1024_topk-5_rerank-none::W03-LONG-SENPAI-004,5,chunk-1024_topk-5_rerank-none
0.8254524720889487,bd3cb33dffd20901848b1da6f784a56613eed5c59f53aaa06ff1f6cc1a24db5c,85df890ade9ebb9c00b861275d9d40d45eda3b6efe95fd66823dfdc9a6ae7352,1024,False,parsed,W03-LONG-SENPAI-005,w05_senpai_long_source_from_w03,1.1.0,1.0,1.0,0,9983.608,0,meta-llama/Llama-3.1-8B-Instruct,0e9e39f249a16976918f6564b8830bc894c89659,Senpai,10125.429,False,complete,42,1.0,none,118.856,"[""PUB-SENPAI-20260812::PUB-SENPAI-20260812::section-001::child-003"", ""PUB-SENPAI-20260812::PUB-SENPAI-20260812::section-001::child-001"", ""PUB-SENPAI-20260812::PUB-SENPAI-20260812::section-001::child-009"", ""PUB-SENPAI-20260812::PUB-SENPAI-20260812::section-001::child-002"", ""PUB-SENPAI-20260812::PUB-SENPAI-20260812::section-001::child-004""]",W05::chunk-1024_topk-5_rerank-none::W03-LONG-SENPAI-005,5,chunk-1024_topk-5_rerank-none
0.35673740552398425,433dc42291bb3c0060d4bdcea26e2c064f3b7c6b9dcc6e44f9ad83a8a2a777f2,138eb993e61845461ddfb490756098f7851b42eb2adec23afc9fb6281cc471e1,1024,False,parsed,W03-LONG-SENPAI-006,w05_senpai_long_source_from_w03,1.1.0,1.0,1.0,0,15968.397,0,meta-llama/Llama-3.1-8B-Instruct,0e9e39f249a16976918f6564b8830bc894c89659,Senpai,16121.243,False,complete,42,1.0,none,127.698,"[""PUB-SENPAI-20260812::PUB-SENPAI-20260812::section-001::child-004"", ""PUB-SENPAI-20260812::PUB-SENPAI-20260812::section-001::child-005"", ""PUB-ORIGAMI-20260812::PUB-ORIGAMI-20260812::section-001::child-007"", ""PUB-SENPAI-20260812::PUB-SENPAI-20260812::section-001::child-002"", ""PUB-SENPAI-20260812::PUB-SENPAI-20260812::section-001::child-009""]",W05::chunk-1024_topk-5_rerank-none::W03-LONG-SENPAI-006,5,chunk-1024_topk-5_rerank-none
0.7180519320926084,a8a6b44a14110a6dce5f95ad0b843dec8d8da1992337c1fc1f03704866d59392,f499fc378b9c7051466be89740b33cce16355f95cf9578f3edd0257412bb4277,1024,False,parsed,W03-LONG-SENPAI-007,w05_senpai_long_source_from_w03,1.1.0,1.0,0.0,0,4737.902,0,meta-llama/Llama-3.1-8B-Instruct,0e9e39f249a16976918f6564b8830bc894c89659,Senpai,4926.475,False,complete,42,1.0,none,154.777,"[""PUB-ORIGAMI-20260812::PUB-ORIGAMI-20260812::section-001::child-007"", ""PUB-SENPAI-20260812::PUB-SENPAI-20260812::section-001::child-004"", ""PUB-SENPAI-20260812::PUB-SENPAI-20260812::section-001::child-008"", ""PUB-SENTINEL-20260812::PUB-SENTINEL-20260812::section-001::child-001"", ""PUB-ORIGAMI-20260812::PUB-ORIGAMI-20260812::section-001::child-004""]",W05::chunk-1024_topk-5_rerank-none::W03-LONG-SENPAI-007,5,chunk-1024_topk-5_rerank-none
0.0,850c38a9842f2d620ac5e353798872c489bc3f677221066e2bef8f19be9aaf23,671cffa1cd506f6b6a982476f744ee1f3661c1a336c8cba61e38679fda6f556c,1024,False,parsed,W03-LONG-SENPAI-008,w05_senpai_long_source_from_w03,1.1.0,1.0,0.6666666666666666,0,6046.213,0,meta-llama/Llama-3.1-8B-Instruct,0e9e39f249a16976918f6564b8830bc894c89659,Senpai,6173.126,False,complete,42,1.0,none,103.98,"[""PUB-SENPAI-20260812::PUB-SENPAI-20260812::section-001::child-001"", ""PUB-ORIGAMI-20260812::PUB-ORIGAMI-20260812::section-001::child-004"", ""PUB-SENPAI-20260812::PUB-SENPAI-20260812::section-001::child-008"", ""PUB-SENPAI-20260812::PUB-SENPAI-20260812::section-001::child-004"", ""PUB-SENTINEL-20260812::PUB-SENTINEL-20260812::section-001::child-004""]",W05::chunk-1024_topk-5_rerank-none::W03-LONG-SENPAI-008,5,chunk-1024_topk-5_rerank-none
0.8025181665692873,256a7c9d0803a0f9bb7f4c4f2a4a7b14404363053022a43876817d40e5f444ed,4bf6bd6d9629889a085dc19dfa43a32964fb86f2902bf970cdc76e1a5d1ada5a,1024,False,parsed,W03-LONG-SENPAI-009,w05_senpai_long_source_from_w03,1.1.0,1.0,1.0,0,5763.018,0,meta-llama/Llama-3.1-8B-Instruct,0e9e39f249a16976918f6564b8830bc894c89659,Senpai,5937.309,False,complete,42,1.0,none,145.581,"[""PUB-SENPAI-20260812::PUB-SENPAI-20260812::section-001::child-001"", ""PUB-SENPAI-20260812::PUB-SENPAI-20260812::section-001::child-009"", ""PUB-SENPAI-20260812::PUB-SENPAI-20260812::section-001::child-008"", ""PUB-SENPAI-20260812::PUB-SENPAI-20260812::section-001::child-005"", ""PUB-SENPAI-20260812::PUB-SENPAI-20260812::section-001::child-004""]",W05::chunk-1024_topk-5_rerank-none::W03-LONG-SENPAI-009,5,chunk-1024_topk-5_rerank-none
0.8897848639496678,170f6fab736e9ac9203d9563f32dce479f62e2905115d01a74e8b4ea8e97a3c0,414f06a23afd6e3fce53f6655c7f3bfb3a701dffaf31c30cb14372511debd295,1024,False,parsed,W03-LONG-SENPAI-010,w05_senpai_long_source_from_w03,1.1.0,1.0,1.0,0,15280.785,0,meta-llama/Llama-3.1-8B-Instruct,0e9e39f249a16976918f6564b8830bc894c89659,Senpai,15446.49,False,complete,42,1.0,none,133.378,"[""PUB-SENPAI-20260812::PUB-SENPAI-20260812::section-001::child-004"", ""PUB-SENPAI-20260812::PUB-SENPAI-20260812::section-001::child-001"", ""PUB-SENPAI-20260812::PUB-SENPAI-20260812::section-001::child-005"", ""PUB-SENPAI-20260812::PUB-SENPAI-20260812::section-001::child-002"", ""PUB-SENPAI-20260812::PUB-SENPAI-20260812::section-001::child-006""]",W05::chunk-1024_topk-5_rerank-none::W03-LONG-SENPAI-010,5,chunk-1024_topk-5_rerank-none
0.8290939467543178,ec55acd5baba3ba5458b2a3a265b9e5d560a148a7992cdb690f7303eedce230c,c34b3761fcae8088ac07946fb8d56a633d1a2792c125aa65a16d03f4e9a8ea10,1024,False,parsed,W03-LONG-SENPAI-011,w05_senpai_long_source_from_w03,1.1.0,1.0,1.0,0,7512.428,0,meta-llama/Llama-3.1-8B-Instruct,0e9e39f249a16976918f6564b8830bc894c89659,Senpai,7752.413,False,complete,42,1.0,none,203.923,"[""PUB-ORIGAMI-20260812::PUB-ORIGAMI-20260812::section-001::child-003"", ""PUB-HUMANOID-20260812::PUB-HUMANOID-20260812::section-001::child-002"", ""PUB-ORIGAMI-20260812::PUB-ORIGAMI-20260812::section-001::child-007"", ""PUB-SENPAI-20260812::PUB-SENPAI-20260812::section-001::child-007"", ""PUB-SENTINEL-20260812::PUB-SENTINEL-20260812::section-001::child-002""]",W05::chunk-1024_topk-5_rerank-none::W03-LONG-SENPAI-011,5,chunk-1024_topk-5_rerank-none
0.6582613177305103,a6c306588b098592a37a3a721af3a7ed00b8cfa0b7875e0feaec7b8eca75be32,8c6aa29cac00d808628db31214aaf5aa35511a2cfe16ae2e2f1fd61401e0b2ff,1024,False,parsed,W03-LONG-SENPAI-012,w05_senpai_long_source_from_w03,1.1.0,1.0,1.0,0,11438.351,0,meta-llama/Llama-3.1-8B-Instruct,0e9e39f249a16976918f6564b8830bc894c89659,Senpai,11580.264,False,complete,42,1.0,none,116.32,"[""PUB-SENPAI-20260812::PUB-SENPAI-20260812::section-001::child-008"", ""PUB-SENPAI-20260812::PUB-SENPAI-20260812::section-001::child-007"", ""PUB-SENPAI-20260812::PUB-SENPAI-20260812::section-001::child-009"", ""PUB-SENPAI-20260812::PUB-SENPAI-20260812::section-001::child-001"", ""PUB-SENPAI-20260812::PUB-SENPAI-20260812::section-001::child-002""]",W05::chunk-1024_topk-5_rerank-none::W03-LONG-SENPAI-012,5,chunk-1024_topk-5_rerank-none
0.0,9682e2af4e11f5db2bdb972a2039501a1f6926618b574a67556c9a4ee190cb89,b8ad805e3048fc30f1389008f14761c99b4ab2154706812e21bf9cbf228a0f64,1024,False,parsed,W03-LONG-SENPAI-013,w05_senpai_long_source_from_w03,1.1.0,1.0,0.6666666666666666,0,11133.404,0,meta-llama/Llama-3.1-8B-Instruct,0e9e39f249a16976918f6564b8830bc894c89659,Senpai,11284.294,False,complete,42,0.5,none,122.009,"[""PUB-SENPAI-20260812::PUB-SENPAI-20260812::section-001::child-004"", ""PUB-SENPAI-20260812::PUB-SENPAI-20260812::section-001::child-008"", ""PUB-FARI-20260812::PUB-FARI-20260812::section-001::child-005"", ""PUB-HUMANOID-20260812::PUB-HUMANOID-20260812::section-001::child-008"", ""PUB-SENPAI-20260812::PUB-SENPAI-20260812::section-001::child-009""]",W05::chunk-1024_topk-5_rerank-none::W03-LONG-SENPAI-013,5,chunk-1024_topk-5_rerank-none
0.9934953423055929,95c3569930fb1132ba8d585f3422c606548f248408153de434552025a6918274,4c09609fc398c87fbc98777b7e5809fb3d8d324a120b1d89d55da096b9bb8458,1024,False,parsed,W03-LONG-SENPAI-014,w05_senpai_long_source_from_w03,1.1.0,1.0,1.0,0,7131.116,0,meta-llama/Llama-3.1-8B-Instruct,0e9e39f249a16976918f6564b8830bc894c89659,Senpai,7300.435,False,complete,42,1.0,none,139.609,"[""PUB-SENPAI-20260812::PUB-SENPAI-20260812::section-001::child-009"", ""PUB-SENPAI-20260812::PUB-SENPAI-20260812::section-001::child-001"", ""PUB-SENPAI-20260812::PUB-SENPAI-20260812::section-001::child-002"", ""PUB-SENPAI-20260812::PUB-SENPAI-20260812::section-001::child-004"", ""PUB-SENPAI-20260812::PUB-SENPAI-20260812::section-001::child-003""]",W05::chunk-1024_topk-5_rerank-none::W03-LONG-SENPAI-014,5,chunk-1024_topk-5_rerank-none
0.6701601394700516,dcd56b9d47db5537c31c33d4f7ad645daa0b1a647091d1d2f87de595fa87793c,8425351f44391058f81cbc9483b1bf3735826330f8495260db8a17444c6a907e,1024,False,parsed,W03-LONG-SENPAI-015,w05_senpai_long_source_from_w03,1.1.0,1.0,1.0,0,4455.144,0,meta-llama/Llama-3.1-8B-Instruct,0e9e39f249a16976918f6564b8830bc894c89659,Senpai,4609.139,False,complete,42,1.0,none,127.817,"[""PUB-ORIGAMI-20260812::PUB-ORIGAMI-20260812::section-001::child-004"", ""PUB-SENPAI-20260812::PUB-SENPAI-20260812::section-001::child-009"", ""PUB-SENPAI-20260812::PUB-SENPAI-20260812::section-001::child-002"", ""PUB-SENPAI-20260812::PUB-SENPAI-20260812::section-001::child-001"", ""PUB-SENPAI-20260812::PUB-SENPAI-20260812::section-001::child-003""]",W05::chunk-1024_topk-5_rerank-none::W03-LONG-SENPAI-015,5,chunk-1024_topk-5_rerank-none
0.6454598002750268,86a02a2505e57a37199cc29e01cd33e7f2b19403f28442dabde9d51f4f61e265,271b2bc404a84d346ec3b13ca0e0a7ae9b4e140685ecddc982c5e9fefc7b1fca,1024,False,parsed,W03-LONG-SENPAI-016,w05_senpai_long_source_from_w03,1.1.0,1.0,1.0,0,10806.773,0,meta-llama/Llama-3.1-8B-Instruct,0e9e39f249a16976918f6564b8830bc894c89659,Senpai,10949.143,False,complete,42,1.0,none,114.761,"[""PUB-SENPAI-20260812::PUB-SENPAI-20260812::section-001::child-009"", ""PUB-SENPAI-20260812::PUB-SENPAI-20260812::section-001::child-003"", ""PUB-SENPAI-20260812::PUB-SENPAI-20260812::section-001::child-002"", ""PUB-SENPAI-20260812::PUB-SENPAI-20260812::section-001::child-001"", ""PUB-ORIGAMI-20260812::PUB-ORIGAMI-20260812::section-001::child-004""]",W05::chunk-1024_topk-5_rerank-none::W03-LONG-SENPAI-016,5,chunk-1024_topk-5_rerank-none
0.768586372352361,c802cc6d1176ad6a107f08bcb367f6e60b3edb0384f657d45ec2154569c6f8f4,b78407bcf70945de1156306f82c444c3543a2d8d67039aaa278541e5717bacd0,1024,False,parsed,W03-LONG-SENPAI-017,w05_senpai_long_source_from_w03,1.1.0,0.0,1.0,0,6718.083,0,meta-llama/Llama-3.1-8B-Instruct,0e9e39f249a16976918f6564b8830bc894c89659,Senpai,7172.559,False,complete,42,1.0,none,415.833,"[""PUB-SENPAI-20260812::PUB-SENPAI-20260812::section-001::child-009"", ""PUB-SENPAI-20260812::PUB-SENPAI-20260812::section-001::child-001"", ""PUB-SENPAI-20260812::PUB-SENPAI-20260812::section-001::child-002"", ""PUB-SENPAI-20260812::PUB-SENPAI-20260812::section-001::child-003"", ""PUB-SENPAI-20260812::PUB-SENPAI-20260812::section-001::child-004""]",W05::chunk-1024_topk-5_rerank-none::W03-LONG-SENPAI-017,5,chunk-1024_topk-5_rerank-none
0.8093543539242304,b1c606497c0b4193e6c5a7c4705e57e0ec6381cc562765421f099c965ad6b1f2,4e798f44b8e99a2547e391ebefc56a87bb977653c62b3989c937a1692491d08d,1024,False,parsed,W03-LONG-SENPAI-018,w05_senpai_long_source_from_w03,1.1.0,0.5,0.875,0,4942.458,0,meta-llama/Llama-3.1-8B-Instruct,0e9e39f249a16976918f6564b8830bc894c89659,Senpai,5154.852,False,complete,42,1.0,none,180.056,"[""PUB-SENPAI-20260812::PUB-SENPAI-20260812::section-001::child-001"", ""PUB-SENPAI-20260812::PUB-SENPAI-20260812::section-001::child-003"", ""PUB-SENPAI-20260812::PUB-SENPAI-20260812::section-001::child-002"", ""PUB-SENPAI-20260812::PUB-SENPAI-20260812::section-001::child-009"", ""PUB-ORIGAMI-20260812::PUB-ORIGAMI-20260812::section-001::child-004""]",W05::chunk-1024_topk-5_rerank-none::W03-LONG-SENPAI-018,5,chunk-1024_topk-5_rerank-none
0.752459051783787,283f422439778cb1a59fa05623cededdce05f053b5e8d59ea3c76c7c1dcb0740,dd3d8b3a03ae9bbfc06be5aa6c0dc58cf1301661e6ac441e0299fe775079b903,1024,False,parsed,W03-LONG-SENPAI-019,w05_senpai_long_source_from_w03,1.1.0,0.5,1.0,0,11595.707,0,meta-llama/Llama-3.1-8B-Instruct,0e9e39f249a16976918f6564b8830bc894c89659,Senpai,11864.504,False,complete,42,1.0,none,231.137,"[""PUB-SENPAI-20260812::PUB-SENPAI-20260812::section-001::child-004"", ""PUB-ORIGAMI-20260812::PUB-ORIGAMI-20260812::section-001::child-007"", ""PUB-SENPAI-20260812::PUB-SENPAI-20260812::section-001::child-009"", ""PUB-SENPAI-20260812::PUB-SENPAI-20260812::section-001::child-001"", ""PUB-SENPAI-20260812::PUB-SENPAI-20260812::section-001::child-003""]",W05::chunk-1024_topk-5_rerank-none::W03-LONG-SENPAI-019,5,chunk-1024_topk-5_rerank-none
0.0,37c922f1eb66f960b0d603e286a0a86104b9548e3bf0b83a0a04b12a920e80df,b750a03232b0d607ae0697805a11cbb5fcc167b6783fd8f5de8fad112275f59f,1024,False,parsed,W03-LONG-SENPAI-020,w05_senpai_long_source_from_w03,1.1.0,1.0,0.5,0,6072.372,0,meta-llama/Llama-3.1-8B-Instruct,0e9e39f249a16976918f6564b8830bc894c89659,Senpai,6216.841,False,complete,42,0.5,none,117.869,"[""PUB-SENPAI-20260812::PUB-SENPAI-20260812::section-001::child-001"", ""PUB-SENPAI-20260812::PUB-SENPAI-20260812::section-001::child-004"", ""PUB-ORIGAMI-20260812::PUB-ORIGAMI-20260812::section-001::child-004"", ""PUB-SENPAI-20260812::PUB-SENPAI-20260812::section-001::child-002"", ""PUB-SENPAI-20260812::PUB-SENPAI-20260812::section-001::child-008""]",W05::chunk-1024_topk-5_rerank-none::W03-LONG-SENPAI-020,5,chunk-1024_topk-5_rerank-none
0.933490698720301,217910104544a078a4ccf8df0489f319382eb890680b25520e40ae4192350626,55d2b9d6e4fb77207ff93e189075a555dec39ed2d11e5abac211010a97e0475b,512,False,parsed,W03-LONG-SENPAI-001,w05_senpai_long_source_from_w03,1.1.0,0.5,0.6666666666666666,0,4793.472,0,meta-llama/Llama-3.1-8B-Instruct,0e9e39f249a16976918f6564b8830bc894c89659,Senpai,4976.24,False,complete,42,1.0,none,173.979,"[""PUB-SENPAI-20260812::PUB-SENPAI-20260812::section-001::child-010""]",W05::chunk-512_topk-1_rerank-none::W03-LONG-SENPAI-001,1,chunk-512_topk-1_rerank-none
0.9391647259719104,5afe866c8ea88f129617d93274dd2e67e74e2efd4bd9902a4c76f6b06fc12773,25f7e7928a57d7add860d1ab904778ff3713ae853e2d139a081299a56c7f27ee,512,True,parsed,W03-LONG-SENPAI-002,w05_senpai_long_source_from_w03,1.1.0,1.0,1.0,0,3874.122,0,meta-llama/Llama-3.1-8B-Instruct,0e9e39f249a16976918f6564b8830bc894c89659,Senpai,4011.072,True,complete,42,1.0,none,129.793,"[""PUB-SENPAI-20260812::PUB-SENPAI-20260812::section-001::child-004""]",W05::chunk-512_topk-1_rerank-none::W03-LONG-SENPAI-002,1,chunk-512_topk-1_rerank-none
0.886711362032209,8a6a9e12de801ee18dfd2403273a3116734669984aa4c0ca1fbf1570ef5bcfd1,a24c16bae620302720d4afd8bfc419a419e5d2cafe4b104596eea3e57a151774,512,True,parsed,W03-LONG-SENPAI-003,w05_senpai_long_source_from_w03,1.1.0,1.0,1.0,0,4161.629,0,meta-llama/Llama-3.1-8B-Instruct,0e9e39f249a16976918f6564b8830bc894c89659,Senpai,4264.35,True,complete,42,1.0,none,96.871,"[""PUB-SENPAI-20260812::PUB-SENPAI-20260812::section-001::child-005""]",W05::chunk-512_topk-1_rerank-none::W03-LONG-SENPAI-003,1,chunk-512_topk-1_rerank-none
0.8465587232679689,f7d0fb8f272c368d5c5f6cb39a6a3cb1bbd614eeffc1eb0a54fac81747a5ff1a,adabccf7854436fd6cafbc98ce393acfdeb682a1408173bf3f57850c8806dc9e,512,True,parsed,W03-LONG-SENPAI-004,w05_senpai_long_source_from_w03,1.1.0,0.5,1.0,0,7300.871,0,meta-llama/Llama-3.1-8B-Instruct,0e9e39f249a16976918f6564b8830bc894c89659,Senpai,7424.694,True,complete,42,1.0,none,117.79,"[""PUB-SENPAI-20260812::PUB-SENPAI-20260812::section-001::child-020""]",W05::chunk-512_topk-1_rerank-none::W03-LONG-SENPAI-004,1,chunk-512_topk-1_rerank-none
0.0,cd1a917f131a6af42cb6bad3efae69e6e4d7398f7af9cfefb79a1b7eb122686e,6f260da60cc1d8a1e6d8b32a9e89829d819b95606c63f24dab7127c471a1be00,512,False,parsed,W03-LONG-SENPAI-005,w05_senpai_long_source_from_w03,1.1.0,0.333333,,0,10517.971,0,meta-llama/Llama-3.1-8B-Instruct,0e9e39f249a16976918f6564b8830bc894c89659,Senpai,10675.823,False,metric_failure_retained,42,0.166667,none,149.346,"[""PUB-SENPAI-20260812::PUB-SENPAI-20260812::section-001::child-007""]",W05::chunk-512_topk-1_rerank-none::W03-LONG-SENPAI-005,1,chunk-512_topk-1_rerank-none
0.0,033c08453f18c206660ad244f1428a7578b02160d7d5685a556f328d800768df,e3b3ad6aee49ddd911b5847ea6b5e480225eba6ce06efcc25c5008d3314e8738,512,True,parsed,W03-LONG-SENPAI-006,w05_senpai_long_source_from_w03,1.1.0,0.5,0.6666666666666666,0,6675.786,0,meta-llama/Llama-3.1-8B-Instruct,0e9e39f249a16976918f6564b8830bc894c89659,Senpai,6857.706,True,complete,42,0.5,none,173.85,"[""PUB-SENPAI-20260812::PUB-SENPAI-20260812::section-001::child-007""]",W05::chunk-512_topk-1_rerank-none::W03-LONG-SENPAI-006,1,chunk-512_topk-1_rerank-none
0.0,fd0c13c465da88b03a5567338603b79b1dec40b6b88dd19c1cfe170a66825d4a,6a718f50bc2b0096adc3ff585d30c79c7773ec10c90ef4429ada2147e0de3b4b,512,False,parsed,W03-LONG-SENPAI-007,w05_senpai_long_source_from_w03,1.1.0,0.0,0.6666666666666666,0,5840.83,0,meta-llama/Llama-3.1-8B-Instruct,0e9e39f249a16976918f6564b8830bc894c89659,Senpai,5970.248,False,complete,42,0.5,none,122.384,"[""PUB-SENPAI-20260812::PUB-SENPAI-20260812::section-001::child-011""]",W05::chunk-512_topk-1_rerank-none::W03-LONG-SENPAI-007,1,chunk-512_topk-1_rerank-none
0.0,8a94567661e21bfc57b3bbeba468a99e4c7f1c2ada6a519d7a34290ae9e124c9,35f3b6cc92f762c43fa148da4eaadd78a321de5623d001e6c1605ad889ecce00,512,True,parsed,W03-LONG-SENPAI-008,w05_senpai_long_source_from_w03,1.1.0,1.0,0.3333333333333333,0,6280.272,0,meta-llama/Llama-3.1-8B-Instruct,0e9e39f249a16976918f6564b8830bc894c89659,Senpai,6390.607,True,complete,42,1.0,none,105.42,"[""PUB-SENPAI-20260812::PUB-SENPAI-20260812::section-001::child-009""]",W05::chunk-512_topk-1_rerank-none::W03-LONG-SENPAI-008,1,chunk-512_topk-1_rerank-none
0.8867543412551123,48b646ce76cd0646d6f5b509aa3fc52f833e62f33adaf52a88f136507ff0fbf7,34fe8d6053ff5faeed5145ae913c90b09a96f6dd2285ecebedc4634f8e388242,512,True,parsed,W03-LONG-SENPAI-009,w05_senpai_long_source_from_w03,1.1.0,1.0,1.0,0,5680.582,0,meta-llama/Llama-3.1-8B-Instruct,0e9e39f249a16976918f6564b8830bc894c89659,Senpai,5779.41,True,complete,42,1.0,none,93.388,"[""PUB-SENPAI-20260812::PUB-SENPAI-20260812::section-001::child-010""]",W05::chunk-512_topk-1_rerank-none::W03-LONG-SENPAI-009,1,chunk-512_topk-1_rerank-none
0.9472787516989719,82fbea6f5bbe73c8bf684a43280a4dcadd94cb27c09c92b986380806534651f5,2cb3d6522760199862a14a68883fc38132de95eff4f903c24be4f81a253d0f7a,512,True,parsed,W03-LONG-SENPAI-010,w05_senpai_long_source_from_w03,1.1.0,0.333333,0.8571428571428571,0,7255.838,0,meta-llama/Llama-3.1-8B-Instruct,0e9e39f249a16976918f6564b8830bc894c89659,Senpai,7367.11,True,complete,42,1.0,none,105.822,"[""PUB-SENPAI-20260812::PUB-SENPAI-20260812::section-001::child-011""]",W05::chunk-512_topk-1_rerank-none::W03-LONG-SENPAI-010,1,chunk-512_topk-1_rerank-none
0.0,6e594efabf23c2e7480a9ecff4ae7598bec30952ab7782f0580418a4ec080230,200dce5be703141e25ca5576e49e34c96b2318a76671cf58f8b1125242c615e7,512,True,parsed,W03-LONG-SENPAI-011,w05_senpai_long_source_from_w03,1.1.0,0.666667,1.0,0,6026.971,0,meta-llama/Llama-3.1-8B-Instruct,0e9e39f249a16976918f6564b8830bc894c89659,Senpai,6156.911,True,complete,42,1.0,none,122.247,"[""PUB-SENPAI-20260812::PUB-SENPAI-20260812::section-001::child-014""]",W05::chunk-512_topk-1_rerank-none::W03-LONG-SENPAI-011,1,chunk-512_topk-1_rerank-none
0.8506611269075828,8624bf3a61565ea4d02cec2bb193c6e20908497d146117ab5b9af72a26914a71,11e78a57dce55c4ef7d7b2fc70171f617fd38c4a0eaafc1e429ca0a5dcd0f8c9,512,False,parsed,W03-LONG-SENPAI-012,w05_senpai_long_source_from_w03,1.1.0,0.75,1.0,0,14541.405,0,meta-llama/Llama-3.1-8B-Instruct,0e9e39f249a16976918f6564b8830bc894c89659,Senpai,14673.814,False,complete,42,1.0,none,124.768,"[""PUB-SENPAI-20260812::PUB-SENPAI-20260812::section-001::child-017""]",W05::chunk-512_topk-1_rerank-none::W03-LONG-SENPAI-012,1,chunk-512_topk-1_rerank-none
0.0,3942e39667738a50962357d93b34952d525ea5ce207e2c65bd191c38928bec76,6adde6d90536c1ac82cd7d0f91a08981558c5446fc4ecfa2976a5dba60c1a3e3,512,True,parsed,W03-LONG-SENPAI-013,w05_senpai_long_source_from_w03,1.1.0,1.0,1.0,0,6854.625,0,meta-llama/Llama-3.1-8B-Instruct,0e9e39f249a16976918f6564b8830bc894c89659,Senpai,6995.282,True,complete,42,0.5,none,130.955,"[""PUB-SENPAI-20260812::PUB-SENPAI-20260812::section-001::child-018""]",W05::chunk-512_topk-1_rerank-none::W03-LONG-SENPAI-013,1,chunk-512_topk-1_rerank-none
0.9934953423055929,cf212a82e184fe8fb991ce91e69a1d87f73046093d0ce243bce4668cd2bc1dd9,35f2d24a9e928b4959c9efd1e17e68a7be7fddc04f26d66283010ae88062597c,512,True,parsed,W03-LONG-SENPAI-014,w05_senpai_long_source_from_w03,1.1.0,1.0,1.0,0,3581.278,0,meta-llama/Llama-3.1-8B-Instruct,0e9e39f249a16976918f6564b8830bc894c89659,Senpai,3694.691,True,complete,42,1.0,none,107.434,"[""PUB-SENPAI-20260812::PUB-SENPAI-20260812::section-001::child-018""]",W05::chunk-512_topk-1_rerank-none::W03-LONG-SENPAI-014,1,chunk-512_topk-1_rerank-none
0.0,2528c094554bf88d4530d2f7f8746f7356ad4fc9694b65deac18439fc16d457e,3c5a78afb98d2d7f9f9d1f709d4aa6f95641b88cbd7f75f76142807631c4a44b,512,False,parsed_after_deterministic_repair,W03-LONG-SENPAI-015,w05_senpai_long_source_from_w03,1.1.0,0.0,,0,1309.533,0,meta-llama/Llama-3.1-8B-Instruct,0e9e39f249a16976918f6564b8830bc894c89659,Senpai,1458.798,False,metric_failure_retained,42,0.0,none,141.102,"[""PUB-SENPAI-20260812::PUB-SENPAI-20260812::section-001::child-005""]",W05::chunk-512_topk-1_rerank-none::W03-LONG-SENPAI-015,1,chunk-512_topk-1_rerank-none
0.0,f00961592463383c201d6d86d9db1f5cbce01db775782666cc624e74c69792ca,b11bdcea4d5b2fd67fc54e52d62a69efa6f79becf6c9aefe64479a7c63f4ec5b,512,False,parsed,W03-LONG-SENPAI-016,w05_senpai_long_source_from_w03,1.1.0,0.0,0.6666666666666666,0,4945.069,0,meta-llama/Llama-3.1-8B-Instruct,0e9e39f249a16976918f6564b8830bc894c89659,Senpai,5075.613,False,complete,42,0.5,none,123.199,"[""PUB-SENPAI-20260812::PUB-SENPAI-20260812::section-001::child-005""]",W05::chunk-512_topk-1_rerank-none::W03-LONG-SENPAI-016,1,chunk-512_topk-1_rerank-none
0.0,39a4d37d8035cc83ccb3fb81a0389a2615ab727cf489213dbe3efc714b8a1cc9,a8918f7bfdc23887849a39f7f2ac0cbf92264a95a82cc0aa1e049d52c850b6dd,512,False,parsed,W03-LONG-SENPAI-017,w05_senpai_long_source_from_w03,1.1.0,0.0,0.25,0,9690.923,0,meta-llama/Llama-3.1-8B-Instruct,0e9e39f249a16976918f6564b8830bc894c89659,Senpai,9809.813,False,complete,42,0.5,none,111.682,"[""PUB-SENPAI-20260812::PUB-SENPAI-20260812::section-001::child-018""]",W05::chunk-512_topk-1_rerank-none::W03-LONG-SENPAI-017,1,chunk-512_topk-1_rerank-none
0.7412392102207814,1967823a1d3f7a75a1d1f6c865c82411290f04c9142162c06fd757818e31e6a1,dee26e35d0b5e0a528e1129a64c2c450b87161f9b043256b2168f5a246a7890b,512,False,parsed,W03-LONG-SENPAI-018,w05_senpai_long_source_from_w03,1.1.0,0.5,1.0,0,17083.183,0,meta-llama/Llama-3.1-8B-Instruct,0e9e39f249a16976918f6564b8830bc894c89659,Senpai,17173.048,False,complete,42,1.0,none,84.145,"[""PUB-SENPAI-20260812::PUB-SENPAI-20260812::section-001::child-005""]",W05::chunk-512_topk-1_rerank-none::W03-LONG-SENPAI-018,1,chunk-512_topk-1_rerank-none
0.7940513951861199,6eb2aec0ee4a8375703ddd93058e3246980c4cb2e29aaeb5e51528b877c2162e,cac651d2b95010a826cad1f9416c7be0e50b01db0fbf26d6b90123b57fc0b4c2,512,False,parsed,W03-LONG-SENPAI-019,w05_senpai_long_source_from_w03,1.1.0,0.0,0.8,0,15787.95,0,meta-llama/Llama-3.1-8B-Instruct,0e9e39f249a16976918f6564b8830bc894c89659,Senpai,15894.745,False,complete,42,1.0,none,100.168,"[""PUB-SENPAI-20260812::PUB-SENPAI-20260812::section-001::child-007""]",W05::chunk-512_topk-1_rerank-none::W03-LONG-SENPAI-019,1,chunk-512_topk-1_rerank-none
0.0,18a682441e874875871b0efdfe4db3c323aeb70988e7aceb7b8ceac7902392ab,0e48565caa467a8eb6f235434de9d1c28e13a7417cdbee335d0dd533cff9ca86,512,False,parsed,W03-LONG-SENPAI-020,w05_senpai_long_source_from_w03,1.1.0,0.0,,0,3762.066,0,meta-llama/Llama-3.1-8B-Instruct,0e9e39f249a16976918f6564b8830bc894c89659,Senpai,3894.814,False,metric_failure_retained,42,0.5,none,125.841,"[""PUB-SENPAI-20260812::PUB-SENPAI-20260812::section-001::child-010""]",W05::chunk-512_topk-1_rerank-none::W03-LONG-SENPAI-020,1,chunk-512_topk-1_rerank-none
0.0,37a9ba3edb23902b89c6915f75b8c190a6062bef8a397b24d73ba2ea4da5b68d,c6a564aa931377d17ba3a8b05dc9c681eeeaed1b67eff0d8418fcba000c85c2c,512,False,parsed,W03-LONG-SENPAI-001,w05_senpai_long_source_from_w03,1.1.0,1.0,0.6666666666666666,0,4472.797,0,meta-llama/Llama-3.1-8B-Instruct,0e9e39f249a16976918f6564b8830bc894c89659,Senpai,4581.682,False,complete,42,1.0,none,95.311,"[""PUB-SENPAI-20260812::PUB-SENPAI-20260812::section-001::child-010"", ""PUB-SENPAI-20260812::PUB-SENPAI-20260812::section-001::child-001"", ""PUB-SENPAI-20260812::PUB-SENPAI-20260812::section-001::child-018"", ""PUB-SENPAI-20260812::PUB-SENPAI-20260812::section-001::child-011"", ""PUB-SENPAI-20260812::PUB-SENPAI-20260812::section-001::child-005""]",W05::chunk-512_topk-5_rerank-none::W03-LONG-SENPAI-001,5,chunk-512_topk-5_rerank-none
0.8602270727624225,7630141bb90195d5979b186c4b89a1e2df44a189627f3f8eef60b61849a6d5aa,69d7be6b8d9f7676771fe8e21755713628140c0a3b2ed030a487fe2047795298,512,True,parsed,W03-LONG-SENPAI-002,w05_senpai_long_source_from_w03,1.1.0,1.0,1.0,0,3115.455,0,meta-llama/Llama-3.1-8B-Instruct,0e9e39f249a16976918f6564b8830bc894c89659,Senpai,3220.705,False,complete,42,1.0,none,93.89,"[""PUB-SENPAI-20260812::PUB-SENPAI-20260812::section-001::child-004"", ""PUB-SENPAI-20260812::PUB-SENPAI-20260812::section-001::child-006"", ""PUB-SENPAI-20260812::PUB-SENPAI-20260812::section-001::child-002"", ""PUB-SENPAI-20260812::PUB-SENPAI-20260812::section-001::child-018"", ""PUB-FUTURE-08-20210624::PUB-FUTURE-08-20210624::section-001::child-003""]",W05::chunk-512_topk-5_rerank-none::W03-LONG-SENPAI-002,5,chunk-512_topk-5_rerank-none
0.9031809727018446,ecf744294331639eed77f18f6c6380433c120077cecef6ff9eabc56d44f41d74,d63224f280519c651b28c23982812ed610443f84baf7b1ab3a26f2e1d8223edf,512,False,parsed,W03-LONG-SENPAI-003,w05_senpai_long_source_from_w03,1.1.0,1.0,1.0,0,7259.02,0,meta-llama/Llama-3.1-8B-Instruct,0e9e39f249a16976918f6564b8830bc894c89659,Senpai,7380.601,False,complete,42,1.0,none,107.911,"[""PUB-SENPAI-20260812::PUB-SENPAI-20260812::section-001::child-005"", ""PUB-SENPAI-20260812::PUB-SENPAI-20260812::section-001::child-011"", ""PUB-SENPAI-20260812::PUB-SENPAI-20260812::section-001::child-018"", ""PUB-SENPAI-20260812::PUB-SENPAI-20260812::section-001::child-020"", ""PUB-SENPAI-20260812::PUB-SENPAI-20260812::section-001::child-001""]",W05::chunk-512_topk-5_rerank-none::W03-LONG-SENPAI-003,5,chunk-512_topk-5_rerank-none
0.8617880762546647,bb4cf8bf26588ee70a595c9d24f0b4f91b70367d853b4bd5c8ee11e2d273082c,7ef37d411535a70aeee2a7f2fab87f76b727c755c11783068ad70d219c065645,512,False,parsed,W03-LONG-SENPAI-004,w05_senpai_long_source_from_w03,1.1.0,0.5,1.0,0,8309.942,0,meta-llama/Llama-3.1-8B-Instruct,0e9e39f249a16976918f6564b8830bc894c89659,Senpai,8439.767,False,complete,42,1.0,none,115.644,"[""PUB-SENPAI-20260812::PUB-SENPAI-20260812::section-001::child-020"", ""PUB-SENPAI-20260812::PUB-SENPAI-20260812::section-001::child-006"", ""PUB-SENPAI-20260812::PUB-SENPAI-20260812::section-001::child-002"", ""PUB-SENPAI-20260812::PUB-SENPAI-20260812::section-001::child-018"", ""PUB-SENPAI-20260812::PUB-SENPAI-20260812::section-001::child-011""]",W05::chunk-512_topk-5_rerank-none::W03-LONG-SENPAI-004,5,chunk-512_topk-5_rerank-none
0.8704445669302566,f77bd6d2d35fc362bbe81c3ed07a37e17900e8d68c0b443d6f10e7d99c17f65f,81e228d73daea737b3e91fb713f42ed4538fbb11cdc33b66a1a5736c27843571,512,False,parsed,W03-LONG-SENPAI-005,w05_senpai_long_source_from_w03,1.1.0,1.0,1.0,0,9169.98,0,meta-llama/Llama-3.1-8B-Instruct,0e9e39f249a16976918f6564b8830bc894c89659,Senpai,9347.493,False,complete,42,1.0,none,156.712,"[""PUB-SENPAI-20260812::PUB-SENPAI-20260812::section-001::child-007"", ""PUB-SENPAI-20260812::PUB-SENPAI-20260812::section-001::child-006"", ""PUB-SENPAI-20260812::PUB-SENPAI-20260812::section-001::child-002"", ""PUB-SENPAI-20260812::PUB-SENPAI-20260812::section-001::child-004"", ""PUB-SENPAI-20260812::PUB-SENPAI-20260812::section-001::child-001""]",W05::chunk-512_topk-5_rerank-none::W03-LONG-SENPAI-005,5,chunk-512_topk-5_rerank-none
0.6520691565486868,ed45c33ce9cbadd9a52cb7e7588d7fc6d0cd2045266006b65d9bc61f22f1c7f1,6f8e4138797e65e8783c00bdc67a02c7ff5127f2ba9321af587e1e4378b32d8b,512,False,parsed,W03-LONG-SENPAI-006,w05_senpai_long_source_from_w03,1.1.0,1.0,1.0,0,6551.854,0,meta-llama/Llama-3.1-8B-Instruct,0e9e39f249a16976918f6564b8830bc894c89659,Senpai,6805.478,False,complete,42,1.0,none,225.993,"[""PUB-SENPAI-20260812::PUB-SENPAI-20260812::section-001::child-007"", ""PUB-SENPAI-20260812::PUB-SENPAI-20260812::section-001::child-011"", ""PUB-ORIGAMI-20260812::PUB-ORIGAMI-20260812::section-001::child-014"", ""PUB-SENPAI-20260812::PUB-SENPAI-20260812::section-001::child-008"", ""PUB-SENPAI-20260812::PUB-SENPAI-20260812::section-001::child-018""]",W05::chunk-512_topk-5_rerank-none::W03-LONG-SENPAI-006,5,chunk-512_topk-5_rerank-none
0.7018375429694482,20e77f57ac3abecec6660d1ad8c7f3cebd794fc789032be3c94dbccb11cdc524,5f0a9710489f0d647b69e700700991968a698ca5378e9a5cc1e029d337f722fa,512,False,parsed,W03-LONG-SENPAI-007,w05_senpai_long_source_from_w03,1.1.0,1.0,1.0,0,5651.611,0,meta-llama/Llama-3.1-8B-Instruct,0e9e39f249a16976918f6564b8830bc894c89659,Senpai,5832.851,False,complete,42,1.0,none,158.916,"[""PUB-SENPAI-20260812::PUB-SENPAI-20260812::section-001::child-011"", ""PUB-SENPAI-20260812::PUB-SENPAI-20260812::section-001::child-008"", ""PUB-SENTINEL-20260812::PUB-SENTINEL-20260812::section-001::child-001"", ""PUB-FARI-20260812::PUB-FARI-20260812::section-001::child-017"", ""PUB-SENPAI-20260812::PUB-SENPAI-20260812::section-001::child-019""]",W05::chunk-512_topk-5_rerank-none::W03-LONG-SENPAI-007,5,chunk-512_topk-5_rerank-none
0.0,453e37898da156644cb3625ce83a0885ab01a6b7cc434d1d6ac8f7faac44d388,931483206272d8aaec9e98f4dfbb90a8acf89277f045eeb1a4a97111a048070e,512,False,parsed,W03-LONG-SENPAI-008,w05_senpai_long_source_from_w03,1.1.0,1.0,0.6666666666666666,0,10753.259,0,meta-llama/Llama-3.1-8B-Instruct,0e9e39f249a16976918f6564b8830bc894c89659,Senpai,10837.255,False,complete,42,1.0,none,72.634,"[""PUB-SENPAI-20260812::PUB-SENPAI-20260812::section-001::child-009"", ""PUB-SENPAI-20260812::PUB-SENPAI-20260812::section-001::child-018"", ""PUB-SENPAI-20260812::PUB-SENPAI-20260812::section-001::child-001"", ""PUB-SENPAI-20260812::PUB-SENPAI-20260812::section-001::child-010"", ""PUB-FARI-20260812::PUB-FARI-20260812::section-001::child-017""]",W05::chunk-512_topk-5_rerank-none::W03-LONG-SENPAI-008,5,chunk-512_topk-5_rerank-none
0.7804622240128497,eeebc10540c317ddc5d0308602d1b2367eed7bec915de6265f17cc22e5a65941,e32c26d02df753b40f53dbc04ccc7d6e8a14c6b1f05acdbdc3441f28ab9e0454,512,False,parsed,W03-LONG-SENPAI-009,w05_senpai_long_source_from_w03,1.1.0,1.0,1.0,0,4849.383,0,meta-llama/Llama-3.1-8B-Instruct,0e9e39f249a16976918f6564b8830bc894c89659,Senpai,4984.607,False,complete,42,1.0,none,120.5,"[""PUB-SENPAI-20260812::PUB-SENPAI-20260812::section-001::child-010"", ""PUB-SENPAI-20260812::PUB-SENPAI-20260812::section-001::child-018"", ""PUB-SENPAI-20260812::PUB-SENPAI-20260812::section-001::child-002"", ""PUB-ORIGAMI-20260812::PUB-ORIGAMI-20260812::section-001::child-014"", ""PUB-SENPAI-20260812::PUB-SENPAI-20260812::section-001::child-011""]",W05::chunk-512_topk-5_rerank-none::W03-LONG-SENPAI-009,5,chunk-512_topk-5_rerank-none
0.9012872768202902,c593aadcdd6a6b2ab732092fb29aafc1cf9b8f854d159e1d8056c316ad53598a,d5b8e8f55dd6a843912d28c715fdc193031f12f27e0908442d9512d6b64f5f44,512,False,parsed,W03-LONG-SENPAI-010,w05_senpai_long_source_from_w03,1.1.0,0.333333,1.0,0,7412.039,0,meta-llama/Llama-3.1-8B-Instruct,0e9e39f249a16976918f6564b8830bc894c89659,Senpai,7639.075,False,complete,42,1.0,none,205.943,"[""PUB-SENPAI-20260812::PUB-SENPAI-20260812::section-001::child-011"", ""PUB-SENPAI-20260812::PUB-SENPAI-20260812::section-001::child-007"", ""PUB-SENPAI-20260812::PUB-SENPAI-20260812::section-001::child-001"", ""PUB-SENPAI-20260812::PUB-SENPAI-20260812::section-001::child-002"", ""PUB-ORIGAMI-20260812::PUB-ORIGAMI-20260812::section-001::child-014""]",W05::chunk-512_topk-5_rerank-none::W03-LONG-SENPAI-010,5,chunk-512_topk-5_rerank-none
0.9202494886046461,4f4a3e46939948edb5e815ca0ed51547fd681885414091ef5dd508370ee2d22e,6ff24ece82cc26777797a084d32f72ddd3b8d5ce457f727ae6d14d7bf6b298b9,512,False,parsed,W03-LONG-SENPAI-011,w05_senpai_long_source_from_w03,1.1.0,1.0,1.0,0,6691.268,0,meta-llama/Llama-3.1-8B-Instruct,0e9e39f249a16976918f6564b8830bc894c89659,Senpai,6817.584,False,complete,42,1.0,none,111.297,"[""PUB-SENPAI-20260812::PUB-SENPAI-20260812::section-001::child-014"", ""PUB-HUMANOID-20260812::PUB-HUMANOID-20260812::section-001::child-003"", ""PUB-SENPAI-20260812::PUB-SENPAI-20260812::section-001::child-015"", ""PUB-ORIGAMI-20260812::PUB-ORIGAMI-20260812::section-001::child-015"", ""PUB-HUMANOID-20260812::PUB-HUMANOID-20260812::section-001::child-015""]",W05::chunk-512_topk-5_rerank-none::W03-LONG-SENPAI-011,5,chunk-512_topk-5_rerank-none
0.6443629538680752,18ef1330d9e4587f1d2626048849d4e23c67355f10fc44902fdc081dba5e5294,189a9bf1d456dfa5994194e3286a9bb60bc4a9e4fbf3f62aca30da91d6d0ed1e,512,False,parsed,W03-LONG-SENPAI-012,w05_senpai_long_source_from_w03,1.1.0,1.0,1.0,0,8987.435,0,meta-llama/Llama-3.1-8B-Instruct,0e9e39f249a16976918f6564b8830bc894c89659,Senpai,9110.196,False,complete,42,1.0,none,108.723,"[""PUB-SENPAI-20260812::PUB-SENPAI-20260812::section-001::child-017"", ""PUB-SENPAI-20260812::PUB-SENPAI-20260812::section-001::child-018"", ""PUB-SENPAI-20260812::PUB-SENPAI-20260812::section-001::child-016"", ""PUB-SENPAI-20260812::PUB-SENPAI-20260812::section-001::child-010"", ""PUB-SENPAI-20260812::PUB-SENPAI-20260812::section-001::child-001""]",W05::chunk-512_topk-5_rerank-none::W03-LONG-SENPAI-012,5,chunk-512_topk-5_rerank-none
0.0,8812890f2aaa1ed300a009af31556ba6275a895704688d2fff3e68dcec6f0d90,3b1c06342e5f8cb5165f036cabefcb922e3274e883805c0e43242d98f9f5e293,512,False,parsed,W03-LONG-SENPAI-013,w05_senpai_long_source_from_w03,1.1.0,1.0,0.8333333333333334,0,18113.663,0,meta-llama/Llama-3.1-8B-Instruct,0e9e39f249a16976918f6564b8830bc894c89659,Senpai,18282.298,False,complete,42,1.0,none,151.099,"[""PUB-SENPAI-20260812::PUB-SENPAI-20260812::section-001::child-018"", ""PUB-SENPAI-20260812::PUB-SENPAI-20260812::section-001::child-010"", ""PUB-SENPAI-20260812::PUB-SENPAI-20260812::section-001::child-009"", ""PUB-SENTINEL-20260812::PUB-SENTINEL-20260812::section-001::child-004"", ""PUB-SENPAI-20260812::PUB-SENPAI-20260812::section-001::child-007""]",W05::chunk-512_topk-5_rerank-none::W03-LONG-SENPAI-013,5,chunk-512_topk-5_rerank-none
0.869139662973153,62b6b81817bcc0be870faf0471c0761e294383b6c3095a77847ad8a415e5fb11,2f0511f0010facfac4a3023e660a6c23e0f51792584faae791c1c67fe77c73ab,512,False,parsed,W03-LONG-SENPAI-014,w05_senpai_long_source_from_w03,1.1.0,1.0,1.0,0,5560.151,0,meta-llama/Llama-3.1-8B-Instruct,0e9e39f249a16976918f6564b8830bc894c89659,Senpai,5688.09,False,complete,42,1.0,none,113.665,"[""PUB-SENPAI-20260812::PUB-SENPAI-20260812::section-001::child-018"", ""PUB-SENPAI-20260812::PUB-SENPAI-20260812::section-001::child-020"", ""PUB-SENPAI-20260812::PUB-SENPAI-20260812::section-001::child-002"", ""PUB-SENPAI-20260812::PUB-SENPAI-20260812::section-001::child-005"", ""PUB-SENPAI-20260812::PUB-SENPAI-20260812::section-001::child-019""]",W05::chunk-512_topk-5_rerank-none::W03-LONG-SENPAI-014,5,chunk-512_topk-5_rerank-none
0.0,8376dc79e74a6f3c7185843681bc532915271f1262cfe1ce34bfffb7c3e7f318,38448edb936dd7052e334a651a6297c2258cf069d986734786f6b0be58c5aaf3,512,False,parsed_after_deterministic_repair,W03-LONG-SENPAI-015,w05_senpai_long_source_from_w03,1.1.0,0.0,0.0,0,2078.253,0,meta-llama/Llama-3.1-8B-Instruct,0e9e39f249a16976918f6564b8830bc894c89659,Senpai,2184.502,False,complete,42,0.0,none,93.914,"[""PUB-SENPAI-20260812::PUB-SENPAI-20260812::section-001::child-005"", ""PUB-SENPAI-20260812::PUB-SENPAI-20260812::section-001::child-011"", ""PUB-SENPAI-20260812::PUB-SENPAI-20260812::section-001::child-004"", ""PUB-SENPAI-20260812::PUB-SENPAI-20260812::section-001::child-006"", ""PUB-SENPAI-20260812::PUB-SENPAI-20260812::section-001::child-002""]",W05::chunk-512_topk-5_rerank-none::W03-LONG-SENPAI-015,5,chunk-512_topk-5_rerank-none
0.9785572172186181,e099d70069c1eb0e16fd2bfb9e3869e6b51d8d2e547ae267490e40e87ab916b8,d3aba89ae3fbae58471e5720577c3359b30ad12e035fa77e149ba56ac22de5ca,512,False,parsed,W03-LONG-SENPAI-016,w05_senpai_long_source_from_w03,1.1.0,1.0,0.8333333333333334,0,5370.089,0,meta-llama/Llama-3.1-8B-Instruct,0e9e39f249a16976918f6564b8830bc894c89659,Senpai,5485.383,False,complete,42,1.0,none,97.784,"[""PUB-SENPAI-20260812::PUB-SENPAI-20260812::section-001::child-005"", ""PUB-SENPAI-20260812::PUB-SENPAI-20260812::section-001::child-020"", ""PUB-SENPAI-20260812::PUB-SENPAI-20260812::section-001::child-018"", ""PUB-SENPAI-20260812::PUB-SENPAI-20260812::section-001::child-010"", ""PUB-SENPAI-20260812::PUB-SENPAI-20260812::section-001::child-002""]",W05::chunk-512_topk-5_rerank-none::W03-LONG-SENPAI-016,5,chunk-512_topk-5_rerank-none
0.7516552633169654,dd972c33975527236c4e484016e57ca1ea6e14599383643b537d8a5c50caed2e,f7a42dda9b2593c7edea29d257ef1ae73fd4346991e45cdc316e55d6a2527f7f,512,False,parsed,W03-LONG-SENPAI-017,w05_senpai_long_source_from_w03,1.1.0,1.0,1.0,0,4355.194,0,meta-llama/Llama-3.1-8B-Instruct,0e9e39f249a16976918f6564b8830bc894c89659,Senpai,4484.332,False,complete,42,1.0,none,115.26,"[""PUB-SENPAI-20260812::PUB-SENPAI-20260812::section-001::child-018"", ""PUB-SENPAI-20260812::PUB-SENPAI-20260812::section-001::child-020"", ""PUB-SENPAI-20260812::PUB-SENPAI-20260812::section-001::child-010"", ""PUB-SENPAI-20260812::PUB-SENPAI-20260812::section-001::child-002"", ""PUB-ORIGAMI-20260812::PUB-ORIGAMI-20260812::section-001::child-014""]",W05::chunk-512_topk-5_rerank-none::W03-LONG-SENPAI-017,5,chunk-512_topk-5_rerank-none
0.6907629097540903,a3bd1d27415f9bc663602c85799a0be9e27f5b28aa76c98c56513bcb031fc65d,5d4386aa92fd683417ddb6e1b1b020f79f201bcd55adeba54b9585ad1b227d82,512,False,parsed,W03-LONG-SENPAI-018,w05_senpai_long_source_from_w03,1.1.0,1.0,0.8333333333333334,0,10236.221,0,meta-llama/Llama-3.1-8B-Instruct,0e9e39f249a16976918f6564b8830bc894c89659,Senpai,10340.995,False,complete,42,1.0,none,92.078,"[""PUB-SENPAI-20260812::PUB-SENPAI-20260812::section-001::child-005"", ""PUB-SENPAI-20260812::PUB-SENPAI-20260812::section-001::child-001"", ""PUB-SENPAI-20260812::PUB-SENPAI-20260812::section-001::child-018"", ""PUB-SENPAI-20260812::PUB-SENPAI-20260812::section-001::child-010"", ""PUB-SENPAI-20260812::PUB-SENPAI-20260812::section-001::child-009""]",W05::chunk-512_topk-5_rerank-none::W03-LONG-SENPAI-018,5,chunk-512_topk-5_rerank-none
0.7719227494155391,f2a16828eeeebc2d73ae6b0c2912f5880aff034f5cc29a9fbd4c4c76c142dcaf,1fef68dbb31067ae952b2e9009af0b96582c132450f74f239ee7515a5a87e390,512,False,parsed,W03-LONG-SENPAI-019,w05_senpai_long_source_from_w03,1.1.0,0.5,0.3333333333333333,0,16345.651,0,meta-llama/Llama-3.1-8B-Instruct,0e9e39f249a16976918f6564b8830bc894c89659,Senpai,16471.916,False,complete,42,1.0,none,110.357,"[""PUB-SENPAI-20260812::PUB-SENPAI-20260812::section-001::child-007"", ""PUB-SENPAI-20260812::PUB-SENPAI-20260812::section-001::child-008"", ""PUB-SENPAI-20260812::PUB-SENPAI-20260812::section-001::child-018"", ""PUB-SENPAI-20260812::PUB-SENPAI-20260812::section-001::child-006"", ""PUB-SENPAI-20260812::PUB-SENPAI-20260812::section-001::child-011""]",W05::chunk-512_topk-5_rerank-none::W03-LONG-SENPAI-019,5,chunk-512_topk-5_rerank-none
0.0,82b6c7ac2951f6097742adde4857a92f5dd771126a20d8ae5d7d1df2ee5a80e7,384e05cff342f7cd30db3da040316bfe8df6481b7751a222a40cd7ab61cba836,512,False,parsed,W03-LONG-SENPAI-020,w05_senpai_long_source_from_w03,1.1.0,1.0,0.0,0,1310.505,0,meta-llama/Llama-3.1-8B-Instruct,0e9e39f249a16976918f6564b8830bc894c89659,Senpai,1472.654,False,complete,42,0.5,none,140.343,"[""PUB-SENPAI-20260812::PUB-SENPAI-20260812::section-001::child-010"", ""PUB-SENPAI-20260812::PUB-SENPAI-20260812::section-001::child-009"", ""PUB-SENPAI-20260812::PUB-SENPAI-20260812::section-001::child-001"", ""PUB-SENPAI-20260812::PUB-SENPAI-20260812::section-001::child-018"", ""PUB-SENPAI-20260812::PUB-SENPAI-20260812::section-001::child-011""]",W05::chunk-512_topk-5_rerank-none::W03-LONG-SENPAI-020,5,chunk-512_topk-5_rerank-none
0.0,85aaf2f7db6a6cd3129118f1da2404e73ab44ea6736950007c104ebc46db38b5,9ac9158232c0c864b753298ed52c53e58106aab405f1d7e15c93af5af593f4ee,1024,False,parsed,W03-LONG-SENPAI-001,w05_senpai_long_source_from_w03,1.1.0,1.0,0.75,0,5941.235,0,meta-llama/Llama-3.1-8B-Instruct,0e9e39f249a16976918f6564b8830bc894c89659,Senpai,8026.722,False,complete,42,1.0,cross_encoder,2076.885,"[""PUB-SENPAI-20260812::PUB-SENPAI-20260812::section-001::child-001"", ""PUB-SENPAI-20260812::PUB-SENPAI-20260812::section-001::child-005"", ""PUB-FUTURE-08-20210624::PUB-FUTURE-08-20210624::section-001::child-001""]",W05::chunk-1024_topk-3_rerank-ce::W03-LONG-SENPAI-001,3,chunk-1024_topk-3_rerank-ce
0.8365197331603919,e45b321473e8e0fbfa751869d8061b383aceddde3765b0071941b7f268a85323,7962d71e68d38799f7f089185a4534241f041e4be2f7c9aaa293dae376de288f,1024,False,parsed,W03-LONG-SENPAI-002,w05_senpai_long_source_from_w03,1.1.0,1.0,1.0,0,3959.633,0,meta-llama/Llama-3.1-8B-Instruct,0e9e39f249a16976918f6564b8830bc894c89659,Senpai,6031.303,False,complete,42,1.0,cross_encoder,2064.5,"[""PUB-SENPAI-20260812::PUB-SENPAI-20260812::section-001::child-002"", ""PUB-SENPAI-20260812::PUB-SENPAI-20260812::section-001::child-003"", ""PUB-SENPAI-20260812::PUB-SENPAI-20260812::section-001::child-001""]",W05::chunk-1024_topk-3_rerank-ce::W03-LONG-SENPAI-002,3,chunk-1024_topk-3_rerank-ce
0.8886159574431548,81a726da98dd096ec612035349293b14bbd5dca4de370ca8de6f0d062d89d933,8eb5e6b00b26da53411c9eeeec0f8dc9b60ce6ebdc53c77328a532c308fd9a00,1024,False,parsed,W03-LONG-SENPAI-003,w05_senpai_long_source_from_w03,1.1.0,1.0,1.0,0,7107.505,0,meta-llama/Llama-3.1-8B-Instruct,0e9e39f249a16976918f6564b8830bc894c89659,Senpai,9207.139,False,complete,42,1.0,cross_encoder,2092.469,"[""PUB-SENPAI-20260812::PUB-SENPAI-20260812::section-001::child-002"", ""PUB-SENPAI-20260812::PUB-SENPAI-20260812::section-001::child-009"", ""PUB-SENPAI-20260812::PUB-SENPAI-20260812::section-001::child-003""]",W05::chunk-1024_topk-3_rerank-ce::W03-LONG-SENPAI-003,3,chunk-1024_topk-3_rerank-ce
0.0,893870569042830acab309d14500edae320e99d2d429b8d0b38de77dd4c39131,aaf1fb82f9649f4d01e85e5fd90da84cb1f24cf52b0f5e0727138c157f7e3b69,1024,False,parsed,W03-LONG-SENPAI-004,w05_senpai_long_source_from_w03,1.1.0,0.5,0.6666666666666666,0,8649.414,0,meta-llama/Llama-3.1-8B-Instruct,0e9e39f249a16976918f6564b8830bc894c89659,Senpai,10850.704,False,complete,42,1.0,cross_encoder,2194.475,"[""PUB-SENPAI-20260812::PUB-SENPAI-20260812::section-001::child-010"", ""PUB-SENPAI-20260812::PUB-SENPAI-20260812::section-001::child-008"", ""PUB-SENPAI-20260812::PUB-SENPAI-20260812::section-001::child-009""]",W05::chunk-1024_topk-3_rerank-ce::W03-LONG-SENPAI-004,3,chunk-1024_topk-3_rerank-ce
0.8192382882136497,1c345845bdc56a4c044ce7962d7def8f11a955b7e62d953f1d5f63e1e1398ac3,400549947894fd06b9db277fa01c2fc0904c857164637749c3432f15b19ac242,1024,False,parsed,W03-LONG-SENPAI-005,w05_senpai_long_source_from_w03,1.1.0,1.0,1.0,0,9398.663,0,meta-llama/Llama-3.1-8B-Instruct,0e9e39f249a16976918f6564b8830bc894c89659,Senpai,11547.905,False,complete,42,1.0,cross_encoder,2136.981,"[""PUB-SENPAI-20260812::PUB-SENPAI-20260812::section-001::child-003"", ""PUB-FUTURE-08-20210624::PUB-FUTURE-08-20210624::section-001::child-001"", ""PUB-SENPAI-20260812::PUB-SENPAI-20260812::section-001::child-002""]",W05::chunk-1024_topk-3_rerank-ce::W03-LONG-SENPAI-005,3,chunk-1024_topk-3_rerank-ce
0.5791573817143075,3c6ee999df68d680447e06e3124a5013868e2250ccaaa4fb94c074bf64bfdd2f,8efe9adc1bde69dbff1d69ebfb4006c51f97ff555659936fad292cce58d5c308,1024,False,parsed,W03-LONG-SENPAI-006,w05_senpai_long_source_from_w03,1.1.0,1.0,1.0,0,18426.746,0,meta-llama/Llama-3.1-8B-Instruct,0e9e39f249a16976918f6564b8830bc894c89659,Senpai,20590.836,False,complete,42,1.0,cross_encoder,2151.919,"[""PUB-SENPAI-20260812::PUB-SENPAI-20260812::section-001::child-004"", ""PUB-SENPAI-20260812::PUB-SENPAI-20260812::section-001::child-005"", ""PUB-ORIGAMI-20260812::PUB-ORIGAMI-20260812::section-001::child-006""]",W05::chunk-1024_topk-3_rerank-ce::W03-LONG-SENPAI-006,3,chunk-1024_topk-3_rerank-ce
0.7180519320926084,724be988cf4fb6a9d5cb7ba29d320b0b1a6ff856b20db633b09cadb43f66cbd1,f499fc378b9c7051466be89740b33cce16355f95cf9578f3edd0257412bb4277,1024,True,parsed,W03-LONG-SENPAI-007,w05_senpai_long_source_from_w03,1.1.0,1.0,1.0,0,4306.727,0,meta-llama/Llama-3.1-8B-Instruct,0e9e39f249a16976918f6564b8830bc894c89659,Senpai,6445.817,False,complete,42,1.0,cross_encoder,2129.437,"[""PUB-SENPAI-20260812::PUB-SENPAI-20260812::section-001::child-004"", ""PUB-ORIGAMI-20260812::PUB-ORIGAMI-20260812::section-001::child-003"", ""PUB-SENPAI-20260812::PUB-SENPAI-20260812::section-001::child-005""]",W05::chunk-1024_topk-3_rerank-ce::W03-LONG-SENPAI-007,3,chunk-1024_topk-3_rerank-ce
0.7279323037145731,daeb7a710d7561d1ff81d59d8b00b966000435fbe5ff7b6bdaed252286b2be32,a33732a83f3a3a9f0dd0188eab322f934cf1d26a799dea4fec2495bcd17b5d4f,1024,False,parsed,W03-LONG-SENPAI-008,w05_senpai_long_source_from_w03,1.1.0,1.0,0.6666666666666666,0,5407.271,0,meta-llama/Llama-3.1-8B-Instruct,0e9e39f249a16976918f6564b8830bc894c89659,Senpai,7670.036,False,complete,42,1.0,cross_encoder,2250.583,"[""PUB-SENPAI-20260812::PUB-SENPAI-20260812::section-001::child-004"", ""PUB-SENPAI-20260812::PUB-SENPAI-20260812::section-001::child-002"", ""PUB-SENPAI-20260812::PUB-SENPAI-20260812::section-001::child-001""]",W05::chunk-1024_topk-3_rerank-ce::W03-LONG-SENPAI-008,3,chunk-1024_topk-3_rerank-ce
0.9168190283197575,b8879a31c12578636825cd5586ec008e805822cd71ff9b4ba438dc59e7c2f61b,d40e9474ebecde5fd9f00595b2bb6d82979d867b3112f35d98583ca4289a81e7,1024,False,parsed,W03-LONG-SENPAI-009,w05_senpai_long_source_from_w03,1.1.0,1.0,1.0,0,5765.161,0,meta-llama/Llama-3.1-8B-Instruct,0e9e39f249a16976918f6564b8830bc894c89659,Senpai,7941.577,False,complete,42,1.0,cross_encoder,2164.694,"[""PUB-SENPAI-20260812::PUB-SENPAI-20260812::section-001::child-005"", ""PUB-SENPAI-20260812::PUB-SENPAI-20260812::section-001::child-001"", ""PUB-SENPAI-20260812::PUB-SENPAI-20260812::section-001::child-002""]",W05::chunk-1024_topk-3_rerank-ce::W03-LONG-SENPAI-009,3,chunk-1024_topk-3_rerank-ce
0.87516744576235,70ba581ab379f579897506ec8b58e7b99ed32255ac1035e240f69eba9adc4a1f,84d7e5f2aff2c8c35aa17ec8dbc4318cbef2a79c8c93a14d17eba8172bb17581,1024,False,parsed,W03-LONG-SENPAI-010,w05_senpai_long_source_from_w03,1.1.0,1.0,1.0,0,9382.385,0,meta-llama/Llama-3.1-8B-Instruct,0e9e39f249a16976918f6564b8830bc894c89659,Senpai,11471.359,False,complete,42,1.0,cross_encoder,2079.32,"[""PUB-SENPAI-20260812::PUB-SENPAI-20260812::section-001::child-005"", ""PUB-SENPAI-20260812::PUB-SENPAI-20260812::section-001::child-006"", ""PUB-SENPAI-20260812::PUB-SENPAI-20260812::section-001::child-001""]",W05::chunk-1024_topk-3_rerank-ce::W03-LONG-SENPAI-010,3,chunk-1024_topk-3_rerank-ce
0.7464988193445271,5ded24420ffe526e3eef5d6eeaa1c420e0f6d2bdab0b8d304976e99d9a167b7b,e59f61fbeb33fa8a7bde53aaef7b8a529f0d7902158dd7e0d559e6465993943c,1024,False,parsed,W03-LONG-SENPAI-011,w05_senpai_long_source_from_w03,1.1.0,0.0,0.8571428571428571,0,18395.821,0,meta-llama/Llama-3.1-8B-Instruct,0e9e39f249a16976918f6564b8830bc894c89659,Senpai,20486.037,False,complete,42,1.0,cross_encoder,2081.496,"[""PUB-HUMANOID-20260812::PUB-HUMANOID-20260812::section-001::child-006"", ""PUB-SENPAI-20260812::PUB-SENPAI-20260812::section-001::child-005"", ""PUB-FARI-20260812::PUB-FARI-20260812::section-001::child-007""]",W05::chunk-1024_topk-3_rerank-ce::W03-LONG-SENPAI-011,3,chunk-1024_topk-3_rerank-ce
0.8816020463908588,9e01aa174946f550355397bc5e0dbcea89da692e20aa5d4289761d4b23530d79,4a50f7c1c4798858d6fdbeaa3f14a49166c04916df8fe5eb3a4d205586cc3330,1024,False,parsed,W03-LONG-SENPAI-012,w05_senpai_long_source_from_w03,1.1.0,1.0,1.0,0,13297.17,0,meta-llama/Llama-3.1-8B-Instruct,0e9e39f249a16976918f6564b8830bc894c89659,Senpai,15464.438,False,complete,42,1.0,cross_encoder,2158.635,"[""PUB-SENPAI-20260812::PUB-SENPAI-20260812::section-001::child-008"", ""PUB-SENPAI-20260812::PUB-SENPAI-20260812::section-001::child-007"", ""PUB-SENPAI-20260812::PUB-SENPAI-20260812::section-001::child-005""]",W05::chunk-1024_topk-3_rerank-ce::W03-LONG-SENPAI-012,3,chunk-1024_topk-3_rerank-ce
0.0,a9970e88101be75a20d8576d1de2164097694d4eef7a25a88b590af1ed618ad0,0a1bf1aed0af07a5fb41c03515247e84a755fefb943b8c5910c7e7c52af68a24,1024,False,parsed,W03-LONG-SENPAI-013,w05_senpai_long_source_from_w03,1.1.0,1.0,0.0,0,12621.763,0,meta-llama/Llama-3.1-8B-Instruct,0e9e39f249a16976918f6564b8830bc894c89659,Senpai,14733.173,False,complete,42,1.0,cross_encoder,2103.454,"[""PUB-SENPAI-20260812::PUB-SENPAI-20260812::section-001::child-008"", ""PUB-SENTINEL-20260812::PUB-SENTINEL-20260812::section-001::child-002"", ""PUB-SENPAI-20260812::PUB-SENPAI-20260812::section-001::child-005""]",W05::chunk-1024_topk-3_rerank-ce::W03-LONG-SENPAI-013,3,chunk-1024_topk-3_rerank-ce
0.80615968576116,4d8621ce4ec02d23ac66e03c03f2eba532d167c1be7bddc98989383aec363320,2d5ec632395f3a08ffaaee99aacdc6d045465ee19b19ca2f8b8b7ed3826ecb0d,1024,False,parsed,W03-LONG-SENPAI-014,w05_senpai_long_source_from_w03,1.1.0,1.0,0.7142857142857143,0,3119.497,0,meta-llama/Llama-3.1-8B-Instruct,0e9e39f249a16976918f6564b8830bc894c89659,Senpai,5275.142,False,complete,42,1.0,cross_encoder,2147.987,"[""PUB-SENPAI-20260812::PUB-SENPAI-20260812::section-001::child-009"", ""PUB-SENPAI-20260812::PUB-SENPAI-20260812::section-001::child-001"", ""PUB-SENPAI-20260812::PUB-SENPAI-20260812::section-001::child-002""]",W05::chunk-1024_topk-3_rerank-ce::W03-LONG-SENPAI-014,3,chunk-1024_topk-3_rerank-ce
0.9309775569242644,38170dd2c859a1e778d94296a5f2e9f1d801773904fc8061eb48ca8033a2ed1d,fbcd7ce8ed715b09bd222f18df42edd754f3f26507e1c28dfd2ef27e7e4b2815,1024,False,parsed,W03-LONG-SENPAI-015,w05_senpai_long_source_from_w03,1.1.0,1.0,0.8,0,6587.016,0,meta-llama/Llama-3.1-8B-Instruct,0e9e39f249a16976918f6564b8830bc894c89659,Senpai,9118.991,False,complete,42,1.0,cross_encoder,2524.056,"[""PUB-SENPAI-20260812::PUB-SENPAI-20260812::section-001::child-009"", ""PUB-SENPAI-20260812::PUB-SENPAI-20260812::section-001::child-002"", ""PUB-FUTURE-08-20210624::PUB-FUTURE-08-20210624::section-001::child-001""]",W05::chunk-1024_topk-3_rerank-ce::W03-LONG-SENPAI-015,3,chunk-1024_topk-3_rerank-ce
0.7562613750238759,789cf12a61af9ae595c5481b03455711823efbce46d2751f83489cdb076718d6,0088663799a48938324cad826630284387edae281f72bce3dbc96ef61d70f087,1024,False,parsed,W03-LONG-SENPAI-016,w05_senpai_long_source_from_w03,1.1.0,1.0,1.0,0,4328.467,0,meta-llama/Llama-3.1-8B-Instruct,0e9e39f249a16976918f6564b8830bc894c89659,Senpai,6713.769,False,complete,42,1.0,cross_encoder,2373.019,"[""PUB-SENPAI-20260812::PUB-SENPAI-20260812::section-001::child-009"", ""PUB-FUTURE-08-20210624::PUB-FUTURE-08-20210624::section-001::child-001"", ""PUB-SENPAI-20260812::PUB-SENPAI-20260812::section-001::child-008""]",W05::chunk-1024_topk-3_rerank-ce::W03-LONG-SENPAI-016,3,chunk-1024_topk-3_rerank-ce
0.7332379139299802,2bfa5c0036a3b1c4fae8525b751c9b3547460073ffef93a1c5ff26cd845063da,6c6b632bc240e1a6f27c256e997921f28e88fb5b48b29e5f034e7cfc27bb1f00,1024,False,parsed,W03-LONG-SENPAI-017,w05_senpai_long_source_from_w03,1.1.0,1.0,1.0,0,5886.208,0,meta-llama/Llama-3.1-8B-Instruct,0e9e39f249a16976918f6564b8830bc894c89659,Senpai,8089.176,False,complete,42,1.0,cross_encoder,2196.799,"[""PUB-SENPAI-20260812::PUB-SENPAI-20260812::section-001::child-009"", ""PUB-SENPAI-20260812::PUB-SENPAI-20260812::section-001::child-010"", ""PUB-SENPAI-20260812::PUB-SENPAI-20260812::section-001::child-003""]",W05::chunk-1024_topk-3_rerank-ce::W03-LONG-SENPAI-017,3,chunk-1024_topk-3_rerank-ce
0.8089203201331726,58ccfcf13503c74026884cf2edd869d44ec01b93621a378a66d5e95f5653f1b6,fb9dce996ff27ccca36f2530a72b44820616048098ee59878442f7c939bae07d,1024,False,parsed,W03-LONG-SENPAI-018,w05_senpai_long_source_from_w03,1.1.0,1.0,1.0,0,4928.51,0,meta-llama/Llama-3.1-8B-Instruct,0e9e39f249a16976918f6564b8830bc894c89659,Senpai,7049.148,False,complete,42,1.0,cross_encoder,2112.07,"[""PUB-SENPAI-20260812::PUB-SENPAI-20260812::section-001::child-001"", ""PUB-SENPAI-20260812::PUB-SENPAI-20260812::section-001::child-005"", ""PUB-SENPAI-20260812::PUB-SENPAI-20260812::section-001::child-002""]",W05::chunk-1024_topk-3_rerank-ce::W03-LONG-SENPAI-018,3,chunk-1024_topk-3_rerank-ce
0.7940009021356244,86c281e57b2dd15648698f9256320ec7115245bd4756e9258efeef3756f2ae42,eb3347fde1dc4b2165649a49fd6b199c58b88622126a0bb7a3b1660ac4528b5b,1024,False,parsed,W03-LONG-SENPAI-019,w05_senpai_long_source_from_w03,1.1.0,0.5,0.6,0,17262.104,0,meta-llama/Llama-3.1-8B-Instruct,0e9e39f249a16976918f6564b8830bc894c89659,Senpai,19433.688,False,complete,42,1.0,cross_encoder,2162.313,"[""PUB-SENPAI-20260812::PUB-SENPAI-20260812::section-001::child-004"", ""PUB-SENPAI-20260812::PUB-SENPAI-20260812::section-001::child-009"", ""PUB-SENPAI-20260812::PUB-SENPAI-20260812::section-001::child-005""]",W05::chunk-1024_topk-3_rerank-ce::W03-LONG-SENPAI-019,3,chunk-1024_topk-3_rerank-ce
0.0,446776ee56cf9332d1a8b5beceb568073f5e1f75d737edf07e8578134af38440,29557db4544b7b826b99b84984582696826f40217a7e57328d93ea2dbd8287b8,1024,False,parsed,W03-LONG-SENPAI-020,w05_senpai_long_source_from_w03,1.1.0,0.0,0.6666666666666666,0,6023.789,0,meta-llama/Llama-3.1-8B-Instruct,0e9e39f249a16976918f6564b8830bc894c89659,Senpai,8239.938,False,complete,42,0.5,cross_encoder,2204.612,"[""PUB-SENPAI-20260812::PUB-SENPAI-20260812::section-001::child-001"", ""PUB-SENPAI-20260812::PUB-SENPAI-20260812::section-001::child-002"", ""PUB-FUTURE-08-20210624::PUB-FUTURE-08-20210624::section-001::child-001""]",W05::chunk-1024_topk-3_rerank-ce::W03-LONG-SENPAI-020,3,chunk-1024_topk-3_rerank-ce
0.933490698720301,e1fbc17e65b8c281e63d97d0a356d00cbbb39e78a1f50f1691a8cb2326776433,2ab722b38604bf3fe89844b284ff84d384d4b2cc8ba6a54a9548e9a27d5a9d87,256,False,parse_failed,W03-LONG-SENPAI-001,w05_senpai_long_source_from_w03,1.1.0,0.5,1.0,0,4223.76,0,meta-llama/Llama-3.1-8B-Instruct,0e9e39f249a16976918f6564b8830bc894c89659,Senpai,4864.45,False,complete,42,,cross_encoder,637.531,"[""PUB-SENPAI-20260812::PUB-SENPAI-20260812::section-001::child-001""]",W05::chunk-256_topk-1_rerank-ce::W03-LONG-SENPAI-001,1,chunk-256_topk-1_rerank-ce
0.900671113581364,f758be62a2d9eb9f843821fb14786c70d33a2429f89a18d6f6a2400956afd6c0,0ea8803821bfa11fa3b066b029973a285a4d067bea977de43b536584437ae0aa,256,False,parsed,W03-LONG-SENPAI-002,w05_senpai_long_source_from_w03,1.1.0,1.0,0.9,0,4539.653,0,meta-llama/Llama-3.1-8B-Instruct,0e9e39f249a16976918f6564b8830bc894c89659,Senpai,5112.934,False,complete,42,1.0,cross_encoder,570.878,"[""PUB-SENPAI-20260812::PUB-SENPAI-20260812::section-001::child-008""]",W05::chunk-256_topk-1_rerank-ce::W03-LONG-SENPAI-002,1,chunk-256_topk-1_rerank-ce
0.9999999999997362,e0add08aca5a45257596d106e210dd1f33f07ebe2143ee3c3a935470aea83e01,bc5802975644b5cd4831fd2a686d5b80153c5fac4e6901fcad2ce64f6a09487e,256,False,parsed,W03-LONG-SENPAI-003,w05_senpai_long_source_from_w03,1.1.0,1.0,1.0,0,8219.669,0,meta-llama/Llama-3.1-8B-Instruct,0e9e39f249a16976918f6564b8830bc894c89659,Senpai,8867.082,False,complete,42,1.0,cross_encoder,644.499,"[""PUB-SENPAI-20260812::PUB-SENPAI-20260812::section-001::child-009""]",W05::chunk-256_topk-1_rerank-ce::W03-LONG-SENPAI-003,1,chunk-256_topk-1_rerank-ce
0.7259111396794866,9bc732e9b4f5a48abb6d1060493e5878705cdc3fcccd2279684cfd7644093f9f,5d5ab116475c5f686024cc0e7b9323c6ffd65021789aed64e6de24cba0639eb2,256,False,parsed,W03-LONG-SENPAI-004,w05_senpai_long_source_from_w03,1.1.0,0.5,0.5,0,7662.244,0,meta-llama/Llama-3.1-8B-Instruct,0e9e39f249a16976918f6564b8830bc894c89659,Senpai,8538.176,False,complete,42,1.0,cross_encoder,873.601,"[""PUB-SENPAI-20260812::PUB-SENPAI-20260812::section-001::child-044""]",W05::chunk-256_topk-1_rerank-ce::W03-LONG-SENPAI-004,1,chunk-256_topk-1_rerank-ce
0.8008852286745948,2637c8f863ad633526fbe0ada62cff5d0ae3ed6a70ca11ff31136f350d681f4d,3c89cc3b994c4603fd378a0bbcb4455f471df40358e95f5c5641319a5ea516b0,256,False,parse_failed,W03-LONG-SENPAI-005,w05_senpai_long_source_from_w03,1.1.0,0.666667,0.75,0,8285.277,0,meta-llama/Llama-3.1-8B-Instruct,0e9e39f249a16976918f6564b8830bc894c89659,Senpai,8953.512,False,complete,42,,cross_encoder,665.739,"[""PUB-SENPAI-20260812::PUB-SENPAI-20260812::section-001::child-012""]",W05::chunk-256_topk-1_rerank-ce::W03-LONG-SENPAI-005,1,chunk-256_topk-1_rerank-ce
0.0,4d36b86567bec684b70696e1700d089ec7b6efba327b1ff771565a696ba151c9,0e9b60976694224f72a5f615cebc8af677615330a0e90fc85e1d2bafc0f932a3,256,False,parsed,W03-LONG-SENPAI-006,w05_senpai_long_source_from_w03,1.1.0,0.5,0.6666666666666666,0,6250.747,0,meta-llama/Llama-3.1-8B-Instruct,0e9e39f249a16976918f6564b8830bc894c89659,Senpai,6924.36,False,complete,42,0.75,cross_encoder,671.103,"[""PUB-SENPAI-20260812::PUB-SENPAI-20260812::section-001::child-013""]",W05::chunk-256_topk-1_rerank-ce::W03-LONG-SENPAI-006,1,chunk-256_topk-1_rerank-ce
0.9887068304276826,40e9c47c22a8ffe5b46efbbad525c66212c9a923a07ecf37f170a6e15b043a00,c1eca61ef9f829327a8c5b4727b073c2477d7fba4fe505716e248697a5c216cf,256,False,parsed,W03-LONG-SENPAI-007,w05_senpai_long_source_from_w03,1.1.0,1.0,1.0,0,3650.943,0,meta-llama/Llama-3.1-8B-Instruct,0e9e39f249a16976918f6564b8830bc894c89659,Senpai,4250.005,False,complete,42,1.0,cross_encoder,596.848,"[""PUB-SENPAI-20260812::PUB-SENPAI-20260812::section-001::child-017""]",W05::chunk-256_topk-1_rerank-ce::W03-LONG-SENPAI-007,1,chunk-256_topk-1_rerank-ce
0.0,3eb3734458ae8c1e1d95da4fdc45c5f16676cb43410340dc727f8cf8c63fcceb,e7984f6c5fbc631cc781e6539d9c02cf281a88962cb1425db2975f1f6cc33a51,256,False,parsed,W03-LONG-SENPAI-008,w05_senpai_long_source_from_w03,1.1.0,1.0,0.6666666666666666,0,9581.459,0,meta-llama/Llama-3.1-8B-Instruct,0e9e39f249a16976918f6564b8830bc894c89659,Senpai,10138.787,False,complete,42,1.0,cross_encoder,554.983,"[""PUB-SENPAI-20260812::PUB-SENPAI-20260812::section-001::child-018""]",W05::chunk-256_topk-1_rerank-ce::W03-LONG-SENPAI-008,1,chunk-256_topk-1_rerank-ce
0.9888132321575599,6f9f84d15ada0c306ef3ab0f24e4282c563960c948ea1596da95e9b4701a1f8f,9b86b5d84c21ea53973d9018ceaaca8890353686885bf65cbb3166b1b94242b9,256,False,parsed,W03-LONG-SENPAI-009,w05_senpai_long_source_from_w03,1.1.0,1.0,1.0,0,5345.395,0,meta-llama/Llama-3.1-8B-Instruct,0e9e39f249a16976918f6564b8830bc894c89659,Senpai,6085.526,False,complete,42,1.0,cross_encoder,736.977,"[""PUB-SENPAI-20260812::PUB-SENPAI-20260812::section-001::child-021""]",W05::chunk-256_topk-1_rerank-ce::W03-LONG-SENPAI-009,1,chunk-256_topk-1_rerank-ce
0.8614045044858908,1268b33b3c234be6380743e9a8ff6afe19f643f61b43c38ff1835bdbb360af4f,7ca3d0431bf72c85e1390b129944ae1342e5238ad450170a553683d2d1b5de61,256,False,parsed,W03-LONG-SENPAI-010,w05_senpai_long_source_from_w03,1.1.0,0.0,1.0,0,4726.162,0,meta-llama/Llama-3.1-8B-Instruct,0e9e39f249a16976918f6564b8830bc894c89659,Senpai,5483.574,False,complete,42,1.0,cross_encoder,753.82,"[""PUB-SENPAI-20260812::PUB-SENPAI-20260812::section-001::child-022""]",W05::chunk-256_topk-1_rerank-ce::W03-LONG-SENPAI-010,1,chunk-256_topk-1_rerank-ce
0.0,603a82472f6dfa228662279d65e26ad6f041544a05625a82a19dda1257618ab9,59b1b5638ef5bb30ff21c4cd5fb5cf1c3091031ff979a4dbac662bd24dccbfe5,256,False,parsed,W03-LONG-SENPAI-011,w05_senpai_long_source_from_w03,1.1.0,0.333333,0.3333333333333333,0,10124.009,0,meta-llama/Llama-3.1-8B-Instruct,0e9e39f249a16976918f6564b8830bc894c89659,Senpai,10758.673,False,complete,42,1.0,cross_encoder,631.718,"[""PUB-SENPAI-20260812::PUB-SENPAI-20260812::section-001::child-029""]",W05::chunk-256_topk-1_rerank-ce::W03-LONG-SENPAI-011,1,chunk-256_topk-1_rerank-ce
0.0,e91a9dbb1d46ff4cff493648f3d9cd451a77e2714cd71586143f6b430979b6ac,1496df7623fd9b5eb773982258d76f1d71a8eee07317508a5cebe4e0a2068766,256,False,parsed,W03-LONG-SENPAI-012,w05_senpai_long_source_from_w03,1.1.0,0.25,0.75,0,5919.543,0,meta-llama/Llama-3.1-8B-Instruct,0e9e39f249a16976918f6564b8830bc894c89659,Senpai,7045.721,False,complete,42,0.625,cross_encoder,1122.705,"[""PUB-SENPAI-20260812::PUB-SENPAI-20260812::section-001::child-033""]",W05::chunk-256_topk-1_rerank-ce::W03-LONG-SENPAI-012,1,chunk-256_topk-1_rerank-ce
0.0,7a1146b5da1e7421df9a779a2206811682d2da5eabcda8c5570c6f203c8a269f,70105917e9cfb488f172f42711f86986cc033fd3f1150269a01271e60297ae37,256,False,parsed,W03-LONG-SENPAI-013,w05_senpai_long_source_from_w03,1.1.0,1.0,1.0,0,9523.382,0,meta-llama/Llama-3.1-8B-Instruct,0e9e39f249a16976918f6564b8830bc894c89659,Senpai,10121.489,False,complete,42,1.0,cross_encoder,595.111,"[""PUB-SENPAI-20260812::PUB-SENPAI-20260812::section-001::child-038""]",W05::chunk-256_topk-1_rerank-ce::W03-LONG-SENPAI-013,1,chunk-256_topk-1_rerank-ce
0.9694187874223997,f5fa95a1c924879b8432df8e7d996b2d4aa4e4aba8c391536e18ac3be4bd5e85,639eb066c6d2430886e1b723e334c904755e904250d4252210ba54832e606501,256,False,parsed,W03-LONG-SENPAI-014,w05_senpai_long_source_from_w03,1.1.0,1.0,1.0,0,4604.018,0,meta-llama/Llama-3.1-8B-Instruct,0e9e39f249a16976918f6564b8830bc894c89659,Senpai,5232.563,False,complete,42,1.0,cross_encoder,626.097,"[""PUB-SENPAI-20260812::PUB-SENPAI-20260812::section-001::child-040""]",W05::chunk-256_topk-1_rerank-ce::W03-LONG-SENPAI-014,1,chunk-256_topk-1_rerank-ce
0.8335673994811152,cb02dff622fe870043b912d9236ec79b966a9db0e0d1f5078802b9403e104f47,74994a1cd1d2f148c9eeebc97acda8ce6aaebf542df869fd716bebacbf740ec3,256,False,parsed,W03-LONG-SENPAI-015,w05_senpai_long_source_from_w03,1.1.0,1.0,1.0,0,3901.614,0,meta-llama/Llama-3.1-8B-Instruct,0e9e39f249a16976918f6564b8830bc894c89659,Senpai,4577.515,False,complete,42,1.0,cross_encoder,673.476,"[""PUB-SENPAI-20260812::PUB-SENPAI-20260812::section-001::child-042""]",W05::chunk-256_topk-1_rerank-ce::W03-LONG-SENPAI-015,1,chunk-256_topk-1_rerank-ce
0.8514263025876554,8627cac4dfee6e2092cb82a36e3618c34a63f3faffff322fd0d7c375911c43e4,66a9b89512b708251bffd092e77956e750edcbd57f94fcd992f8f99c52e94784,256,False,parsed,W03-LONG-SENPAI-016,w05_senpai_long_source_from_w03,1.1.0,1.0,1.0,0,3191.192,0,meta-llama/Llama-3.1-8B-Instruct,0e9e39f249a16976918f6564b8830bc894c89659,Senpai,3762.806,False,complete,42,1.0,cross_encoder,569.326,"[""PUB-SENPAI-20260812::PUB-SENPAI-20260812::section-001::child-043""]",W05::chunk-256_topk-1_rerank-ce::W03-LONG-SENPAI-016,1,chunk-256_topk-1_rerank-ce
0.8602968371137606,bde46ef26edc4905588a88ab6bf41db3656d50d7533d677d339ee6871491440c,9b4cafdee115b75baba4eeaf9f5c2c52916d5bace5f0d3bbf1994c1e756985b6,256,False,parsed,W03-LONG-SENPAI-017,w05_senpai_long_source_from_w03,1.1.0,0.0,1.0,0,6745.784,0,meta-llama/Llama-3.1-8B-Instruct,0e9e39f249a16976918f6564b8830bc894c89659,Senpai,7294.347,False,complete,42,1.0,cross_encoder,546.264,"[""PUB-SENPAI-20260812::PUB-SENPAI-20260812::section-001::child-043""]",W05::chunk-256_topk-1_rerank-ce::W03-LONG-SENPAI-017,1,chunk-256_topk-1_rerank-ce
0.0,c46ea571ea3716c7c1f519276a34c747feee1bde2ff70234c3fba45819fbdd1a,6ea18741eeeba25d6a4446896f268d2852c2e373a13a24f551efaa7e73033f30,256,False,parsed,W03-LONG-SENPAI-018,w05_senpai_long_source_from_w03,1.1.0,0.5,0.4,0,8798.517,0,meta-llama/Llama-3.1-8B-Instruct,0e9e39f249a16976918f6564b8830bc894c89659,Senpai,9320.069,False,complete,42,0.25,cross_encoder,518.817,"[""PUB-SENPAI-20260812::PUB-SENPAI-20260812::section-001::child-020""]",W05::chunk-256_topk-1_rerank-ce::W03-LONG-SENPAI-018,1,chunk-256_topk-1_rerank-ce
0.8015469329321573,b30f14969f12a05be3bc6e675b200358eba41abb5b40bcb3a6d9b72baf01e51f,0bd1dcedbd455fbabb0b657d5558225685f4d98170ce9a939013312a939e75d5,256,False,parsed,W03-LONG-SENPAI-019,w05_senpai_long_source_from_w03,1.1.0,0.5,1.0,0,14242.104,0,meta-llama/Llama-3.1-8B-Instruct,0e9e39f249a16976918f6564b8830bc894c89659,Senpai,14864.113,False,complete,42,1.0,cross_encoder,619.236,"[""PUB-SENPAI-20260812::PUB-SENPAI-20260812::section-001::child-017""]",W05::chunk-256_topk-1_rerank-ce::W03-LONG-SENPAI-019,1,chunk-256_topk-1_rerank-ce
0.0,389d74a614e706efcbe79d6d43c94b95210f85c35d0c3df1802504e493447c81,ae8dbaac1d28ddaac8c2cc1c6c84c6bf8938589388f04d0113bfb69ffca57df8,256,False,parsed,W03-LONG-SENPAI-020,w05_senpai_long_source_from_w03,1.1.0,0.0,0.75,0,5143.358,0,meta-llama/Llama-3.1-8B-Instruct,0e9e39f249a16976918f6564b8830bc894c89659,Senpai,5768.444,False,complete,42,0.5,cross_encoder,622.28,"[""PUB-SENPAI-20260812::PUB-SENPAI-20260812::section-001::child-001""]",W05::chunk-256_topk-1_rerank-ce::W03-LONG-SENPAI-020,1,chunk-256_topk-1_rerank-ce
0.933490698720301,043ca95494f58e15140ee85caf31b51c9dc39cafc44a6efe5dfcb528de183023,f6a6f8aeccfcf21f11f1c8fd7b6585e668d13d60d4b33b4cfb405c8ccf4470ad,512,False,parsed,W03-LONG-SENPAI-001,w05_senpai_long_source_from_w03,1.1.0,1.0,1.0,0,2536.742,0,meta-llama/Llama-3.1-8B-Instruct,0e9e39f249a16976918f6564b8830bc894c89659,Senpai,3875.427,False,complete,42,1.0,cross_encoder,1326.07,"[""PUB-SENPAI-20260812::PUB-SENPAI-20260812::section-001::child-001"", ""PUB-SENPAI-20260812::PUB-SENPAI-20260812::section-001::child-010"", ""PUB-SENPAI-20260812::PUB-SENPAI-20260812::section-001::child-018"", ""PUB-SENPAI-20260812::PUB-SENPAI-20260812::section-001::child-007"", ""PUB-SENPAI-20260812::PUB-SENPAI-20260812::section-001::child-011""]",W05::chunk-512_topk-5_rerank-ce::W03-LONG-SENPAI-001,5,chunk-512_topk-5_rerank-ce
0.8602270727624225,9c91f856fc891b146abc5827a755104d72946370b5d0b4ded557f3d3faedb479,69d7be6b8d9f7676771fe8e21755713628140c0a3b2ed030a487fe2047795298,512,True,parsed,W03-LONG-SENPAI-002,w05_senpai_long_source_from_w03,1.1.0,1.0,1.0,0,3080.903,0,meta-llama/Llama-3.1-8B-Instruct,0e9e39f249a16976918f6564b8830bc894c89659,Senpai,4246.392,False,complete,42,1.0,cross_encoder,1158.857,"[""PUB-SENPAI-20260812::PUB-SENPAI-20260812::section-001::child-004"", ""PUB-SENPAI-20260812::PUB-SENPAI-20260812::section-001::child-006"", ""PUB-SENPAI-20260812::PUB-SENPAI-20260812::section-001::child-018"", ""PUB-SENPAI-20260812::PUB-SENPAI-20260812::section-001::child-002"", ""PUB-FUTURE-08-20210624::PUB-FUTURE-08-20210624::section-001::child-002""]",W05::chunk-512_topk-5_rerank-ce::W03-LONG-SENPAI-002,5,chunk-512_topk-5_rerank-ce
0.7898793924185532,fcc24f5b736850d7c6e6ad29e755a2fa5f1bd0ef480a56c47bcfaaa536df52da,d781f42dd668d3e8a68f6b0bf5315f6dd69d35547a319c4ba080b68d3fb95a9a,512,False,parsed,W03-LONG-SENPAI-003,w05_senpai_long_source_from_w03,1.1.0,1.0,1.0,0,6052.434,0,meta-llama/Llama-3.1-8B-Instruct,0e9e39f249a16976918f6564b8830bc894c89659,Senpai,7040.901,False,complete,42,1.0,cross_encoder,981.555,"[""PUB-SENPAI-20260812::PUB-SENPAI-20260812::section-001::child-005"", ""PUB-SENPAI-20260812::PUB-SENPAI-20260812::section-001::child-020"", ""PUB-SENPAI-20260812::PUB-SENPAI-20260812::section-001::child-018"", ""PUB-SENPAI-20260812::PUB-SENPAI-20260812::section-001::child-010"", ""PUB-SENPAI-20260812::PUB-SENPAI-20260812::section-001::child-011""]",W05::chunk-512_topk-5_rerank-ce::W03-LONG-SENPAI-003,5,chunk-512_topk-5_rerank-ce
0.7883087313299466,06422e9e105b723b9485176681befd5b2f82dff8c52c4f5fd9f75bca78ccba50,ae7085bc3790f43a23571c19db71aefbd601b18b688c1fbc47b64a7a199ebdc0,512,False,parsed,W03-LONG-SENPAI-004,w05_senpai_long_source_from_w03,1.1.0,1.0,0.875,0,5493.004,0,meta-llama/Llama-3.1-8B-Instruct,0e9e39f249a16976918f6564b8830bc894c89659,Senpai,6627.703,False,complete,42,1.0,cross_encoder,1126.65,"[""PUB-SENPAI-20260812::PUB-SENPAI-20260812::section-001::child-020"", ""PUB-SENPAI-20260812::PUB-SENPAI-20260812::section-001::child-017"", ""PUB-ORIGAMI-20260812::PUB-ORIGAMI-20260812::section-001::child-014"", ""PUB-SENPAI-20260812::PUB-SENPAI-20260812::section-001::child-005"", ""PUB-SENPAI-20260812::PUB-SENPAI-20260812::section-001::child-011""]",W05::chunk-512_topk-5_rerank-ce::W03-LONG-SENPAI-004,5,chunk-512_topk-5_rerank-ce
0.8469838853698027,2ae897c716870ff94ef3cdc07baa266ade4eeeb1114327a1c506075ad4671bc2,225ab5eaccf1f120e9d59c16134dfb6c5c7808e57f87e9b77c9fba8f837824a9,512,False,parsed,W03-LONG-SENPAI-005,w05_senpai_long_source_from_w03,1.1.0,1.0,1.0,0,10817.137,0,meta-llama/Llama-3.1-8B-Instruct,0e9e39f249a16976918f6564b8830bc894c89659,Senpai,11857.388,False,complete,42,1.0,cross_encoder,1033.144,"[""PUB-SENPAI-20260812::PUB-SENPAI-20260812::section-001::child-006"", ""PUB-SENPAI-20260812::PUB-SENPAI-20260812::section-001::child-007"", ""PUB-SENPAI-20260812::PUB-SENPAI-20260812::section-001::child-004"", ""PUB-SENPAI-20260812::PUB-SENPAI-20260812::section-001::child-002"", ""PUB-SENPAI-20260812::PUB-SENPAI-20260812::section-001::child-005""]",W05::chunk-512_topk-5_rerank-ce::W03-LONG-SENPAI-005,5,chunk-512_topk-5_rerank-ce
0.6991789799977068,24e132a3b4c6600c07572dfb4037cefe91ab16dc3d532cba33a0437fc30ecbe5,c9a760ef9d256754cf63874f0f97bfe74ad062c2edf703358a1a3c71a1274741,512,False,parsed,W03-LONG-SENPAI-006,w05_senpai_long_source_from_w03,1.1.0,1.0,1.0,0,6644.036,0,meta-llama/Llama-3.1-8B-Instruct,0e9e39f249a16976918f6564b8830bc894c89659,Senpai,7744.035,False,complete,42,1.0,cross_encoder,1091.862,"[""PUB-SENPAI-20260812::PUB-SENPAI-20260812::section-001::child-007"", ""PUB-SENPAI-20260812::PUB-SENPAI-20260812::section-001::child-011"", ""PUB-ORIGAMI-20260812::PUB-ORIGAMI-20260812::section-001::child-012"", ""PUB-ORIGAMI-20260812::PUB-ORIGAMI-20260812::section-001::child-014"", ""PUB-SENPAI-20260812::PUB-SENPAI-20260812::section-001::child-008""]",W05::chunk-512_topk-5_rerank-ce::W03-LONG-SENPAI-006,5,chunk-512_topk-5_rerank-ce
0.7180519320926084,cfba92baeb8763b5c3836d515c46740633c6533c8bcf9a3da45ae29bd91919ea,f499fc378b9c7051466be89740b33cce16355f95cf9578f3edd0257412bb4277,512,True,parsed,W03-LONG-SENPAI-007,w05_senpai_long_source_from_w03,1.1.0,1.0,1.0,0,4201.811,0,meta-llama/Llama-3.1-8B-Instruct,0e9e39f249a16976918f6564b8830bc894c89659,Senpai,5358.196,False,complete,42,1.0,cross_encoder,1147.478,"[""PUB-SENPAI-20260812::PUB-SENPAI-20260812::section-001::child-008"", ""PUB-ORIGAMI-20260812::PUB-ORIGAMI-20260812::section-001::child-005"", ""PUB-SENPAI-20260812::PUB-SENPAI-20260812::section-001::child-011"", ""PUB-ORIGAMI-20260812::PUB-ORIGAMI-20260812::section-001::child-013"", ""PUB-SENTINEL-20260812::PUB-SENTINEL-20260812::section-001::child-003""]",W05::chunk-512_topk-5_rerank-ce::W03-LONG-SENPAI-007,5,chunk-512_topk-5_rerank-ce
0.0,04442526aeb7f755354a0fcb1a4add95ce40d94ea75d49989bd10a9240672fa0,62f5b8999f31abab15613e2e6427f7f5ac23e9a5a018698b08b20c27bd191dbf,512,False,parsed,W03-LONG-SENPAI-008,w05_senpai_long_source_from_w03,1.1.0,1.0,0.5,0,2707.691,0,meta-llama/Llama-3.1-8B-Instruct,0e9e39f249a16976918f6564b8830bc894c89659,Senpai,3722.197,False,complete,42,1.0,cross_encoder,1006.634,"[""PUB-SENPAI-20260812::PUB-SENPAI-20260812::section-001::child-009"", ""PUB-SENPAI-20260812::PUB-SENPAI-20260812::section-001::child-001"", ""PUB-SENPAI-20260812::PUB-SENPAI-20260812::section-001::child-018"", ""PUB-SENPAI-20260812::PUB-SENPAI-20260812::section-001::child-004"", ""PUB-SENPAI-20260812::PUB-SENPAI-20260812::section-001::child-010""]",W05::chunk-512_topk-5_rerank-ce::W03-LONG-SENPAI-008,5,chunk-512_topk-5_rerank-ce
0.7192319115944547,a8959e4fc1f03dc207c8aadd73f76ae58d4ba3f392338f8186d606c1db00bdb8,901d544e780bb7458e3cd945c80c555e2b9c080708bc9b217a71c493c6a2d6fd,512,False,parsed,W03-LONG-SENPAI-009,w05_senpai_long_source_from_w03,1.1.0,1.0,1.0,0,4211.082,0,meta-llama/Llama-3.1-8B-Instruct,0e9e39f249a16976918f6564b8830bc894c89659,Senpai,5281.486,False,complete,42,1.0,cross_encoder,1063.146,"[""PUB-SENPAI-20260812::PUB-SENPAI-20260812::section-001::child-010"", ""PUB-ORIGAMI-20260812::PUB-ORIGAMI-20260812::section-001::child-014"", ""PUB-SENPAI-20260812::PUB-SENPAI-20260812::section-001::child-002"", ""PUB-SENPAI-20260812::PUB-SENPAI-20260812::section-001::child-018"", ""PUB-SENPAI-20260812::PUB-SENPAI-20260812::section-001::child-005""]",W05::chunk-512_topk-5_rerank-ce::W03-LONG-SENPAI-009,5,chunk-512_topk-5_rerank-ce
0.8524522215746536,0fe8f47e5f4ae587315b08fa8245678e19489394b95c138ce5b5600ed6bb3ede,86a841a7ac502cd7e12441f477136588239884a9d2fa7eab81df1cc5219cd8c5,512,False,parsed,W03-LONG-SENPAI-010,w05_senpai_long_source_from_w03,1.1.0,0.333333,0.47368421052631576,0,18177.455,0,meta-llama/Llama-3.1-8B-Instruct,0e9e39f249a16976918f6564b8830bc894c89659,Senpai,19230.726,False,complete,42,0.833333,cross_encoder,1046.116,"[""PUB-SENPAI-20260812::PUB-SENPAI-20260812::section-001::child-011"", ""PUB-ORIGAMI-20260812::PUB-ORIGAMI-20260812::section-001::child-014"", ""PUB-SENPAI-20260812::PUB-SENPAI-20260812::section-001::child-010"", ""PUB-SENPAI-20260812::PUB-SENPAI-20260812::section-001::child-001"", ""PUB-SENPAI-20260812::PUB-SENPAI-20260812::section-001::child-002""]",W05::chunk-512_topk-5_rerank-ce::W03-LONG-SENPAI-010,5,chunk-512_topk-5_rerank-ce
0.9202494886046461,4ef8930c685680ed77a251c1c77631936e503df42298d7622173e2730e904693,fdff62796a2e70e87c139e88df7ae8ddb2d3482c4a8c3af80fe52001e0197629,512,False,parsed,W03-LONG-SENPAI-011,w05_senpai_long_source_from_w03,1.1.0,1.0,1.0,0,7105.708,0,meta-llama/Llama-3.1-8B-Instruct,0e9e39f249a16976918f6564b8830bc894c89659,Senpai,8111.397,False,complete,42,1.0,cross_encoder,997.922,"[""PUB-SENPAI-20260812::PUB-SENPAI-20260812::section-001::child-014"", ""PUB-SENTINEL-20260812::PUB-SENTINEL-20260812::section-001::child-011"", ""PUB-SENPAI-20260812::PUB-SENPAI-20260812::section-001::child-015"", ""PUB-HUMANOID-20260812::PUB-HUMANOID-20260812::section-001::child-014"", ""PUB-ORIGAMI-20260812::PUB-ORIGAMI-20260812::section-001::child-015""]",W05::chunk-512_topk-5_rerank-ce::W03-LONG-SENPAI-011,5,chunk-512_topk-5_rerank-ce
0.915346607895053,a9dd73840ea357c6f4db3fc965bd706851727e2af6d8e2063a16293224a14e99,203890c3084f93fedfc2838f92a163bfb2ff215afba186fe701137a720495d88,512,False,parsed,W03-LONG-SENPAI-012,w05_senpai_long_source_from_w03,1.1.0,1.0,1.0,0,10796.484,0,meta-llama/Llama-3.1-8B-Instruct,0e9e39f249a16976918f6564b8830bc894c89659,Senpai,11960.156,False,complete,42,1.0,cross_encoder,1156.551,"[""PUB-SENPAI-20260812::PUB-SENPAI-20260812::section-001::child-016"", ""PUB-SENPAI-20260812::PUB-SENPAI-20260812::section-001::child-017"", ""PUB-SENPAI-20260812::PUB-SENPAI-20260812::section-001::child-010"", ""PUB-SENPAI-20260812::PUB-SENPAI-20260812::section-001::child-020"", ""PUB-SENPAI-20260812::PUB-SENPAI-20260812::section-001::child-015""]",W05::chunk-512_topk-5_rerank-ce::W03-LONG-SENPAI-012,5,chunk-512_topk-5_rerank-ce
0.9344931508736952,6d485676ecdd5883847b9f0dc535ad80a8a04a3e0201af799c5dee4bd7f4f776,df8d7678c277ecb664e080db6a74231979a72c71916da6c2c35fe74a8ce6e219,512,False,parsed,W03-LONG-SENPAI-013,w05_senpai_long_source_from_w03,1.1.0,1.0,1.0,0,4160.054,0,meta-llama/Llama-3.1-8B-Instruct,0e9e39f249a16976918f6564b8830bc894c89659,Senpai,5241.966,False,complete,42,1.0,cross_encoder,1073.097,"[""PUB-SENPAI-20260812::PUB-SENPAI-20260812::section-001::child-018"", ""PUB-SENTINEL-20260812::PUB-SENTINEL-20260812::section-001::child-004"", ""PUB-SENPAI-20260812::PUB-SENPAI-20260812::section-001::child-010"", ""PUB-SENPAI-20260812::PUB-SENPAI-20260812::section-001::child-009"", ""PUB-HUMANOID-20260812::PUB-HUMANOID-20260812::section-001::child-016""]",W05::chunk-512_topk-5_rerank-ce::W03-LONG-SENPAI-013,5,chunk-512_topk-5_rerank-ce
0.869139662973153,6eeee15ac87257c1c10232f26278477ee4bfdeeef2a5c9ffdadd673f0a572029,2f0511f0010facfac4a3023e660a6c23e0f51792584faae791c1c67fe77c73ab,512,True,parsed,W03-LONG-SENPAI-014,w05_senpai_long_source_from_w03,1.1.0,1.0,1.0,0,5570.236,0,meta-llama/Llama-3.1-8B-Instruct,0e9e39f249a16976918f6564b8830bc894c89659,Senpai,6524.631,False,complete,42,1.0,cross_encoder,947.466,"[""PUB-SENPAI-20260812::PUB-SENPAI-20260812::section-001::child-018"", ""PUB-SENPAI-20260812::PUB-SENPAI-20260812::section-001::child-020"", ""PUB-SENPAI-20260812::PUB-SENPAI-20260812::section-001::child-002"", ""PUB-FUTURE-08-20210624::PUB-FUTURE-08-20210624::section-001::child-002"", ""PUB-SENPAI-20260812::PUB-SENPAI-20260812::section-001::child-001""]",W05::chunk-512_topk-5_rerank-ce::W03-LONG-SENPAI-014,5,chunk-512_topk-5_rerank-ce
0.646468868115251,527657542b47947712a4ec1cff7bc763abc8bdba0259e23f71b7d6716cb37d7f,f8ac067dda6e3708378e1a173b319cbaf40b2081c02d08e5ae15526ff013a03d,512,True,parsed,W03-LONG-SENPAI-015,w05_senpai_long_source_from_w03,1.1.0,1.0,1.0,0,6461.178,0,meta-llama/Llama-3.1-8B-Instruct,0e9e39f249a16976918f6564b8830bc894c89659,Senpai,7416.541,False,complete,42,1.0,cross_encoder,948.762,"[""PUB-SENPAI-20260812::PUB-SENPAI-20260812::section-001::child-019"", ""PUB-SENPAI-20260812::PUB-SENPAI-20260812::section-001::child-020"", ""PUB-SENPAI-20260812::PUB-SENPAI-20260812::section-001::child-004"", ""PUB-FUTURE-08-20210624::PUB-FUTURE-08-20210624::section-001::child-002"", ""PUB-SENPAI-20260812::PUB-SENPAI-20260812::section-001::child-001""]",W05::chunk-512_topk-5_rerank-ce::W03-LONG-SENPAI-015,5,chunk-512_topk-5_rerank-ce
0.8340006560293128,14174afa538835c0293bb26a0cb26d1e300ed0aa2e8e7de55c738d1f159caef1,53962e916d3410106cfb0685be32cef46d2736d6ae57d8953cc1f5a3bca08426,512,False,parsed,W03-LONG-SENPAI-016,w05_senpai_long_source_from_w03,1.1.0,1.0,1.0,0,4906.457,0,meta-llama/Llama-3.1-8B-Instruct,0e9e39f249a16976918f6564b8830bc894c89659,Senpai,5895.305,False,complete,42,1.0,cross_encoder,982.193,"[""PUB-SENPAI-20260812::PUB-SENPAI-20260812::section-001::child-020"", ""PUB-SENPAI-20260812::PUB-SENPAI-20260812::section-001::child-018"", ""PUB-SENPAI-20260812::PUB-SENPAI-20260812::section-001::child-005"", ""PUB-SENPAI-20260812::PUB-SENPAI-20260812::section-001::child-019"", ""PUB-SENPAI-20260812::PUB-SENPAI-20260812::section-001::child-004""]",W05::chunk-512_topk-5_rerank-ce::W03-LONG-SENPAI-016,5,chunk-512_topk-5_rerank-ce
0.8032197243315463,e1a07f28c677b14a5a674c8b8013cf5b2e1488187c9b6f125af15f843f38a1fa,dc3eac4df60680c6a67ae0ab0af7fa20771744650db6d0126a680066dbcc81d1,512,False,parsed,W03-LONG-SENPAI-017,w05_senpai_long_source_from_w03,1.1.0,1.0,1.0,0,4595.985,0,meta-llama/Llama-3.1-8B-Instruct,0e9e39f249a16976918f6564b8830bc894c89659,Senpai,5743.044,False,complete,42,1.0,cross_encoder,1140.203,"[""PUB-SENPAI-20260812::PUB-SENPAI-20260812::section-001::child-020"", ""PUB-SENPAI-20260812::PUB-SENPAI-20260812::section-001::child-002"", ""PUB-SENPAI-20260812::PUB-SENPAI-20260812::section-001::child-005"", ""PUB-SENPAI-20260812::PUB-SENPAI-20260812::section-001::child-018"", ""PUB-ORIGAMI-20260812::PUB-ORIGAMI-20260812::section-001::child-014""]",W05::chunk-512_topk-5_rerank-ce::W03-LONG-SENPAI-017,5,chunk-512_topk-5_rerank-ce
0.8079927414087583,5e51d242b51d53b01295192b6f5dfb41d6207f1f43cb99d30c1d60e11d4a989c,5bf08ab1eb295ff6f8ca9837e03744deb4e8fc79e51da05d099d57d7c58517a3,512,False,parsed,W03-LONG-SENPAI-018,w05_senpai_long_source_from_w03,1.1.0,1.0,1.0,0,7708.836,0,meta-llama/Llama-3.1-8B-Instruct,0e9e39f249a16976918f6564b8830bc894c89659,Senpai,8756.004,False,complete,42,1.0,cross_encoder,1037.199,"[""PUB-SENPAI-20260812::PUB-SENPAI-20260812::section-001::child-010"", ""PUB-SENPAI-20260812::PUB-SENPAI-20260812::section-001::child-001"", ""PUB-SENPAI-20260812::PUB-SENPAI-20260812::section-001::child-005"", ""PUB-SENPAI-20260812::PUB-SENPAI-20260812::section-001::child-018"", ""PUB-SENPAI-20260812::PUB-SENPAI-20260812::section-001::child-020""]",W05::chunk-512_topk-5_rerank-ce::W03-LONG-SENPAI-018,5,chunk-512_topk-5_rerank-ce
0.7207089466257864,1f33501ad0dc6d9ff9c3f281a82c191b56bc5dae83def0bfbb87ddf7dbe349fa,ebbe592fc2eec88fe78d9b7d70304a6c42213f2f5b29e0553e6f924f41cc7dff,512,False,parsed,W03-LONG-SENPAI-019,w05_senpai_long_source_from_w03,1.1.0,1.0,0.8571428571428571,0,15302.609,0,meta-llama/Llama-3.1-8B-Instruct,0e9e39f249a16976918f6564b8830bc894c89659,Senpai,16271.403,False,complete,42,1.0,cross_encoder,961.844,"[""PUB-SENPAI-20260812::PUB-SENPAI-20260812::section-001::child-008"", ""PUB-SENPAI-20260812::PUB-SENPAI-20260812::section-001::child-019"", ""PUB-SENPAI-20260812::PUB-SENPAI-20260812::section-001::child-001"", ""PUB-SENPAI-20260812::PUB-SENPAI-20260812::section-001::child-011"", ""PUB-SENPAI-20260812::PUB-SENPAI-20260812::section-001::child-014""]",W05::chunk-512_topk-5_rerank-ce::W03-LONG-SENPAI-019,5,chunk-512_topk-5_rerank-ce
0.0,95d951244e71cace665ee74a93b1d01a6f56c4ec5ae4282b0e1f3b1e382923ba,76211bc183ce1985748671ab24570ceebfe0bbc0a375cdde8210d49b91c3cdd6,512,False,parsed,W03-LONG-SENPAI-020,w05_senpai_long_source_from_w03,1.1.0,1.0,0.3333333333333333,0,2260.688,0,meta-llama/Llama-3.1-8B-Instruct,0e9e39f249a16976918f6564b8830bc894c89659,Senpai,3278.012,False,complete,42,0.5,cross_encoder,1010.322,"[""PUB-SENPAI-20260812::PUB-SENPAI-20260812::section-001::child-001"", ""PUB-SENPAI-20260812::PUB-SENPAI-20260812::section-001::child-010"", ""PUB-SENPAI-20260812::PUB-SENPAI-20260812::section-001::child-009"", ""PUB-SENPAI-20260812::PUB-SENPAI-20260812::section-001::child-018"", ""PUB-SENPAI-20260812::PUB-SENPAI-20260812::section-001::child-004""]",W05::chunk-512_topk-5_rerank-ce::W03-LONG-SENPAI-020,5,chunk-512_topk-5_rerank-ce
0.933490698720301,ed321509ca615b5337a02430b1336f428f12f3893b282ccbf2b01b255b4a2d1f,bff65a02fac6b524119d56b39ba3fe5c7b717d6698a6b65f4dcc6a17fb68f2c5,256,False,parsed,W03-LONG-SENPAI-001,w05_senpai_long_source_from_w03,1.1.0,1.0,0.6666666666666666,0,6655.922,0,meta-llama/Llama-3.1-8B-Instruct,0e9e39f249a16976918f6564b8830bc894c89659,Senpai,7341.809,False,complete,42,1.0,none,673.12,"[""PUB-SENPAI-20260812::PUB-SENPAI-20260812::section-001::child-020"", ""PUB-SENPAI-20260812::PUB-SENPAI-20260812::section-001::child-001"", ""PUB-SENPAI-20260812::PUB-SENPAI-20260812::section-001::child-021""]",W05::chunk-256_topk-3_rerank-none::W03-LONG-SENPAI-001,3,chunk-256_topk-3_rerank-none
0.8709436653170334,9e951c4fc47d76375a5c071d529f006ddab98dabf0f1edfa736197df8918e0fb,bf6b66919a97e48df6300d01176f6e82c9f53a60601dcec9ae840ff9c5cadbcb,256,False,parsed,W03-LONG-SENPAI-002,w05_senpai_long_source_from_w03,1.1.0,1.0,1.0,0,3880.983,0,meta-llama/Llama-3.1-8B-Instruct,0e9e39f249a16976918f6564b8830bc894c89659,Senpai,4205.1,False,complete,42,1.0,none,309.745,"[""PUB-SENPAI-20260812::PUB-SENPAI-20260812::section-001::child-008"", ""PUB-SENPAI-20260812::PUB-SENPAI-20260812::section-001::child-012"", ""PUB-SENPAI-20260812::PUB-SENPAI-20260812::section-001::child-040""]",W05::chunk-256_topk-3_rerank-none::W03-LONG-SENPAI-002,3,chunk-256_topk-3_rerank-none
0.9999999999997362,d42ecd63f08131288f1dd7c0501b41e3d087d6bb9b6312d6cf41d8f979371d22,9a0df3b4db097c3496eec10b8c3284c0e43847acdb9e0f96c095516cc223880f,256,False,parsed,W03-LONG-SENPAI-003,w05_senpai_long_source_from_w03,1.1.0,1.0,1.0,0,9199.22,0,meta-llama/Llama-3.1-8B-Instruct,0e9e39f249a16976918f6564b8830bc894c89659,Senpai,9635.998,False,complete,42,1.0,none,424.634,"[""PUB-SENPAI-20260812::PUB-SENPAI-20260812::section-001::child-009"", ""PUB-SENPAI-20260812::PUB-SENPAI-20260812::section-001::child-043"", ""PUB-SENPAI-20260812::PUB-SENPAI-20260812::section-001::child-039""]",W05::chunk-256_topk-3_rerank-none::W03-LONG-SENPAI-003,3,chunk-256_topk-3_rerank-none
0.0,f4f0ba124ff6a86840a66bbc6bc81fd84568e806c76916130c206f4cb9cc5fd3,0137d8630d5fb837370b092cae6d23b691bd1f012a59590a64e40f2f1f2ed1c7,256,False,parsed,W03-LONG-SENPAI-004,w05_senpai_long_source_from_w03,1.1.0,0.5,1.0,0,10074.236,0,meta-llama/Llama-3.1-8B-Instruct,0e9e39f249a16976918f6564b8830bc894c89659,Senpai,10342.725,False,complete,42,1.0,none,257.458,"[""PUB-SENPAI-20260812::PUB-SENPAI-20260812::section-001::child-043"", ""PUB-SENPAI-20260812::PUB-SENPAI-20260812::section-001::child-040"", ""PUB-SENPAI-20260812::PUB-SENPAI-20260812::section-001::child-010""]",W05::chunk-256_topk-3_rerank-none::W03-LONG-SENPAI-004,3,chunk-256_topk-3_rerank-none
0.8519163837372732,350105206ec6f371aed3502e872606d9765003540c88499713c470e3a1ba17b0,43106cf3b919789fa5faedb5bf65ee09783aee686aebb08941c3407e50d876c2,256,False,parsed,W03-LONG-SENPAI-005,w05_senpai_long_source_from_w03,1.1.0,1.0,1.0,0,7844.727,0,meta-llama/Llama-3.1-8B-Instruct,0e9e39f249a16976918f6564b8830bc894c89659,Senpai,8314.797,False,complete,42,1.0,none,452.819,"[""PUB-SENPAI-20260812::PUB-SENPAI-20260812::section-001::child-012"", ""PUB-SENPAI-20260812::PUB-SENPAI-20260812::section-001::child-013"", ""PUB-SENPAI-20260812::PUB-SENPAI-20260812::section-001::child-042""]",W05::chunk-256_topk-3_rerank-none::W03-LONG-SENPAI-005,3,chunk-256_topk-3_rerank-none
0.7460909155682706,eaee0520d4923c59b6a3d52154f22a96c2a54534307712ecb11051151c4f4405,9dd32d7297bb4df2b6daec544cfe8dd7007a525f5c736003f3bbfdfa2eb57347,256,False,parsed,W03-LONG-SENPAI-006,w05_senpai_long_source_from_w03,1.1.0,0.5,0.8,0,7005.385,0,meta-llama/Llama-3.1-8B-Instruct,0e9e39f249a16976918f6564b8830bc894c89659,Senpai,7266.278,False,complete,42,0.75,none,244.918,"[""PUB-ORIGAMI-20260812::PUB-ORIGAMI-20260812::section-001::child-031"", ""PUB-SENPAI-20260812::PUB-SENPAI-20260812::section-001::child-022"", ""PUB-SENPAI-20260812::PUB-SENPAI-20260812::section-001::child-013""]",W05::chunk-256_topk-3_rerank-none::W03-LONG-SENPAI-006,3,chunk-256_topk-3_rerank-none
0.9887068304276826,6dfeb36dd9fba144f4efb7996f35be405c3f6a9074f7765f7b4028f1ce53c140,b3d7643a649883bfd55ce2c73a92db90085a0aa16e04be87c89a97e19e6d3ea0,256,False,parsed,W03-LONG-SENPAI-007,w05_senpai_long_source_from_w03,1.1.0,1.0,0.75,0,6125.989,0,meta-llama/Llama-3.1-8B-Instruct,0e9e39f249a16976918f6564b8830bc894c89659,Senpai,6369.523,False,complete,42,1.0,none,227.664,"[""PUB-SENPAI-20260812::PUB-SENPAI-20260812::section-001::child-017"", ""PUB-SENPAI-20260812::PUB-SENPAI-20260812::section-001::child-022"", ""PUB-ORIGAMI-20260812::PUB-ORIGAMI-20260812::section-001::child-011""]",W05::chunk-256_topk-3_rerank-none::W03-LONG-SENPAI-007,3,chunk-256_topk-3_rerank-none
0.8884838040822108,fde98791e6b8e6aaefa8f4ae655de78f0576833eb6a290842ea7c759bd9c9125,fe235f3bda780cd7199698e4147a7237df4169fba16cf05e1c8dc5028d03c438,256,False,parsed,W03-LONG-SENPAI-008,w05_senpai_long_source_from_w03,1.1.0,1.0,0.5,0,4480.786,0,meta-llama/Llama-3.1-8B-Instruct,0e9e39f249a16976918f6564b8830bc894c89659,Senpai,5334.031,False,complete,42,1.0,none,837.743,"[""PUB-SENPAI-20260812::PUB-SENPAI-20260812::section-001::child-018"", ""PUB-SENPAI-20260812::PUB-SENPAI-20260812::section-001::child-020"", ""PUB-SENPAI-20260812::PUB-SENPAI-20260812::section-001::child-001""]",W05::chunk-256_topk-3_rerank-none::W03-LONG-SENPAI-008,3,chunk-256_topk-3_rerank-none
0.9605135932147655,8936f4ce174548ace2dcac7657918b87ad0d8994fd86e395ef1cb9c4a5a2fec1,1b53fc469699e0aa3992f2c72edfe5dd51d317fe691ddec81323e81a7a3de0c3,256,False,parsed,W03-LONG-SENPAI-009,w05_senpai_long_source_from_w03,1.1.0,1.0,1.0,0,2816.314,0,meta-llama/Llama-3.1-8B-Instruct,0e9e39f249a16976918f6564b8830bc894c89659,Senpai,3132.616,False,complete,42,1.0,none,301.304,"[""PUB-SENPAI-20260812::PUB-SENPAI-20260812::section-001::child-021"", ""PUB-ORIGAMI-20260812::PUB-ORIGAMI-20260812::section-001::child-031"", ""PUB-SENPAI-20260812::PUB-SENPAI-20260812::section-001::child-003""]",W05::chunk-256_topk-3_rerank-none::W03-LONG-SENPAI-009,3,chunk-256_topk-3_rerank-none
0.822363394796335,5159dd23f4469b96e748062fa1db0c2076b0ba543fd5b59c88242c7752bb3d2c,df6f62779689f55f72e54d6583638dadc821a46f82c2ab73d1e101bb4857626e,256,False,parsed,W03-LONG-SENPAI-010,w05_senpai_long_source_from_w03,1.1.0,0.0,1.0,0,8078.394,0,meta-llama/Llama-3.1-8B-Instruct,0e9e39f249a16976918f6564b8830bc894c89659,Senpai,8496.059,False,complete,42,1.0,none,409.614,"[""PUB-SENPAI-20260812::PUB-SENPAI-20260812::section-001::child-022"", ""PUB-ORIGAMI-20260812::PUB-ORIGAMI-20260812::section-001::child-031"", ""PUB-SENPAI-20260812::PUB-SENPAI-20260812::section-001::child-021""]",W05::chunk-256_topk-3_rerank-none::W03-LONG-SENPAI-010,3,chunk-256_topk-3_rerank-none
0.9240800907760275,aee29023d853e7a379983a97049af51fc2d45b33af9fba656660aaa4cfa0da63,f3234ecc9487028fc000c64815f954db9d1d2a33dc20cd0688b8ba3065b6aad9,256,False,parsed_after_deterministic_repair,W03-LONG-SENPAI-011,w05_senpai_long_source_from_w03,1.1.0,1.0,1.0,0,9580.114,0,meta-llama/Llama-3.1-8B-Instruct,0e9e39f249a16976918f6564b8830bc894c89659,Senpai,10023.392,False,complete,42,1.0,none,431.957,"[""PUB-SENPAI-20260812::PUB-SENPAI-20260812::section-001::child-029"", ""PUB-SENPAI-20260812::PUB-SENPAI-20260812::section-001::child-030"", ""PUB-ORIGAMI-20260812::PUB-ORIGAMI-20260812::section-001::child-014""]",W05::chunk-256_topk-3_rerank-none::W03-LONG-SENPAI-011,3,chunk-256_topk-3_rerank-none
0.8830929420916797,2d3dd4bbc95a277475e201aca23c3206306e762e16c6768b0f795c78376851ea,692b6113696c9b55ee0201bf55b75cab17b1fe4b26b8f6e5b98ef77cfae3f5a6,256,False,parsed,W03-LONG-SENPAI-012,w05_senpai_long_source_from_w03,1.1.0,0.75,0.8333333333333334,0,12359.059,0,meta-llama/Llama-3.1-8B-Instruct,0e9e39f249a16976918f6564b8830bc894c89659,Senpai,12787.961,False,complete,42,0.875,none,413.952,"[""PUB-SENPAI-20260812::PUB-SENPAI-20260812::section-001::child-037"", ""PUB-SENPAI-20260812::PUB-SENPAI-20260812::section-001::child-036"", ""PUB-SENPAI-20260812::PUB-SENPAI-20260812::section-001::child-033""]",W05::chunk-256_topk-3_rerank-none::W03-LONG-SENPAI-012,3,chunk-256_topk-3_rerank-none
0.0,e8eacd4c407df8d7cd013a692e41ec2e7410f8b519e4ab1c40e4ecf39094ca60,9d7f63df5de874a6bb68edd4a7cbd3b3a5591218640504d3026b62eac293cae3,256,False,parsed,W03-LONG-SENPAI-013,w05_senpai_long_source_from_w03,1.1.0,1.0,1.0,0,17370.298,0,meta-llama/Llama-3.1-8B-Instruct,0e9e39f249a16976918f6564b8830bc894c89659,Senpai,17583.295,False,complete,42,0.5,none,199.407,"[""PUB-SENPAI-20260812::PUB-SENPAI-20260812::section-001::child-038"", ""PUB-SENPAI-20260812::PUB-SENPAI-20260812::section-001::child-020"", ""PUB-SENPAI-20260812::PUB-SENPAI-20260812::section-001::child-018""]",W05::chunk-256_topk-3_rerank-none::W03-LONG-SENPAI-013,3,chunk-256_topk-3_rerank-none
0.9687793395422389,bd313ee3db3e1a6d9c3efdee682dacbcc7c1fa7faaa90bc04f1ac3de2ef82a4b,3b579c13c3fc82a20a739182f705a65ba38aa3cb5acda7d6bcf879c20d7f7b48,256,False,parsed,W03-LONG-SENPAI-014,w05_senpai_long_source_from_w03,1.1.0,1.0,1.0,0,3340.319,0,meta-llama/Llama-3.1-8B-Instruct,0e9e39f249a16976918f6564b8830bc894c89659,Senpai,3538.003,False,complete,42,1.0,none,184.43,"[""PUB-SENPAI-20260812::PUB-SENPAI-20260812::section-001::child-039"", ""PUB-SENPAI-20260812::PUB-SENPAI-20260812::section-001::child-040"", ""PUB-SENPAI-20260812::PUB-SENPAI-20260812::section-001::child-043""]",W05::chunk-256_topk-3_rerank-none::W03-LONG-SENPAI-014,3,chunk-256_topk-3_rerank-none
0.9378910236402301,b08e09c011f9ed87691d1afb58c7c7b4db7e4d73b798b3e654325bc4568acab8,18f9137421f46bae9a69c3930f506f77f6d4991b40e5fcc223688bb1baf26e28,256,False,parsed,W03-LONG-SENPAI-015,w05_senpai_long_source_from_w03,1.1.0,1.0,1.0,0,2501.732,0,meta-llama/Llama-3.1-8B-Instruct,0e9e39f249a16976918f6564b8830bc894c89659,Senpai,2750.763,False,complete,42,1.0,none,236.222,"[""PUB-SENPAI-20260812::PUB-SENPAI-20260812::section-001::child-042"", ""PUB-SENPAI-20260812::PUB-SENPAI-20260812::section-001::child-009"", ""PUB-SENPAI-20260812::PUB-SENPAI-20260812::section-001::child-007""]",W05::chunk-256_topk-3_rerank-none::W03-LONG-SENPAI-015,3,chunk-256_topk-3_rerank-none
0.915343798292587,1c0f843282438368a98f024620bcde70359d5d8c2774f4f69e26f8a9b1d64d99,94f0985b8059efc23ea108c1655303231b0f49302165a8b76138069095fe87ad,256,False,parsed,W03-LONG-SENPAI-016,w05_senpai_long_source_from_w03,1.1.0,1.0,1.0,0,4765.809,0,meta-llama/Llama-3.1-8B-Instruct,0e9e39f249a16976918f6564b8830bc894c89659,Senpai,4887.725,False,complete,42,1.0,none,113.509,"[""PUB-SENPAI-20260812::PUB-SENPAI-20260812::section-001::child-043"", ""PUB-SENPAI-20260812::PUB-SENPAI-20260812::section-001::child-039"", ""PUB-SENPAI-20260812::PUB-SENPAI-20260812::section-001::child-009""]",W05::chunk-256_topk-3_rerank-none::W03-LONG-SENPAI-016,3,chunk-256_topk-3_rerank-none
0.0,fdf8c49be73ea3cbc9363c993e4abfcf18455534dd57dd33601015127f589190,f662aa6c33a2af46d11d607c7d358737f47e09e22ef94dfd9200d185d875a1db,256,False,parsed,W03-LONG-SENPAI-017,w05_senpai_long_source_from_w03,1.1.0,0.0,1.0,0,7727.701,0,meta-llama/Llama-3.1-8B-Instruct,0e9e39f249a16976918f6564b8830bc894c89659,Senpai,7969.641,False,complete,42,1.0,none,227.613,"[""PUB-SENPAI-20260812::PUB-SENPAI-20260812::section-001::child-039"", ""PUB-SENPAI-20260812::PUB-SENPAI-20260812::section-001::child-040"", ""PUB-SENPAI-20260812::PUB-SENPAI-20260812::section-001::child-043""]",W05::chunk-256_topk-3_rerank-none::W03-LONG-SENPAI-017,3,chunk-256_topk-3_rerank-none
0.8093543539242304,c9d013ef0b4db8aca949b51e0758a6896b6104ce611ca5a207c7077341077983,26af41d2afd55c1d069f20f9369c1bd8b994bad7fc1ec9d20dceaa56058f04fe,256,False,parsed,W03-LONG-SENPAI-018,w05_senpai_long_source_from_w03,1.1.0,1.0,1.0,0,7274.874,0,meta-llama/Llama-3.1-8B-Instruct,0e9e39f249a16976918f6564b8830bc894c89659,Senpai,7479.226,False,complete,42,1.0,none,188.346,"[""PUB-SENPAI-20260812::PUB-SENPAI-20260812::section-001::child-009"", ""PUB-SENPAI-20260812::PUB-SENPAI-20260812::section-001::child-001"", ""PUB-SENPAI-20260812::PUB-SENPAI-20260812::section-001::child-020""]",W05::chunk-256_topk-3_rerank-none::W03-LONG-SENPAI-018,3,chunk-256_topk-3_rerank-none
0.7678760662765874,2c3b26591113ce402ed84b4690463eb0ddfc68529e6919a0cd4f553de026e3fb,450ef7128abb0d5b263c8d0f0b8fad556e91dc1e8da8ce417230bcb9738cf078,256,False,parsed,W03-LONG-SENPAI-019,w05_senpai_long_source_from_w03,1.1.0,0.5,1.0,0,12784.215,0,meta-llama/Llama-3.1-8B-Instruct,0e9e39f249a16976918f6564b8830bc894c89659,Senpai,12911.876,False,complete,42,1.0,none,118.165,"[""PUB-SENPAI-20260812::PUB-SENPAI-20260812::section-001::child-017"", ""PUB-SENPAI-20260812::PUB-SENPAI-20260812::section-001::child-013"", ""PUB-SENPAI-20260812::PUB-SENPAI-20260812::section-001::child-022""]",W05::chunk-256_topk-3_rerank-none::W03-LONG-SENPAI-019,3,chunk-256_topk-3_rerank-none
0.0,bc07e138abfb812c938f5acca6ee829703aaa128ef7ae043b2af2f8375b39295,2953855f28ae16c8cfdc700547631562cd08e3a7c06ff729703e1472ce32a560,256,False,parsed,W03-LONG-SENPAI-020,w05_senpai_long_source_from_w03,1.1.0,1.0,0.0,0,2574.456,0,meta-llama/Llama-3.1-8B-Instruct,0e9e39f249a16976918f6564b8830bc894c89659,Senpai,2712.263,False,complete,42,0.5,none,130.418,"[""PUB-SENPAI-20260812::PUB-SENPAI-20260812::section-001::child-001"", ""PUB-SENPAI-20260812::PUB-SENPAI-20260812::section-001::child-018"", ""PUB-SENPAI-20260812::PUB-SENPAI-20260812::section-001::child-022""]",W05::chunk-256_topk-3_rerank-none::W03-LONG-SENPAI-020,3,chunk-256_topk-3_rerank-none
0.0,bdeecd240b1b21251c6fd1d49c2878d3754ce592d5a34d6971d39ec26fe0f42a,a4b68eb548452270cdea789f01520d3dc92a93aacd9e532751ad4957e9c740d0,1024,False,parsed,W03-LONG-SENPAI-001,w05_senpai_long_source_from_w03,1.1.0,1.0,0.6666666666666666,0,3632.333,0,meta-llama/Llama-3.1-8B-Instruct,0e9e39f249a16976918f6564b8830bc894c89659,Senpai,4114.638,False,complete,42,1.0,none,453.254,"[""PUB-SENPAI-20260812::PUB-SENPAI-20260812::section-001::child-001"", ""PUB-ORIGAMI-20260812::PUB-ORIGAMI-20260812::section-001::child-004"", ""PUB-SENPAI-20260812::PUB-SENPAI-20260812::section-001::child-005""]",W05::chunk-1024_topk-3_rerank-none::W03-LONG-SENPAI-001,3,chunk-1024_topk-3_rerank-none
0.0,b8c67a80b9b7b840f3484721989d5b77be25a3e27c2aeb6f0ef1b7646fce83c8,ce1ce7b0af2eec8a5abbfa8b7b117a758d587d03e2947df4622ec4a614261971,1024,False,parsed,W03-LONG-SENPAI-002,w05_senpai_long_source_from_w03,1.1.0,0.0,0.8,0,9304.056,0,meta-llama/Llama-3.1-8B-Instruct,0e9e39f249a16976918f6564b8830bc894c89659,Senpai,9413.368,False,complete,42,0.5,none,93.148,"[""PUB-SENPAI-20260812::PUB-SENPAI-20260812::section-001::child-009"", ""PUB-SENPAI-20260812::PUB-SENPAI-20260812::section-001::child-003"", ""PUB-SENPAI-20260812::PUB-SENPAI-20260812::section-001::child-001""]",W05::chunk-1024_topk-3_rerank-none::W03-LONG-SENPAI-002,3,chunk-1024_topk-3_rerank-none
0.8714729863352092,a9c63789fcc4f3d80d0ee0accba679a13b10ba5c7ecef431f23e5af785faacd0,52a693de2401b27b3c48cc1bea330415f42370665cfd86828559eff312975771,1024,False,parsed,W03-LONG-SENPAI-003,w05_senpai_long_source_from_w03,1.1.0,0.5,1.0,0,10386.949,0,meta-llama/Llama-3.1-8B-Instruct,0e9e39f249a16976918f6564b8830bc894c89659,Senpai,10659.841,False,complete,42,0.5,none,245.043,"[""PUB-SENPAI-20260812::PUB-SENPAI-20260812::section-001::child-009"", ""PUB-SENPAI-20260812::PUB-SENPAI-20260812::section-001::child-003"", ""PUB-SENPAI-20260812::PUB-SENPAI-20260812::section-001::child-001""]",W05::chunk-1024_topk-3_rerank-none::W03-LONG-SENPAI-003,3,chunk-1024_topk-3_rerank-none
0.0,024386f6cffe8a432288ca2c2af46552aa500c0a055afd126c67e9e5c0dfac3c,16d107fe9de06f5a0b05e19fa826cc335a6d7d1cf614b1d7f03628877c529444,1024,False,parsed,W03-LONG-SENPAI-004,w05_senpai_long_source_from_w03,1.1.0,0.5,1.0,0,7893.809,0,meta-llama/Llama-3.1-8B-Instruct,0e9e39f249a16976918f6564b8830bc894c89659,Senpai,8061.008,False,complete,42,1.0,none,144.917,"[""PUB-SENPAI-20260812::PUB-SENPAI-20260812::section-001::child-009"", ""PUB-SENPAI-20260812::PUB-SENPAI-20260812::section-001::child-003"", ""PUB-SENPAI-20260812::PUB-SENPAI-20260812::section-001::child-001""]",W05::chunk-1024_topk-3_rerank-none::W03-LONG-SENPAI-004,3,chunk-1024_topk-3_rerank-none
0.8008852286745948,0e27fa2f16ea1b355e62af2f6109a3184d3690019f4c84c1e4b7e9addab2c123,b48f5d937157d18d378c3443221f48df7530a73f294dd90b6ffe50cd1e90f8ac,1024,False,parsed,W03-LONG-SENPAI-005,w05_senpai_long_source_from_w03,1.1.0,1.0,1.0,0,10399.599,0,meta-llama/Llama-3.1-8B-Instruct,0e9e39f249a16976918f6564b8830bc894c89659,Senpai,10516.6,False,complete,42,1.0,none,101.887,"[""PUB-SENPAI-20260812::PUB-SENPAI-20260812::section-001::child-003"", ""PUB-SENPAI-20260812::PUB-SENPAI-20260812::section-001::child-001"", ""PUB-SENPAI-20260812::PUB-SENPAI-20260812::section-001::child-009""]",W05::chunk-1024_topk-3_rerank-none::W03-LONG-SENPAI-005,3,chunk-1024_topk-3_rerank-none
0.5165711537784398,26f8e921eb88bb72c8b32feda3a5edf9140fa0def72df7adbb31e9020192b12a,6b0b564789fcb365704ff83284349ef6f1a14dc7d80a624aeabe9925fab2fdfc,1024,False,parsed,W03-LONG-SENPAI-006,w05_senpai_long_source_from_w03,1.1.0,1.0,1.0,0,18403.603,0,meta-llama/Llama-3.1-8B-Instruct,0e9e39f249a16976918f6564b8830bc894c89659,Senpai,18631.835,False,complete,42,1.0,none,201.912,"[""PUB-SENPAI-20260812::PUB-SENPAI-20260812::section-001::child-004"", ""PUB-SENPAI-20260812::PUB-SENPAI-20260812::section-001::child-005"", ""PUB-ORIGAMI-20260812::PUB-ORIGAMI-20260812::section-001::child-007""]",W05::chunk-1024_topk-3_rerank-none::W03-LONG-SENPAI-006,3,chunk-1024_topk-3_rerank-none
0.7180519320926084,c1331391da0867b586f18b05c14093a2330653df9cec7cb43740bec9ae789cd8,f499fc378b9c7051466be89740b33cce16355f95cf9578f3edd0257412bb4277,1024,True,parsed,W03-LONG-SENPAI-007,w05_senpai_long_source_from_w03,1.1.0,1.0,1.0,0,4306.769,0,meta-llama/Llama-3.1-8B-Instruct,0e9e39f249a16976918f6564b8830bc894c89659,Senpai,4552.206,False,complete,42,1.0,none,217.815,"[""PUB-ORIGAMI-20260812::PUB-ORIGAMI-20260812::section-001::child-007"", ""PUB-SENPAI-20260812::PUB-SENPAI-20260812::section-001::child-004"", ""PUB-SENPAI-20260812::PUB-SENPAI-20260812::section-001::child-008""]",W05::chunk-1024_topk-3_rerank-none::W03-LONG-SENPAI-007,3,chunk-1024_topk-3_rerank-none
0.0,edd9389d56319230fdd5ace12663663da465b90206786c4f184afed1a650349c,7372d3126ffe281aa6467b56426fd6879c9346d30da2bfef5cdea89afdbb4363,1024,False,parsed,W03-LONG-SENPAI-008,w05_senpai_long_source_from_w03,1.1.0,0.0,0.5,0,8248.587,0,meta-llama/Llama-3.1-8B-Instruct,0e9e39f249a16976918f6564b8830bc894c89659,Senpai,8459.874,False,complete,42,1.0,none,197.243,"[""PUB-SENPAI-20260812::PUB-SENPAI-20260812::section-001::child-001"", ""PUB-ORIGAMI-20260812::PUB-ORIGAMI-20260812::section-001::child-004"", ""PUB-SENPAI-20260812::PUB-SENPAI-20260812::section-001::child-008""]",W05::chunk-1024_topk-3_rerank-none::W03-LONG-SENPAI-008,3,chunk-1024_topk-3_rerank-none
0.0,890a1be6349782063b1f09b0c20618d3210cae1be4f313f3e524ab4a4ddb83bc,55cc27563aec73986aab5249f52b74891134936cadaef1b88f892e9a1e415127,1024,False,parsed,W03-LONG-SENPAI-009,w05_senpai_long_source_from_w03,1.1.0,0.0,,0,8699.096,0,meta-llama/Llama-3.1-8B-Instruct,0e9e39f249a16976918f6564b8830bc894c89659,Senpai,9184.065,False,metric_failure_retained,42,0.5,none,457.644,"[""PUB-SENPAI-20260812::PUB-SENPAI-20260812::section-001::child-001"", ""PUB-SENPAI-20260812::PUB-SENPAI-20260812::section-001::child-009"", ""PUB-SENPAI-20260812::PUB-SENPAI-20260812::section-001::child-008""]",W05::chunk-1024_topk-3_rerank-none::W03-LONG-SENPAI-009,3,chunk-1024_topk-3_rerank-none
0.7860453012939418,4159c863b869bcb8dfbdca04a713b323d1e198b3f73527a696035fef54c4c80b,0dd23c5bf67be95282a679193bed3c9090afbd471b9d0cb257bff9eda2909583,1024,False,parsed,W03-LONG-SENPAI-010,w05_senpai_long_source_from_w03,1.1.0,0.0,1.0,0,7396.24,0,meta-llama/Llama-3.1-8B-Instruct,0e9e39f249a16976918f6564b8830bc894c89659,Senpai,7703.532,False,complete,42,1.0,none,290.407,"[""PUB-SENPAI-20260812::PUB-SENPAI-20260812::section-001::child-004"", ""PUB-SENPAI-20260812::PUB-SENPAI-20260812::section-001::child-001"", ""PUB-SENPAI-20260812::PUB-SENPAI-20260812::section-001::child-005""]",W05::chunk-1024_topk-3_rerank-none::W03-LONG-SENPAI-010,3,chunk-1024_topk-3_rerank-none
0.9251050671897793,32f1cc59e27c03c8a8029640c3e74e9ecc50dd171cd5e8a487bcbe8dfea9099f,38d2eb51829cfd32d2d9b5e1da381c23429b9f07f75d23652fc6cad6dd06f7b3,1024,False,parsed,W03-LONG-SENPAI-011,w05_senpai_long_source_from_w03,1.1.0,0.0,1.0,0,17138.427,0,meta-llama/Llama-3.1-8B-Instruct,0e9e39f249a16976918f6564b8830bc894c89659,Senpai,17387.938,False,complete,42,1.0,none,219.636,"[""PUB-ORIGAMI-20260812::PUB-ORIGAMI-20260812::section-001::child-003"", ""PUB-HUMANOID-20260812::PUB-HUMANOID-20260812::section-001::child-002"", ""PUB-ORIGAMI-20260812::PUB-ORIGAMI-20260812::section-001::child-007""]",W05::chunk-1024_topk-3_rerank-none::W03-LONG-SENPAI-011,3,chunk-1024_topk-3_rerank-none
0.682772501939794,cc8c43628eda8f48e8c70421577e0b0f9fcca6d0ece649b6e23397cb060cfcce,b6ba19ea00291d2d90b00d92c025823f637a3dcbb3143199879c35a0ffabce8e,1024,False,parsed,W03-LONG-SENPAI-012,w05_senpai_long_source_from_w03,1.1.0,1.0,0.8,0,13996.378,0,meta-llama/Llama-3.1-8B-Instruct,0e9e39f249a16976918f6564b8830bc894c89659,Senpai,14271.388,False,complete,42,1.0,none,249.537,"[""PUB-SENPAI-20260812::PUB-SENPAI-20260812::section-001::child-008"", ""PUB-SENPAI-20260812::PUB-SENPAI-20260812::section-001::child-007"", ""PUB-SENPAI-20260812::PUB-SENPAI-20260812::section-001::child-009""]",W05::chunk-1024_topk-3_rerank-none::W03-LONG-SENPAI-012,3,chunk-1024_topk-3_rerank-none
0.0,2b4509f47b42dfc6f2a7290cf58006848f33e535acf8bb82afb2bc19903c0b26,349d728f49a211e9fd84c1251b7d68b8057276a579dcc6b9f851a78137ff7f20,1024,False,parsed,W03-LONG-SENPAI-013,w05_senpai_long_source_from_w03,1.1.0,1.0,0.6,0,12629.03,0,meta-llama/Llama-3.1-8B-Instruct,0e9e39f249a16976918f6564b8830bc894c89659,Senpai,12972.346,False,complete,42,1.0,none,318.174,"[""PUB-SENPAI-20260812::PUB-SENPAI-20260812::section-001::child-004"", ""PUB-SENPAI-20260812::PUB-SENPAI-20260812::section-001::child-008"", ""PUB-FARI-20260812::PUB-FARI-20260812::section-001::child-005""]",W05::chunk-1024_topk-3_rerank-none::W03-LONG-SENPAI-013,3,chunk-1024_topk-3_rerank-none
0.80615968576116,4d8621ce4ec02d23ac66e03c03f2eba532d167c1be7bddc98989383aec363320,2d5ec632395f3a08ffaaee99aacdc6d045465ee19b19ca2f8b8b7ed3826ecb0d,1024,True,parsed,W03-LONG-SENPAI-014,w05_senpai_long_source_from_w03,1.1.0,1.0,0.7142857142857143,0,3118.423,0,meta-llama/Llama-3.1-8B-Instruct,0e9e39f249a16976918f6564b8830bc894c89659,Senpai,3258.394,True,complete,42,1.0,none,118.494,"[""PUB-SENPAI-20260812::PUB-SENPAI-20260812::section-001::child-009"", ""PUB-SENPAI-20260812::PUB-SENPAI-20260812::section-001::child-001"", ""PUB-SENPAI-20260812::PUB-SENPAI-20260812::section-001::child-002""]",W05::chunk-1024_topk-3_rerank-none::W03-LONG-SENPAI-014,3,chunk-1024_topk-3_rerank-none
0.646468868115251,92ec816bd2b62ecaf1a205c7973ffd2c044e3b6cebcb2c1d730d62c3f7b8e107,a25c3a555e8bd2b761e868f23520ac54c5cafc8d8d4eb633afd86238086129a7,1024,False,parsed,W03-LONG-SENPAI-015,w05_senpai_long_source_from_w03,1.1.0,1.0,1.0,0,6665.698,0,meta-llama/Llama-3.1-8B-Instruct,0e9e39f249a16976918f6564b8830bc894c89659,Senpai,6918.092,False,complete,42,1.0,none,227.244,"[""PUB-ORIGAMI-20260812::PUB-ORIGAMI-20260812::section-001::child-004"", ""PUB-SENPAI-20260812::PUB-SENPAI-20260812::section-001::child-009"", ""PUB-SENPAI-20260812::PUB-SENPAI-20260812::section-001::child-002""]",W05::chunk-1024_topk-3_rerank-none::W03-LONG-SENPAI-015,3,chunk-1024_topk-3_rerank-none
0.7789509813405808,5809b8367e0c0a29d657cfba7f49a56c9980db104a8a1a69250096c4e6ef7316,4f25aad8e52b86bcad3c89c02c8bbede4e6f311c7bb9e5823bd712cd37af93c0,1024,False,parsed,W03-LONG-SENPAI-016,w05_senpai_long_source_from_w03,1.1.0,1.0,1.0,0,15002.833,0,meta-llama/Llama-3.1-8B-Instruct,0e9e39f249a16976918f6564b8830bc894c89659,Senpai,15171.75,False,complete,42,1.0,none,146.235,"[""PUB-SENPAI-20260812::PUB-SENPAI-20260812::section-001::child-009"", ""PUB-SENPAI-20260812::PUB-SENPAI-20260812::section-001::child-003"", ""PUB-SENPAI-20260812::PUB-SENPAI-20260812::section-001::child-002""]",W05::chunk-1024_topk-3_rerank-none::W03-LONG-SENPAI-016,3,chunk-1024_topk-3_rerank-none
0.7676440523876664,e5f2833bdef8dfba1d24967e73237e9a6a3f4c04f15857fad0100aae60c2667a,054fba037002152bfa2dbd2478e252e2f35ec9565d7c55c14dda0b6e729a2f70,1024,False,parsed,W03-LONG-SENPAI-017,w05_senpai_long_source_from_w03,1.1.0,0.0,1.0,0,7999.994,0,meta-llama/Llama-3.1-8B-Instruct,0e9e39f249a16976918f6564b8830bc894c89659,Senpai,8081.071,False,complete,42,1.0,none,69.112,"[""PUB-SENPAI-20260812::PUB-SENPAI-20260812::section-001::child-009"", ""PUB-SENPAI-20260812::PUB-SENPAI-20260812::section-001::child-001"", ""PUB-SENPAI-20260812::PUB-SENPAI-20260812::section-001::child-002""]",W05::chunk-1024_topk-3_rerank-none::W03-LONG-SENPAI-017,3,chunk-1024_topk-3_rerank-none
0.8089203201331726,7c75bf843c64e7588d93a6683c3af0273a39424defc1d7a5395c39214703e397,78edc318980bccbfb3a198cb22cdafe5918fefccc8e955bb850244b6f684198d,1024,False,parsed,W03-LONG-SENPAI-018,w05_senpai_long_source_from_w03,1.1.0,0.5,0.8333333333333334,0,3768.721,0,meta-llama/Llama-3.1-8B-Instruct,0e9e39f249a16976918f6564b8830bc894c89659,Senpai,3924.138,False,complete,42,1.0,none,135.476,"[""PUB-SENPAI-20260812::PUB-SENPAI-20260812::section-001::child-001"", ""PUB-SENPAI-20260812::PUB-SENPAI-20260812::section-001::child-003"", ""PUB-SENPAI-20260812::PUB-SENPAI-20260812::section-001::child-002""]",W05::chunk-1024_topk-3_rerank-none::W03-LONG-SENPAI-018,3,chunk-1024_topk-3_rerank-none
0.7116250858917258,d932158809a3b4c8c83ad6361b1e11677dc836262d843e4e69a9afa0e2ea26ef,19aed7108b7ac9118da1ab7e9a583848111b0fce3b8eb3b852ddc8464a3875b6,1024,False,parsed,W03-LONG-SENPAI-019,w05_senpai_long_source_from_w03,1.1.0,0.5,0.25,0,10589.823,0,meta-llama/Llama-3.1-8B-Instruct,0e9e39f249a16976918f6564b8830bc894c89659,Senpai,10702.411,False,complete,42,1.0,none,97.693,"[""PUB-SENPAI-20260812::PUB-SENPAI-20260812::section-001::child-004"", ""PUB-ORIGAMI-20260812::PUB-ORIGAMI-20260812::section-001::child-007"", ""PUB-SENPAI-20260812::PUB-SENPAI-20260812::section-001::child-009""]",W05::chunk-1024_topk-3_rerank-none::W03-LONG-SENPAI-019,3,chunk-1024_topk-3_rerank-none
0.0,6436c155aeaa32319e2aa9885ad75cfb2fdee4b3d3890864075235ccf33a5aa0,7a2da4aa959d0d84fe1c9703cd58ab32bbd5e51e72636ceb21b29ccd0eb157c6,1024,False,parsed,W03-LONG-SENPAI-020,w05_senpai_long_source_from_w03,1.1.0,1.0,0.0,0,5358.402,0,meta-llama/Llama-3.1-8B-Instruct,0e9e39f249a16976918f6564b8830bc894c89659,Senpai,5462.692,False,complete,42,0.5,none,90.53,"[""PUB-SENPAI-20260812::PUB-SENPAI-20260812::section-001::child-001"", ""PUB-SENPAI-20260812::PUB-SENPAI-20260812::section-001::child-004"", ""PUB-ORIGAMI-20260812::PUB-ORIGAMI-20260812::section-001::child-004""]",W05::chunk-1024_topk-3_rerank-none::W03-LONG-SENPAI-020,3,chunk-1024_topk-3_rerank-none
0.0,cf29172798c1960e28c3cde9764eeb36c076c5c945312023c72832b8f6ea66ff,fe0802c944b43762972d9799105a5357bc4baac05ddb98a9ebd0f13c309022ff,1024,False,parsed,W03-LONG-SENPAI-001,w05_senpai_long_source_from_w03,1.1.0,1.0,0.6666666666666666,0,3722.106,0,meta-llama/Llama-3.1-8B-Instruct,0e9e39f249a16976918f6564b8830bc894c89659,Senpai,5876.823,False,complete,42,1.0,cross_encoder,2140.545,"[""PUB-SENPAI-20260812::PUB-SENPAI-20260812::section-001::child-001"", ""PUB-SENPAI-20260812::PUB-SENPAI-20260812::section-001::child-005"", ""PUB-FUTURE-08-20210624::PUB-FUTURE-08-20210624::section-001::child-001"", ""PUB-SENPAI-20260812::PUB-SENPAI-20260812::section-001::child-002"", ""PUB-SENPAI-20260812::PUB-SENPAI-20260812::section-001::child-009""]",W05::chunk-1024_topk-5_rerank-ce::W03-LONG-SENPAI-001,5,chunk-1024_topk-5_rerank-ce
0.8602270727624225,1d73c09983dfc1c9fe4166c63ce45f3d583162558d245130bba186061a48b8af,69d7be6b8d9f7676771fe8e21755713628140c0a3b2ed030a487fe2047795298,1024,True,parsed,W03-LONG-SENPAI-002,w05_senpai_long_source_from_w03,1.1.0,1.0,0.8333333333333334,0,3616.056,0,meta-llama/Llama-3.1-8B-Instruct,0e9e39f249a16976918f6564b8830bc894c89659,Senpai,5685.165,False,complete,42,1.0,cross_encoder,2057.074,"[""PUB-SENPAI-20260812::PUB-SENPAI-20260812::section-001::child-002"", ""PUB-SENPAI-20260812::PUB-SENPAI-20260812::section-001::child-003"", ""PUB-SENPAI-20260812::PUB-SENPAI-20260812::section-001::child-001"", ""PUB-FUTURE-08-20210624::PUB-FUTURE-08-20210624::section-001::child-001"", ""PUB-SENPAI-20260812::PUB-SENPAI-20260812::section-001::child-009""]",W05::chunk-1024_topk-5_rerank-ce::W03-LONG-SENPAI-002,5,chunk-1024_topk-5_rerank-ce
0.7588402547825487,aa46fb4322fe87ff22b96f7585b1cf69e1821b2538a8d0cc27408ea18d2ae1ba,7c90775da8d438e32c0de7a6102c09e7d7348028a2c5286bbe5ac7e33ad7897f,1024,False,parsed,W03-LONG-SENPAI-003,w05_senpai_long_source_from_w03,1.1.0,1.0,1.0,0,10683.121,0,meta-llama/Llama-3.1-8B-Instruct,0e9e39f249a16976918f6564b8830bc894c89659,Senpai,12764.055,False,complete,42,1.0,cross_encoder,2065.831,"[""PUB-SENPAI-20260812::PUB-SENPAI-20260812::section-001::child-002"", ""PUB-SENPAI-20260812::PUB-SENPAI-20260812::section-001::child-009"", ""PUB-SENPAI-20260812::PUB-SENPAI-20260812::section-001::child-003"", ""PUB-SENPAI-20260812::PUB-SENPAI-20260812::section-001::child-005"", ""PUB-SENPAI-20260812::PUB-SENPAI-20260812::section-001::child-001""]",W05::chunk-1024_topk-5_rerank-ce::W03-LONG-SENPAI-003,5,chunk-1024_topk-5_rerank-ce
0.8315343909821467,cf3d504f9500b1604930e9598b7b34e59b90ed7240e38eb681a7fdfa9e9ce622,dc4fa885389232944da5c1d79f6cc46efb36cb956fa9813ba23c59b8b84c3d75,1024,False,parsed,W03-LONG-SENPAI-004,w05_senpai_long_source_from_w03,1.1.0,1.0,0.8571428571428571,0,8480.024,0,meta-llama/Llama-3.1-8B-Instruct,0e9e39f249a16976918f6564b8830bc894c89659,Senpai,10623.659,False,complete,42,1.0,cross_encoder,2129.209,"[""PUB-SENPAI-20260812::PUB-SENPAI-20260812::section-001::child-010"", ""PUB-SENPAI-20260812::PUB-SENPAI-20260812::section-001::child-008"", ""PUB-SENPAI-20260812::PUB-SENPAI-20260812::section-001::child-009"", ""PUB-SENPAI-20260812::PUB-SENPAI-20260812::section-001::child-003"", ""PUB-FUTURE-08-20210624::PUB-FUTURE-08-20210624::section-001::child-001""]",W05::chunk-1024_topk-5_rerank-ce::W03-LONG-SENPAI-004,5,chunk-1024_topk-5_rerank-ce
0.8192382882136497,2abff636c0b2e976b94700782ce5b47af1829129fbb3e2924f6b11b3de65b6ee,85df890ade9ebb9c00b861275d9d40d45eda3b6efe95fd66823dfdc9a6ae7352,1024,True,parsed,W03-LONG-SENPAI-005,w05_senpai_long_source_from_w03,1.1.0,1.0,1.0,0,10018.163,0,meta-llama/Llama-3.1-8B-Instruct,0e9e39f249a16976918f6564b8830bc894c89659,Senpai,12118.636,False,complete,42,1.0,cross_encoder,2085.008,"[""PUB-SENPAI-20260812::PUB-SENPAI-20260812::section-001::child-003"", ""PUB-FUTURE-08-20210624::PUB-FUTURE-08-20210624::section-001::child-001"", ""PUB-SENPAI-20260812::PUB-SENPAI-20260812::section-001::child-002"", ""PUB-SENPAI-20260812::PUB-SENPAI-20260812::section-001::child-001"", ""PUB-SENPAI-20260812::PUB-SENPAI-20260812::section-001::child-004""]",W05::chunk-1024_topk-5_rerank-ce::W03-LONG-SENPAI-005,5,chunk-1024_topk-5_rerank-ce
0.5626257233147495,0b51247cd5c02d4389a97df230825f9283c46b47924203cabd584bd6667f6edb,a3ab61c2c35e0b3d9c1a8a59712ef9f78ddb02646b8cca88993d3a665b0ddf32,1024,False,parsed,W03-LONG-SENPAI-006,w05_senpai_long_source_from_w03,1.1.0,1.0,1.0,0,19369.306,0,meta-llama/Llama-3.1-8B-Instruct,0e9e39f249a16976918f6564b8830bc894c89659,Senpai,21476.243,False,complete,42,1.0,cross_encoder,2094.914,"[""PUB-SENPAI-20260812::PUB-SENPAI-20260812::section-001::child-004"", ""PUB-SENPAI-20260812::PUB-SENPAI-20260812::section-001::child-005"", ""PUB-ORIGAMI-20260812::PUB-ORIGAMI-20260812::section-001::child-006"", ""PUB-ORIGAMI-20260812::PUB-ORIGAMI-20260812::section-001::child-007"", ""PUB-ORIGAMI-20260812::PUB-ORIGAMI-20260812::section-001::child-005""]",W05::chunk-1024_topk-5_rerank-ce::W03-LONG-SENPAI-006,5,chunk-1024_topk-5_rerank-ce
0.7180519320926084,f300267f1f9fcf909072eb9a7903fba338040ad3a4d75d8bf70938df055892d2,f499fc378b9c7051466be89740b33cce16355f95cf9578f3edd0257412bb4277,1024,True,parsed,W03-LONG-SENPAI-007,w05_senpai_long_source_from_w03,1.1.0,1.0,0.6666666666666666,0,4765.477,0,meta-llama/Llama-3.1-8B-Instruct,0e9e39f249a16976918f6564b8830bc894c89659,Senpai,6889.58,False,complete,42,1.0,cross_encoder,2111.91,"[""PUB-SENPAI-20260812::PUB-SENPAI-20260812::section-001::child-004"", ""PUB-ORIGAMI-20260812::PUB-ORIGAMI-20260812::section-001::child-003"", ""PUB-SENPAI-20260812::PUB-SENPAI-20260812::section-001::child-005"", ""PUB-SENPAI-20260812::PUB-SENPAI-20260812::section-001::child-007"", ""PUB-FUTURE-08-20210624::PUB-FUTURE-08-20210624::section-001::child-001""]",W05::chunk-1024_topk-5_rerank-ce::W03-LONG-SENPAI-007,5,chunk-1024_topk-5_rerank-ce
0.5720492243822198,2dd50ba0fc3c7089383690a2f27316df5611f2fb2dab33ce2ad2996a09a55b11,40351c08a2f257e472747381ce27e5cb794dd17a7c500d1e28ac5393a5f41738,1024,False,parsed,W03-LONG-SENPAI-008,w05_senpai_long_source_from_w03,1.1.0,1.0,1.0,0,19483.386,0,meta-llama/Llama-3.1-8B-Instruct,0e9e39f249a16976918f6564b8830bc894c89659,Senpai,21593.183,False,complete,42,1.0,cross_encoder,2095.225,"[""PUB-SENPAI-20260812::PUB-SENPAI-20260812::section-001::child-004"", ""PUB-SENPAI-20260812::PUB-SENPAI-20260812::section-001::child-002"", ""PUB-SENPAI-20260812::PUB-SENPAI-20260812::section-001::child-001"", ""PUB-FUTURE-08-20210624::PUB-FUTURE-08-20210624::section-001::child-001"", ""PUB-SENPAI-20260812::PUB-SENPAI-20260812::section-001::child-008""]",W05::chunk-1024_topk-5_rerank-ce::W03-LONG-SENPAI-008,5,chunk-1024_topk-5_rerank-ce
0.9605008386966906,50e7f9943908fcc8161dea0b9f1cb113460b826db2dbf52a410765979270935c,899730c39b20d715592b887936e05fd00d2daea531117566e1abc0e9dc32d1dc,1024,False,parsed,W03-LONG-SENPAI-009,w05_senpai_long_source_from_w03,1.1.0,1.0,1.0,0,4744.311,0,meta-llama/Llama-3.1-8B-Instruct,0e9e39f249a16976918f6564b8830bc894c89659,Senpai,6848.576,False,complete,42,1.0,cross_encoder,2088.098,"[""PUB-SENPAI-20260812::PUB-SENPAI-20260812::section-001::child-005"", ""PUB-SENPAI-20260812::PUB-SENPAI-20260812::section-001::child-001"", ""PUB-SENPAI-20260812::PUB-SENPAI-20260812::section-001::child-002"", ""PUB-FUTURE-08-20210624::PUB-FUTURE-08-20210624::section-001::child-001"", ""PUB-ORIGAMI-20260812::PUB-ORIGAMI-20260812::section-001::child-007""]",W05::chunk-1024_topk-5_rerank-ce::W03-LONG-SENPAI-009,5,chunk-1024_topk-5_rerank-ce
0.7563660787671873,a4f635a58f07ef77f4c7ed4074f9e3207a7b560d9d6a03980a78bd45b013a905,e1dad6d359f57581cc2b4bf064e91e897cf5ffb13508edbc0f4de6f8f24afc43,1024,False,parsed,W03-LONG-SENPAI-010,w05_senpai_long_source_from_w03,1.1.0,1.0,1.0,0,19572.152,0,meta-llama/Llama-3.1-8B-Instruct,0e9e39f249a16976918f6564b8830bc894c89659,Senpai,21660.06,False,complete,42,1.0,cross_encoder,2073.674,"[""PUB-SENPAI-20260812::PUB-SENPAI-20260812::section-001::child-005"", ""PUB-SENPAI-20260812::PUB-SENPAI-20260812::section-001::child-006"", ""PUB-SENPAI-20260812::PUB-SENPAI-20260812::section-001::child-001"", ""PUB-FUTURE-08-20210624::PUB-FUTURE-08-20210624::section-001::child-001"", ""PUB-SENPAI-20260812::PUB-SENPAI-20260812::section-001::child-004""]",W05::chunk-1024_topk-5_rerank-ce::W03-LONG-SENPAI-010,5,chunk-1024_topk-5_rerank-ce
0.0,0f4c29e26725072d641901274dde49501f30b4f4a291b63f1d093686ece3232e,644c44404932d24efa61914f77fd7c806d0949925a5dcbe413091cfe70a75ca8,1024,False,parsed,W03-LONG-SENPAI-011,w05_senpai_long_source_from_w03,1.1.0,0.0,0.8333333333333334,0,17845.38,0,meta-llama/Llama-3.1-8B-Instruct,0e9e39f249a16976918f6564b8830bc894c89659,Senpai,20048.705,False,complete,42,1.0,cross_encoder,2187.657,"[""PUB-HUMANOID-20260812::PUB-HUMANOID-20260812::section-001::child-006"", ""PUB-SENPAI-20260812::PUB-SENPAI-20260812::section-001::child-005"", ""PUB-FARI-20260812::PUB-FARI-20260812::section-001::child-007"", ""PUB-ORIGAMI-20260812::PUB-ORIGAMI-20260812::section-001::child-003"", ""PUB-HUMANOID-20260812::PUB-HUMANOID-20260812::section-001::child-009""]",W05::chunk-1024_topk-5_rerank-ce::W03-LONG-SENPAI-011,5,chunk-1024_topk-5_rerank-ce
0.8401836222722127,ab567e5d6c54cc122387fb8bb531b2934582c7a5b621cbcf0e26aa4d97d72e7c,39a036be079fb8f4195456a57437d8b21a5a4591da59db92088cfba74ab6e364,1024,False,parsed,W03-LONG-SENPAI-012,w05_senpai_long_source_from_w03,1.1.0,1.0,1.0,0,14938.293,0,meta-llama/Llama-3.1-8B-Instruct,0e9e39f249a16976918f6564b8830bc894c89659,Senpai,17044.334,False,complete,42,1.0,cross_encoder,2089.293,"[""PUB-SENPAI-20260812::PUB-SENPAI-20260812::section-001::child-008"", ""PUB-SENPAI-20260812::PUB-SENPAI-20260812::section-001::child-007"", ""PUB-SENPAI-20260812::PUB-SENPAI-20260812::section-001::child-005"", ""PUB-SENPAI-20260812::PUB-SENPAI-20260812::section-001::child-009"", ""PUB-SENPAI-20260812::PUB-SENPAI-20260812::section-001::child-001""]",W05::chunk-1024_topk-5_rerank-ce::W03-LONG-SENPAI-012,5,chunk-1024_topk-5_rerank-ce
0.9999999999998025,545bf069d9d3d2c0bb1fc3c594d688355e1ffafffa6d8885d519da42770fb769,727e1e83ece4b0061598693b16695021f0e6a8d63f6ab91f34b25ffd19b8a99e,1024,False,parsed,W03-LONG-SENPAI-013,w05_senpai_long_source_from_w03,1.1.0,1.0,1.0,0,18679.93,0,meta-llama/Llama-3.1-8B-Instruct,0e9e39f249a16976918f6564b8830bc894c89659,Senpai,20826.861,False,complete,42,1.0,cross_encoder,2130.901,"[""PUB-SENPAI-20260812::PUB-SENPAI-20260812::section-001::child-008"", ""PUB-SENTINEL-20260812::PUB-SENTINEL-20260812::section-001::child-002"", ""PUB-SENPAI-20260812::PUB-SENPAI-20260812::section-001::child-005"", ""PUB-FUTURE-08-20210624::PUB-FUTURE-08-20210624::section-001::child-001"", ""PUB-SENPAI-20260812::PUB-SENPAI-20260812::section-001::child-001""]",W05::chunk-1024_topk-5_rerank-ce::W03-LONG-SENPAI-013,5,chunk-1024_topk-5_rerank-ce
0.8450626663616028,8d23176e10ac3909eefcf4e17dd734f3cb5f80e5a265d132fbad1e0a0a58423e,39879b6654a76ee3a6cb92e5254132bf03109b06350705e5b5ae4e47c6ba3f05,1024,False,parsed_after_deterministic_repair,W03-LONG-SENPAI-014,w05_senpai_long_source_from_w03,1.1.0,1.0,1.0,0,4461.986,0,meta-llama/Llama-3.1-8B-Instruct,0e9e39f249a16976918f6564b8830bc894c89659,Senpai,6560.703,False,complete,42,1.0,cross_encoder,2081.782,"[""PUB-SENPAI-20260812::PUB-SENPAI-20260812::section-001::child-009"", ""PUB-SENPAI-20260812::PUB-SENPAI-20260812::section-001::child-001"", ""PUB-SENPAI-20260812::PUB-SENPAI-20260812::section-001::child-002"", ""PUB-FUTURE-08-20210624::PUB-FUTURE-08-20210624::section-001::child-001"", ""PUB-SENPAI-20260812::PUB-SENPAI-20260812::section-001::child-005""]",W05::chunk-1024_topk-5_rerank-ce::W03-LONG-SENPAI-014,5,chunk-1024_topk-5_rerank-ce
0.6701601394700516,e6b4462d0923fe9aa455e3133a967070f70505591a01bf2ddd4c661f55d7b2eb,8425351f44391058f81cbc9483b1bf3735826330f8495260db8a17444c6a907e,1024,True,parsed,W03-LONG-SENPAI-015,w05_senpai_long_source_from_w03,1.1.0,1.0,1.0,0,4427.004,0,meta-llama/Llama-3.1-8B-Instruct,0e9e39f249a16976918f6564b8830bc894c89659,Senpai,6567.028,False,complete,42,1.0,cross_encoder,2127.417,"[""PUB-SENPAI-20260812::PUB-SENPAI-20260812::section-001::child-009"", ""PUB-SENPAI-20260812::PUB-SENPAI-20260812::section-001::child-002"", ""PUB-FUTURE-08-20210624::PUB-FUTURE-08-20210624::section-001::child-001"", ""PUB-SENPAI-20260812::PUB-SENPAI-20260812::section-001::child-001"", ""PUB-SENPAI-20260812::PUB-SENPAI-20260812::section-001::child-005""]",W05::chunk-1024_topk-5_rerank-ce::W03-LONG-SENPAI-015,5,chunk-1024_topk-5_rerank-ce
0.775056474259764,c7ce82aea1ea0ff6ea599f24d573e53998e0d006a75d2ec5f0aa6ff925e388f7,8efd33490993ca9ad1a9f62f8be03233b3ce1cae370d32a7dc491749a468c713,1024,False,parsed,W03-LONG-SENPAI-016,w05_senpai_long_source_from_w03,1.1.0,1.0,1.0,0,4120.352,0,meta-llama/Llama-3.1-8B-Instruct,0e9e39f249a16976918f6564b8830bc894c89659,Senpai,6238.351,False,complete,42,1.0,cross_encoder,2104.371,"[""PUB-SENPAI-20260812::PUB-SENPAI-20260812::section-001::child-009"", ""PUB-FUTURE-08-20210624::PUB-FUTURE-08-20210624::section-001::child-001"", ""PUB-SENPAI-20260812::PUB-SENPAI-20260812::section-001::child-008"", ""PUB-SENPAI-20260812::PUB-SENPAI-20260812::section-001::child-002"", ""PUB-SENPAI-20260812::PUB-SENPAI-20260812::section-001::child-003""]",W05::chunk-1024_topk-5_rerank-ce::W03-LONG-SENPAI-016,5,chunk-1024_topk-5_rerank-ce
0.7084728367575295,964f1922a94853279228846f100701ae16e51683269bba89e233eba6aec23641,01c01506e309bb01e70d5328f8a9e51d6ed09f8efce12db8dec3a9add220a96f,1024,False,parsed,W03-LONG-SENPAI-017,w05_senpai_long_source_from_w03,1.1.0,1.0,1.0,0,8893.611,0,meta-llama/Llama-3.1-8B-Instruct,0e9e39f249a16976918f6564b8830bc894c89659,Senpai,11102.171,False,complete,42,1.0,cross_encoder,2195.879,"[""PUB-SENPAI-20260812::PUB-SENPAI-20260812::section-001::child-009"", ""PUB-SENPAI-20260812::PUB-SENPAI-20260812::section-001::child-010"", ""PUB-SENPAI-20260812::PUB-SENPAI-20260812::section-001::child-003"", ""PUB-SENPAI-20260812::PUB-SENPAI-20260812::section-001::child-001"", ""PUB-SENPAI-20260812::PUB-SENPAI-20260812::section-001::child-005""]",W05::chunk-1024_topk-5_rerank-ce::W03-LONG-SENPAI-017,5,chunk-1024_topk-5_rerank-ce
0.7750403906480755,120b0c472266da47e56812c35c307804f970787c5d68b5a0702f96d589607634,1ab35f686dfcd74ea43a8a19f387884d2597bfa6366175ba4dfd00a717d8fdd2,1024,False,parsed,W03-LONG-SENPAI-018,w05_senpai_long_source_from_w03,1.1.0,1.0,1.0,0,5814.756,0,meta-llama/Llama-3.1-8B-Instruct,0e9e39f249a16976918f6564b8830bc894c89659,Senpai,7926.228,False,complete,42,1.0,cross_encoder,2095.039,"[""PUB-SENPAI-20260812::PUB-SENPAI-20260812::section-001::child-001"", ""PUB-SENPAI-20260812::PUB-SENPAI-20260812::section-001::child-005"", ""PUB-SENPAI-20260812::PUB-SENPAI-20260812::section-001::child-002"", ""PUB-SENPAI-20260812::PUB-SENPAI-20260812::section-001::child-008"", ""PUB-SENPAI-20260812::PUB-SENPAI-20260812::section-001::child-003""]",W05::chunk-1024_topk-5_rerank-ce::W03-LONG-SENPAI-018,5,chunk-1024_topk-5_rerank-ce
0.8104162168065242,503219e55f358d48f1c3d990e043ddc3071fd81df021b03555f2d8de7d29b5ef,9cfa9373cdb4c8c499c90370139829154e7b9d474154ae9837019d7315f6f9c3,1024,False,parsed,W03-LONG-SENPAI-019,w05_senpai_long_source_from_w03,1.1.0,1.0,1.0,0,16626.872,0,meta-llama/Llama-3.1-8B-Instruct,0e9e39f249a16976918f6564b8830bc894c89659,Senpai,18826.137,False,complete,42,1.0,cross_encoder,2185.63,"[""PUB-SENPAI-20260812::PUB-SENPAI-20260812::section-001::child-004"", ""PUB-SENPAI-20260812::PUB-SENPAI-20260812::section-001::child-009"", ""PUB-SENPAI-20260812::PUB-SENPAI-20260812::section-001::child-005"", ""PUB-SENPAI-20260812::PUB-SENPAI-20260812::section-001::child-002"", ""PUB-SENPAI-20260812::PUB-SENPAI-20260812::section-001::child-007""]",W05::chunk-1024_topk-5_rerank-ce::W03-LONG-SENPAI-019,5,chunk-1024_topk-5_rerank-ce
0.0,80c54344115f0fa6d3a607753583db6e4dcaf103bcd1e2df8f5fab324c41e1e1,cae07a9d4c918eca65211ba48dcfb026cbeb6e8a313aa99466a65dbb478cfbd7,1024,False,parsed,W03-LONG-SENPAI-020,w05_senpai_long_source_from_w03,1.1.0,1.0,0.3333333333333333,0,3457.589,0,meta-llama/Llama-3.1-8B-Instruct,0e9e39f249a16976918f6564b8830bc894c89659,Senpai,5601.114,False,complete,42,0.5,cross_encoder,2131.034,"[""PUB-SENPAI-20260812::PUB-SENPAI-20260812::section-001::child-001"", ""PUB-SENPAI-20260812::PUB-SENPAI-20260812::section-001::child-002"", ""PUB-FUTURE-08-20210624::PUB-FUTURE-08-20210624::section-001::child-001"", ""PUB-SENPAI-20260812::PUB-SENPAI-20260812::section-001::child-005"", ""PUB-SENPAI-20260812::PUB-SENPAI-20260812::section-001::child-004""]",W05::chunk-1024_topk-5_rerank-ce::W03-LONG-SENPAI-020,5,chunk-1024_topk-5_rerank-ce
0.7163999479865909,f3e3fc7410e93e005e3f62cead4ba110b42716006ed8cd0076f2575025ab20a0,b276efb4424abb17cd13720e5e610766c798c9769782ed53f405353c8fdf2f72,512,False,parsed,W03-LONG-SENPAI-001,w05_senpai_long_source_from_w03,1.1.0,1.0,1.0,0,4792.191,0,meta-llama/Llama-3.1-8B-Instruct,0e9e39f249a16976918f6564b8830bc894c89659,Senpai,5128.128,False,complete,42,1.0,none,319.786,"[""PUB-SENPAI-20260812::PUB-SENPAI-20260812::section-001::child-010"", ""PUB-SENPAI-20260812::PUB-SENPAI-20260812::section-001::child-001"", ""PUB-SENPAI-20260812::PUB-SENPAI-20260812::section-001::child-018""]",W05::chunk-512_topk-3_rerank-none::W03-LONG-SENPAI-001,3,chunk-512_topk-3_rerank-none
0.9187878727056932,c8fda34406530711405c09ca433adc9919b7024f35d5d3e609efd37fb12084b7,4ee03c189809c4fdab0f2d0c7ed2ef24225a7c946d42923b57d29d98cd79d1ab,512,False,parsed,W03-LONG-SENPAI-002,w05_senpai_long_source_from_w03,1.1.0,1.0,1.0,0,3789.713,0,meta-llama/Llama-3.1-8B-Instruct,0e9e39f249a16976918f6564b8830bc894c89659,Senpai,3940.629,False,complete,42,1.0,none,136.945,"[""PUB-SENPAI-20260812::PUB-SENPAI-20260812::section-001::child-004"", ""PUB-SENPAI-20260812::PUB-SENPAI-20260812::section-001::child-006"", ""PUB-SENPAI-20260812::PUB-SENPAI-20260812::section-001::child-002""]",W05::chunk-512_topk-3_rerank-none::W03-LONG-SENPAI-002,3,chunk-512_topk-3_rerank-none
0.9031809727018446,9fa374a82790a0c86bd442ba2bee5e89fbcbcf2a5cdac3a155a7695fdd87d6dc,9afab9c3fde86303b2b41f7d0a93b253449e6b72b920b6296b6e6ac9d9171ad5,512,False,parsed,W03-LONG-SENPAI-003,w05_senpai_long_source_from_w03,1.1.0,1.0,1.0,0,6996.271,0,meta-llama/Llama-3.1-8B-Instruct,0e9e39f249a16976918f6564b8830bc894c89659,Senpai,7259.321,False,complete,42,1.0,none,246.104,"[""PUB-SENPAI-20260812::PUB-SENPAI-20260812::section-001::child-005"", ""PUB-SENPAI-20260812::PUB-SENPAI-20260812::section-001::child-011"", ""PUB-SENPAI-20260812::PUB-SENPAI-20260812::section-001::child-018""]",W05::chunk-512_topk-3_rerank-none::W03-LONG-SENPAI-003,3,chunk-512_topk-3_rerank-none
0.6782207549853537,209e467e2172700ebaf88292920385458884d2c6871d67568ac1f662d1268031,a07ae2cb577e6644d86cc666bf25967b245ee60f22012c836350a431d7d81320,512,False,parsed,W03-LONG-SENPAI-004,w05_senpai_long_source_from_w03,1.1.0,0.5,1.0,0,9851.69,0,meta-llama/Llama-3.1-8B-Instruct,0e9e39f249a16976918f6564b8830bc894c89659,Senpai,10196.006,False,complete,42,1.0,none,327.997,"[""PUB-SENPAI-20260812::PUB-SENPAI-20260812::section-001::child-020"", ""PUB-SENPAI-20260812::PUB-SENPAI-20260812::section-001::child-006"", ""PUB-SENPAI-20260812::PUB-SENPAI-20260812::section-001::child-002""]",W05::chunk-512_topk-3_rerank-none::W03-LONG-SENPAI-004,3,chunk-512_topk-3_rerank-none
0.8272289224484672,ca5de3121e031506081b6fcb84f6fc0562800f253c3574554962490a81ef5bd3,b63c933b1e74546500c48bac94b6a683786e07c32b4fe98f1417b76f53e6e497,512,False,parsed,W03-LONG-SENPAI-005,w05_senpai_long_source_from_w03,1.1.0,1.0,1.0,0,10352.176,0,meta-llama/Llama-3.1-8B-Instruct,0e9e39f249a16976918f6564b8830bc894c89659,Senpai,10602.39,False,complete,42,1.0,none,229.702,"[""PUB-SENPAI-20260812::PUB-SENPAI-20260812::section-001::child-007"", ""PUB-SENPAI-20260812::PUB-SENPAI-20260812::section-001::child-006"", ""PUB-SENPAI-20260812::PUB-SENPAI-20260812::section-001::child-002""]",W05::chunk-512_topk-3_rerank-none::W03-LONG-SENPAI-005,3,chunk-512_topk-3_rerank-none
0.7424888214361475,a5851f8799340ff82e7339a10e52c1351250e5aecb47d49784c4a4b065d41e6a,ecf04e3e581d3e275fb1b1e025621b37d893c9adb72f055f133d831a3d9ce1c4,512,False,parsed,W03-LONG-SENPAI-006,w05_senpai_long_source_from_w03,1.1.0,0.5,0.8,0,17692.87,0,meta-llama/Llama-3.1-8B-Instruct,0e9e39f249a16976918f6564b8830bc894c89659,Senpai,17870.931,False,complete,42,0.75,none,162.952,"[""PUB-SENPAI-20260812::PUB-SENPAI-20260812::section-001::child-007"", ""PUB-SENPAI-20260812::PUB-SENPAI-20260812::section-001::child-011"", ""PUB-ORIGAMI-20260812::PUB-ORIGAMI-20260812::section-001::child-014""]",W05::chunk-512_topk-3_rerank-none::W03-LONG-SENPAI-006,3,chunk-512_topk-3_rerank-none
0.683690172433621,1ef1960a0e465e9c69247a46d0ba1b8521bfe715cf62beaa7f08b271030bbbeb,c811c72984d041824359e83d56612f6edf20a9f36c771ac33db8b8879b1ff789,512,False,parsed,W03-LONG-SENPAI-007,w05_senpai_long_source_from_w03,1.1.0,1.0,1.0,0,4603.386,0,meta-llama/Llama-3.1-8B-Instruct,0e9e39f249a16976918f6564b8830bc894c89659,Senpai,4756.983,False,complete,42,1.0,none,139.382,"[""PUB-SENPAI-20260812::PUB-SENPAI-20260812::section-001::child-011"", ""PUB-SENPAI-20260812::PUB-SENPAI-20260812::section-001::child-008"", ""PUB-SENTINEL-20260812::PUB-SENTINEL-20260812::section-001::child-001""]",W05::chunk-512_topk-3_rerank-none::W03-LONG-SENPAI-007,3,chunk-512_topk-3_rerank-none
0.8812615730306682,7b8809123e554d298e3082fc0b80889a05126b16199f850fcf52f96513fd8438,e1929c37efb0d7f313d2d7c6b48c864c9f861f6909df74b9e67a6addc51724af,512,False,parsed,W03-LONG-SENPAI-008,w05_senpai_long_source_from_w03,1.1.0,1.0,0.6666666666666666,0,4467.028,0,meta-llama/Llama-3.1-8B-Instruct,0e9e39f249a16976918f6564b8830bc894c89659,Senpai,4633.365,False,complete,42,1.0,none,152.296,"[""PUB-SENPAI-20260812::PUB-SENPAI-20260812::section-001::child-009"", ""PUB-SENPAI-20260812::PUB-SENPAI-20260812::section-001::child-018"", ""PUB-SENPAI-20260812::PUB-SENPAI-20260812::section-001::child-001""]",W05::chunk-512_topk-3_rerank-none::W03-LONG-SENPAI-008,3,chunk-512_topk-3_rerank-none
0.774686209923891,dec1d698237ccbc74a9f385fe03dee4c608db8a939670f2ab5b4f2c758b4d8cc,bfdddaa117d0d25a326903b79e0ad6d741fd89fb06e1d98908c5635c41772e39,512,False,parsed,W03-LONG-SENPAI-009,w05_senpai_long_source_from_w03,1.1.0,1.0,1.0,0,5484.821,0,meta-llama/Llama-3.1-8B-Instruct,0e9e39f249a16976918f6564b8830bc894c89659,Senpai,5657.877,False,complete,42,1.0,none,161.213,"[""PUB-SENPAI-20260812::PUB-SENPAI-20260812::section-001::child-010"", ""PUB-SENPAI-20260812::PUB-SENPAI-20260812::section-001::child-018"", ""PUB-SENPAI-20260812::PUB-SENPAI-20260812::section-001::child-002""]",W05::chunk-512_topk-3_rerank-none::W03-LONG-SENPAI-009,3,chunk-512_topk-3_rerank-none
0.9261924988426747,7b63b6b7970241caf1c2a2c16007fd98afacbc9a30e05393ffd728fa1119e1b2,cc42a64ea33b724cc2b04716d41d3e11aa22f57cab3f004012a1eb214fc45dca,512,False,parsed,W03-LONG-SENPAI-010,w05_senpai_long_source_from_w03,1.1.0,0.333333,1.0,0,6992.708,0,meta-llama/Llama-3.1-8B-Instruct,0e9e39f249a16976918f6564b8830bc894c89659,Senpai,7146.412,False,complete,42,1.0,none,141.594,"[""PUB-SENPAI-20260812::PUB-SENPAI-20260812::section-001::child-011"", ""PUB-SENPAI-20260812::PUB-SENPAI-20260812::section-001::child-007"", ""PUB-SENPAI-20260812::PUB-SENPAI-20260812::section-001::child-001""]",W05::chunk-512_topk-3_rerank-none::W03-LONG-SENPAI-010,3,chunk-512_topk-3_rerank-none
0.9240800907760275,276601890d2f2414c871d4ea570249229d7465b61176230e1de78606d457aacb,4fd7a6d8808be0b3048b666ab44622c3834be50d622f3eeaeda04d1ea5ace137,512,False,parsed,W03-LONG-SENPAI-011,w05_senpai_long_source_from_w03,1.1.0,1.0,1.0,0,9720.871,0,meta-llama/Llama-3.1-8B-Instruct,0e9e39f249a16976918f6564b8830bc894c89659,Senpai,9868.651,False,complete,42,1.0,none,132.541,"[""PUB-SENPAI-20260812::PUB-SENPAI-20260812::section-001::child-014"", ""PUB-HUMANOID-20260812::PUB-HUMANOID-20260812::section-001::child-003"", ""PUB-SENPAI-20260812::PUB-SENPAI-20260812::section-001::child-015""]",W05::chunk-512_topk-3_rerank-none::W03-LONG-SENPAI-011,3,chunk-512_topk-3_rerank-none
0.6321551902363246,15b3a97894053ba67dde0c608204bcd33ba1de0d4c3dccc6dee7c1deb6310024,e668976fa8e99f7471e0354450f7b6eed6fd2bdb9ad4649c1e958ae3dddc6761,512,False,parsed,W03-LONG-SENPAI-012,w05_senpai_long_source_from_w03,1.1.0,1.0,1.0,0,10663.684,0,meta-llama/Llama-3.1-8B-Instruct,0e9e39f249a16976918f6564b8830bc894c89659,Senpai,10794.987,False,complete,42,1.0,none,119.99,"[""PUB-SENPAI-20260812::PUB-SENPAI-20260812::section-001::child-017"", ""PUB-SENPAI-20260812::PUB-SENPAI-20260812::section-001::child-018"", ""PUB-SENPAI-20260812::PUB-SENPAI-20260812::section-001::child-016""]",W05::chunk-512_topk-3_rerank-none::W03-LONG-SENPAI-012,3,chunk-512_topk-3_rerank-none
0.0,198bac8eb6a4c9f072b268e7f91b0d8b08ddf4a5c59c1f8514c2947fcaa2e14e,462fa94d684d1f190a9d13fbdd0b273cc589ebbefa61ab41b37d470da24d3994,512,False,parsed,W03-LONG-SENPAI-013,w05_senpai_long_source_from_w03,1.1.0,1.0,0.6,0,8406.521,0,meta-llama/Llama-3.1-8B-Instruct,0e9e39f249a16976918f6564b8830bc894c89659,Senpai,8538.718,False,complete,42,1.0,none,119.983,"[""PUB-SENPAI-20260812::PUB-SENPAI-20260812::section-001::child-018"", ""PUB-SENPAI-20260812::PUB-SENPAI-20260812::section-001::child-010"", ""PUB-SENPAI-20260812::PUB-SENPAI-20260812::section-001::child-009""]",W05::chunk-512_topk-3_rerank-none::W03-LONG-SENPAI-013,3,chunk-512_topk-3_rerank-none
0.9934953423055929,e8c968705f5869006c6526b36934aee5a06347581aa7fc1685d0b0018e743c05,c38ef28a29ffd67ce0e46162e223472a3d254d3668a56937fccd0bcc8ab38750,512,False,parsed_after_deterministic_repair,W03-LONG-SENPAI-014,w05_senpai_long_source_from_w03,1.1.0,1.0,1.0,0,3493.421,0,meta-llama/Llama-3.1-8B-Instruct,0e9e39f249a16976918f6564b8830bc894c89659,Senpai,3579.018,True,complete,42,1.0,none,78.264,"[""PUB-SENPAI-20260812::PUB-SENPAI-20260812::section-001::child-018"", ""PUB-SENPAI-20260812::PUB-SENPAI-20260812::section-001::child-020"", ""PUB-SENPAI-20260812::PUB-SENPAI-20260812::section-001::child-002""]",W05::chunk-512_topk-3_rerank-none::W03-LONG-SENPAI-014,3,chunk-512_topk-3_rerank-none
0.0,5619ddb018853472c836361696de25a61d945b0133b9377992858d6609e4626e,3c5a78afb98d2d7f9f9d1f709d4aa6f95641b88cbd7f75f76142807631c4a44b,512,False,parsed_after_deterministic_repair,W03-LONG-SENPAI-015,w05_senpai_long_source_from_w03,1.1.0,0.0,,0,1472.978,0,meta-llama/Llama-3.1-8B-Instruct,0e9e39f249a16976918f6564b8830bc894c89659,Senpai,1592.314,False,metric_failure_retained,42,0.0,none,109.435,"[""PUB-SENPAI-20260812::PUB-SENPAI-20260812::section-001::child-005"", ""PUB-SENPAI-20260812::PUB-SENPAI-20260812::section-001::child-011"", ""PUB-SENPAI-20260812::PUB-SENPAI-20260812::section-001::child-004""]",W05::chunk-512_topk-3_rerank-none::W03-LONG-SENPAI-015,3,chunk-512_topk-3_rerank-none
0.9785572172186181,09e0d187f258ad6854c3fa3ca613c02382cab8ff937934aaa51861aefb27f19d,0d9a2cf947abafbfafa6bf683dcefa22c1fd11ac33e06c42aa041a13423bc271,512,False,parsed,W03-LONG-SENPAI-016,w05_senpai_long_source_from_w03,1.1.0,1.0,0.8333333333333334,0,3817.963,0,meta-llama/Llama-3.1-8B-Instruct,0e9e39f249a16976918f6564b8830bc894c89659,Senpai,3952.109,False,complete,42,1.0,none,123.041,"[""PUB-SENPAI-20260812::PUB-SENPAI-20260812::section-001::child-005"", ""PUB-SENPAI-20260812::PUB-SENPAI-20260812::section-001::child-020"", ""PUB-SENPAI-20260812::PUB-SENPAI-20260812::section-001::child-018""]",W05::chunk-512_topk-3_rerank-none::W03-LONG-SENPAI-016,3,chunk-512_topk-3_rerank-none
0.8419529456077997,9c2d28c628d55981bfb70e0e823a63b783ec3edf73b79213e0322665839e7fd0,4c50f32b445f794e6195ae8ac371a300a70c8bda98326dce0647d76e4950ec6e,512,False,parsed,W03-LONG-SENPAI-017,w05_senpai_long_source_from_w03,1.1.0,1.0,0.5,0,7189.549,0,meta-llama/Llama-3.1-8B-Instruct,0e9e39f249a16976918f6564b8830bc894c89659,Senpai,7329.634,False,complete,42,1.0,none,128.873,"[""PUB-SENPAI-20260812::PUB-SENPAI-20260812::section-001::child-018"", ""PUB-SENPAI-20260812::PUB-SENPAI-20260812::section-001::child-020"", ""PUB-SENPAI-20260812::PUB-SENPAI-20260812::section-001::child-010""]",W05::chunk-512_topk-3_rerank-none::W03-LONG-SENPAI-017,3,chunk-512_topk-3_rerank-none
0.7065926819125555,1993f3d0879294987b5d6e7059360ad91321adf6cf6db2a3caacaa5775803cfd,199a3ff2138c35b73684bf430192de6b5396dc08b9bad71cabd500369e1bc0a7,512,False,parsed,W03-LONG-SENPAI-018,w05_senpai_long_source_from_w03,1.1.0,0.5,1.0,0,10830.072,0,meta-llama/Llama-3.1-8B-Instruct,0e9e39f249a16976918f6564b8830bc894c89659,Senpai,10935.917,False,complete,42,1.0,none,97.053,"[""PUB-SENPAI-20260812::PUB-SENPAI-20260812::section-001::child-005"", ""PUB-SENPAI-20260812::PUB-SENPAI-20260812::section-001::child-001"", ""PUB-SENPAI-20260812::PUB-SENPAI-20260812::section-001::child-018""]",W05::chunk-512_topk-3_rerank-none::W03-LONG-SENPAI-018,3,chunk-512_topk-3_rerank-none
0.7009052786006348,dd9234b54318feafd998efd735125a105d559f9e2ec9a4947535a5d365804aff,fe3065b0e682e21c3f879fbbc2cdf197ba3d830c84c1bb8d15d79ab9ded4ab5b,512,False,parsed,W03-LONG-SENPAI-019,w05_senpai_long_source_from_w03,1.1.0,0.5,0.25,0,11649.86,0,meta-llama/Llama-3.1-8B-Instruct,0e9e39f249a16976918f6564b8830bc894c89659,Senpai,11783.347,False,complete,42,1.0,none,120.955,"[""PUB-SENPAI-20260812::PUB-SENPAI-20260812::section-001::child-007"", ""PUB-SENPAI-20260812::PUB-SENPAI-20260812::section-001::child-008"", ""PUB-SENPAI-20260812::PUB-SENPAI-20260812::section-001::child-018""]",W05::chunk-512_topk-3_rerank-none::W03-LONG-SENPAI-019,3,chunk-512_topk-3_rerank-none
0.0,4569b3719872ba74df7aa022ecf43196423eba836b6b9b43f817b2035208d80d,abdd4b4fd025893b9ba89e63830fd3a3460db04f57e5bacf8a41ee052c89c7c9,512,False,parsed,W03-LONG-SENPAI-020,w05_senpai_long_source_from_w03,1.1.0,1.0,0.5,0,3999.369,0,meta-llama/Llama-3.1-8B-Instruct,0e9e39f249a16976918f6564b8830bc894c89659,Senpai,4131.845,False,complete,42,0.5,none,123.431,"[""PUB-SENPAI-20260812::PUB-SENPAI-20260812::section-001::child-010"", ""PUB-SENPAI-20260812::PUB-SENPAI-20260812::section-001::child-009"", ""PUB-SENPAI-20260812::PUB-SENPAI-20260812::section-001::child-001""]",W05::chunk-512_topk-3_rerank-none::W03-LONG-SENPAI-020,3,chunk-512_topk-3_rerank-none
0.9562139387722951,333922c65a4458bb87114ff06de77eea44d5f02e6f4714526e86529b3c8efd89,7aeda28297c46d5a1d87e83b6f69341243905b08708ca6269ef2f3bcc3ba92da,256,False,parsed,W03-LONG-SENPAI-001,w05_senpai_long_source_from_w03,1.1.0,0.5,0.5,0,8565.85,0,meta-llama/Llama-3.1-8B-Instruct,0e9e39f249a16976918f6564b8830bc894c89659,Senpai,8768.641,False,complete,42,1.0,none,195.188,"[""PUB-SENPAI-20260812::PUB-SENPAI-20260812::section-001::child-020""]",W05::chunk-256_topk-1_rerank-none::W03-LONG-SENPAI-001,1,chunk-256_topk-1_rerank-none
0.900671113581364,f758be62a2d9eb9f843821fb14786c70d33a2429f89a18d6f6a2400956afd6c0,0ea8803821bfa11fa3b066b029973a285a4d067bea977de43b536584437ae0aa,256,True,parsed,W03-LONG-SENPAI-002,w05_senpai_long_source_from_w03,1.1.0,1.0,0.9,0,4540.101,0,meta-llama/Llama-3.1-8B-Instruct,0e9e39f249a16976918f6564b8830bc894c89659,Senpai,4664.277,True,complete,42,1.0,none,118.837,"[""PUB-SENPAI-20260812::PUB-SENPAI-20260812::section-001::child-008""]",W05::chunk-256_topk-1_rerank-none::W03-LONG-SENPAI-002,1,chunk-256_topk-1_rerank-none
0.9999999999997362,e0add08aca5a45257596d106e210dd1f33f07ebe2143ee3c3a935470aea83e01,bc5802975644b5cd4831fd2a686d5b80153c5fac4e6901fcad2ce64f6a09487e,256,True,parsed,W03-LONG-SENPAI-003,w05_senpai_long_source_from_w03,1.1.0,1.0,1.0,0,8198.004,0,meta-llama/Llama-3.1-8B-Instruct,0e9e39f249a16976918f6564b8830bc894c89659,Senpai,8329.45,True,complete,42,1.0,none,125.03,"[""PUB-SENPAI-20260812::PUB-SENPAI-20260812::section-001::child-009""]",W05::chunk-256_topk-1_rerank-none::W03-LONG-SENPAI-003,1,chunk-256_topk-1_rerank-none
0.0,9a877adcef386f0464abb1f538ca81a44f2e5bc6e3f364ea7680be9dccc4a030,513b04435ba5397433f1611ee720206b09154691cbdd01f829efa34f209d58c4,256,False,parsed,W03-LONG-SENPAI-004,w05_senpai_long_source_from_w03,1.1.0,0.0,0.25,0,5806.118,0,meta-llama/Llama-3.1-8B-Instruct,0e9e39f249a16976918f6564b8830bc894c89659,Senpai,5912.694,False,complete,42,0.25,none,102.276,"[""PUB-SENPAI-20260812::PUB-SENPAI-20260812::section-001::child-043""]",W05::chunk-256_topk-1_rerank-none::W03-LONG-SENPAI-004,1,chunk-256_topk-1_rerank-none
0.8008852286745948,2637c8f863ad633526fbe0ada62cff5d0ae3ed6a70ca11ff31136f350d681f4d,3c89cc3b994c4603fd378a0bbcb4455f471df40358e95f5c5641319a5ea516b0,256,False,parse_failed,W03-LONG-SENPAI-005,w05_senpai_long_source_from_w03,1.1.0,0.666667,0.75,0,8317.417,0,meta-llama/Llama-3.1-8B-Instruct,0e9e39f249a16976918f6564b8830bc894c89659,Senpai,8419.765,True,complete,42,,none,97.475,"[""PUB-SENPAI-20260812::PUB-SENPAI-20260812::section-001::child-012""]",W05::chunk-256_topk-1_rerank-none::W03-LONG-SENPAI-005,1,chunk-256_topk-1_rerank-none
0.0,662248953c1f3b619333aab092117fdb3f10d7461ffd422552405bd12514aaca,5d237d6e79b766f280919efb2bef97f8eec905cafc47b891c2825b7ca779e600,256,False,parsed,W03-LONG-SENPAI-006,w05_senpai_long_source_from_w03,1.1.0,0.0,1.0,0,15190.726,0,meta-llama/Llama-3.1-8B-Instruct,0e9e39f249a16976918f6564b8830bc894c89659,Senpai,15299.74,False,complete,42,0.25,none,104.588,"[""PUB-ORIGAMI-20260812::PUB-ORIGAMI-20260812::section-001::child-031""]",W05::chunk-256_topk-1_rerank-none::W03-LONG-SENPAI-006,1,chunk-256_topk-1_rerank-none
0.9887068304276826,40e9c47c22a8ffe5b46efbbad525c66212c9a923a07ecf37f170a6e15b043a00,c1eca61ef9f829327a8c5b4727b073c2477d7fba4fe505716e248697a5c216cf,256,True,parsed,W03-LONG-SENPAI-007,w05_senpai_long_source_from_w03,1.1.0,1.0,1.0,0,3643.829,0,meta-llama/Llama-3.1-8B-Instruct,0e9e39f249a16976918f6564b8830bc894c89659,Senpai,3829.74,True,complete,42,1.0,none,178.774,"[""PUB-SENPAI-20260812::PUB-SENPAI-20260812::section-001::child-017""]",W05::chunk-256_topk-1_rerank-none::W03-LONG-SENPAI-007,1,chunk-256_topk-1_rerank-none
0.0,3eb3734458ae8c1e1d95da4fdc45c5f16676cb43410340dc727f8cf8c63fcceb,e7984f6c5fbc631cc781e6539d9c02cf281a88962cb1425db2975f1f6cc33a51,256,True,parsed,W03-LONG-SENPAI-008,w05_senpai_long_source_from_w03,1.1.0,1.0,0.6666666666666666,0,9600.853,0,meta-llama/Llama-3.1-8B-Instruct,0e9e39f249a16976918f6564b8830bc894c89659,Senpai,9712.689,True,complete,42,1.0,none,107.127,"[""PUB-SENPAI-20260812::PUB-SENPAI-20260812::section-001::child-018""]",W05::chunk-256_topk-1_rerank-none::W03-LONG-SENPAI-008,1,chunk-256_topk-1_rerank-none
0.9888132321575599,6f9f84d15ada0c306ef3ab0f24e4282c563960c948ea1596da95e9b4701a1f8f,9b86b5d84c21ea53973d9018ceaaca8890353686885bf65cbb3166b1b94242b9,256,True,parsed,W03-LONG-SENPAI-009,w05_senpai_long_source_from_w03,1.1.0,1.0,1.0,0,5277.985,0,meta-llama/Llama-3.1-8B-Instruct,0e9e39f249a16976918f6564b8830bc894c89659,Senpai,5375.023,True,complete,42,1.0,none,91.552,"[""PUB-SENPAI-20260812::PUB-SENPAI-20260812::section-001::child-021""]",W05::chunk-256_topk-1_rerank-none::W03-LONG-SENPAI-009,1,chunk-256_topk-1_rerank-none
0.8614045044858908,1268b33b3c234be6380743e9a8ff6afe19f643f61b43c38ff1835bdbb360af4f,7ca3d0431bf72c85e1390b129944ae1342e5238ad450170a553683d2d1b5de61,256,True,parsed,W03-LONG-SENPAI-010,w05_senpai_long_source_from_w03,1.1.0,0.0,1.0,0,4733.422,0,meta-llama/Llama-3.1-8B-Instruct,0e9e39f249a16976918f6564b8830bc894c89659,Senpai,4858.128,True,complete,42,1.0,none,117.415,"[""PUB-SENPAI-20260812::PUB-SENPAI-20260812::section-001::child-022""]",W05::chunk-256_topk-1_rerank-none::W03-LONG-SENPAI-010,1,chunk-256_topk-1_rerank-none
0.0,603a82472f6dfa228662279d65e26ad6f041544a05625a82a19dda1257618ab9,59b1b5638ef5bb30ff21c4cd5fb5cf1c3091031ff979a4dbac662bd24dccbfe5,256,True,parsed,W03-LONG-SENPAI-011,w05_senpai_long_source_from_w03,1.1.0,0.333333,0.3333333333333333,0,10244.693,0,meta-llama/Llama-3.1-8B-Instruct,0e9e39f249a16976918f6564b8830bc894c89659,Senpai,10426.127,True,complete,42,1.0,none,175.193,"[""PUB-SENPAI-20260812::PUB-SENPAI-20260812::section-001::child-029""]",W05::chunk-256_topk-1_rerank-none::W03-LONG-SENPAI-011,1,chunk-256_topk-1_rerank-none
0.0,5aa95d9d7a78ba049740d1a07c3f2fdcdbec33f9c6e578f1350591590a3842de,fbfb2ef2a4ac52f0ef3e072c5fd26aa3b978c1b969b0fd08324e9cdb602a4585,256,False,parsed,W03-LONG-SENPAI-012,w05_senpai_long_source_from_w03,1.1.0,0.25,0.0,0,9933.219,0,meta-llama/Llama-3.1-8B-Instruct,0e9e39f249a16976918f6564b8830bc894c89659,Senpai,10042.526,False,complete,42,0.375,none,103.26,"[""PUB-SENPAI-20260812::PUB-SENPAI-20260812::section-001::child-037""]",W05::chunk-256_topk-1_rerank-none::W03-LONG-SENPAI-012,1,chunk-256_topk-1_rerank-none
0.0,7a1146b5da1e7421df9a779a2206811682d2da5eabcda8c5570c6f203c8a269f,70105917e9cfb488f172f42711f86986cc033fd3f1150269a01271e60297ae37,256,True,parsed,W03-LONG-SENPAI-013,w05_senpai_long_source_from_w03,1.1.0,1.0,1.0,0,9503.03,0,meta-llama/Llama-3.1-8B-Instruct,0e9e39f249a16976918f6564b8830bc894c89659,Senpai,9651.186,True,complete,42,1.0,none,142.602,"[""PUB-SENPAI-20260812::PUB-SENPAI-20260812::section-001::child-038""]",W05::chunk-256_topk-1_rerank-none::W03-LONG-SENPAI-013,1,chunk-256_topk-1_rerank-none
0.0,280672b7c77de05286f9bbc62f6c290becaf3a5ae9cdfd9723457b48f6f608fd,796343cad9ddd7e759852be70fa8d7257285cd9e444ac9e90a905ff464b1fb95,256,False,parsed,W03-LONG-SENPAI-014,w05_senpai_long_source_from_w03,1.1.0,0.0,0.5,0,7429.472,0,meta-llama/Llama-3.1-8B-Instruct,0e9e39f249a16976918f6564b8830bc894c89659,Senpai,7573.557,False,complete,42,0.5,none,138.129,"[""PUB-SENPAI-20260812::PUB-SENPAI-20260812::section-001::child-039""]",W05::chunk-256_topk-1_rerank-none::W03-LONG-SENPAI-014,1,chunk-256_topk-1_rerank-none
0.8335673994811152,cb02dff622fe870043b912d9236ec79b966a9db0e0d1f5078802b9403e104f47,74994a1cd1d2f148c9eeebc97acda8ce6aaebf542df869fd716bebacbf740ec3,256,True,parsed,W03-LONG-SENPAI-015,w05_senpai_long_source_from_w03,1.1.0,1.0,1.0,0,3885.506,0,meta-llama/Llama-3.1-8B-Instruct,0e9e39f249a16976918f6564b8830bc894c89659,Senpai,4015.318,True,complete,42,1.0,none,123.967,"[""PUB-SENPAI-20260812::PUB-SENPAI-20260812::section-001::child-042""]",W05::chunk-256_topk-1_rerank-none::W03-LONG-SENPAI-015,1,chunk-256_topk-1_rerank-none
0.8514263025876554,8627cac4dfee6e2092cb82a36e3618c34a63f3faffff322fd0d7c375911c43e4,66a9b89512b708251bffd092e77956e750edcbd57f94fcd992f8f99c52e94784,256,True,parsed,W03-LONG-SENPAI-016,w05_senpai_long_source_from_w03,1.1.0,1.0,1.0,0,3162.245,0,meta-llama/Llama-3.1-8B-Instruct,0e9e39f249a16976918f6564b8830bc894c89659,Senpai,3284.614,True,complete,42,1.0,none,117.317,"[""PUB-SENPAI-20260812::PUB-SENPAI-20260812::section-001::child-043""]",W05::chunk-256_topk-1_rerank-none::W03-LONG-SENPAI-016,1,chunk-256_topk-1_rerank-none
0.0,0bd18895e759003d8f8995e3c2dbf7941e6f3eac42fdbf8da34887d440b867f7,cc7ab33b0a81272ad8b4e73196a43846d4e4cc6ba5cdbbc2615fa660f7e11320,256,False,parsed,W03-LONG-SENPAI-017,w05_senpai_long_source_from_w03,1.1.0,0.0,0.3333333333333333,0,10332.372,0,meta-llama/Llama-3.1-8B-Instruct,0e9e39f249a16976918f6564b8830bc894c89659,Senpai,10458.601,False,complete,42,0.5,none,120.92,"[""PUB-SENPAI-20260812::PUB-SENPAI-20260812::section-001::child-039""]",W05::chunk-256_topk-1_rerank-none::W03-LONG-SENPAI-017,1,chunk-256_topk-1_rerank-none
0.7867139502071389,67f525ae5c1961cd8344a6641ced056dfaab393cff29340c3dc5609bfb23d1b3,7eba0d0198893ec98bc763c3423c7295704c566a7c8abef6e437c408a50449be,256,False,parsed,W03-LONG-SENPAI-018,w05_senpai_long_source_from_w03,1.1.0,0.5,0.8333333333333334,0,6762.962,0,meta-llama/Llama-3.1-8B-Instruct,0e9e39f249a16976918f6564b8830bc894c89659,Senpai,6857.38,False,complete,42,1.0,none,88.987,"[""PUB-SENPAI-20260812::PUB-SENPAI-20260812::section-001::child-009""]",W05::chunk-256_topk-1_rerank-none::W03-LONG-SENPAI-018,1,chunk-256_topk-1_rerank-none
0.8015469329321573,b30f14969f12a05be3bc6e675b200358eba41abb5b40bcb3a6d9b72baf01e51f,0bd1dcedbd455fbabb0b657d5558225685f4d98170ce9a939013312a939e75d5,256,True,parsed,W03-LONG-SENPAI-019,w05_senpai_long_source_from_w03,1.1.0,0.5,1.0,0,14225.384,0,meta-llama/Llama-3.1-8B-Instruct,0e9e39f249a16976918f6564b8830bc894c89659,Senpai,14296.607,True,complete,42,1.0,none,67.181,"[""PUB-SENPAI-20260812::PUB-SENPAI-20260812::section-001::child-017""]",W05::chunk-256_topk-1_rerank-none::W03-LONG-SENPAI-019,1,chunk-256_topk-1_rerank-none
0.0,389d74a614e706efcbe79d6d43c94b95210f85c35d0c3df1802504e493447c81,ae8dbaac1d28ddaac8c2cc1c6c84c6bf8938589388f04d0113bfb69ffca57df8,256,True,parsed,W03-LONG-SENPAI-020,w05_senpai_long_source_from_w03,1.1.0,0.0,0.75,0,5140.267,0,meta-llama/Llama-3.1-8B-Instruct,0e9e39f249a16976918f6564b8830bc894c89659,Senpai,5254.638,True,complete,42,0.5,none,108.938,"[""PUB-SENPAI-20260812::PUB-SENPAI-20260812::section-001::child-001""]",W05::chunk-256_topk-1_rerank-none::W03-LONG-SENPAI-020,1,chunk-256_topk-1_rerank-none
0.0,3c6fcd0c1743d257652518c2440d319e43290af64a68f434fbb3910f0e566dad,8174c84054d1e5717e0d0eabce372bef3f05ea86bea9c1462be5ca3319784e80,256,False,parsed,W03-LONG-SENPAI-001,w05_senpai_long_source_from_w03,1.1.0,1.0,0.25,0,3199.78,0,meta-llama/Llama-3.1-8B-Instruct,0e9e39f249a16976918f6564b8830bc894c89659,Senpai,3731.062,False,complete,42,1.0,cross_encoder,526.828,"[""PUB-SENPAI-20260812::PUB-SENPAI-20260812::section-001::child-001"", ""PUB-SENPAI-20260812::PUB-SENPAI-20260812::section-001::child-020"", ""PUB-SENPAI-20260812::PUB-SENPAI-20260812::section-001::child-013""]",W05::chunk-256_topk-3_rerank-ce::W03-LONG-SENPAI-001,3,chunk-256_topk-3_rerank-ce
0.8713931082872652,e865d9fb41374dce403b6b3aec207890d84c39c0ae3364dda07279898bd75df8,dffc630ce7fe6fddf220f65a7c6600ad7771f1a65f5efbeb394e682676b81214,256,False,parsed,W03-LONG-SENPAI-002,w05_senpai_long_source_from_w03,1.1.0,1.0,1.0,0,3567.656,0,meta-llama/Llama-3.1-8B-Instruct,0e9e39f249a16976918f6564b8830bc894c89659,Senpai,4117.248,False,complete,42,1.0,cross_encoder,544.808,"[""PUB-SENPAI-20260812::PUB-SENPAI-20260812::section-001::child-008"", ""PUB-SENPAI-20260812::PUB-SENPAI-20260812::section-001::child-007"", ""PUB-SENPAI-20260812::PUB-SENPAI-20260812::section-001::child-012""]",W05::chunk-256_topk-3_rerank-ce::W03-LONG-SENPAI-002,3,chunk-256_topk-3_rerank-ce
0.9717256879741821,2ab1a40986451a7d2297391931bf872ecdee5f4f8314eaa4faf1b7ff0c5b5486,5fd64c0c5ba858a1d00172f936c70683733b181d630b6f3d649ad82e3cd46ab5,256,False,parsed,W03-LONG-SENPAI-003,w05_senpai_long_source_from_w03,1.1.0,1.0,1.0,0,7272.197,0,meta-llama/Llama-3.1-8B-Instruct,0e9e39f249a16976918f6564b8830bc894c89659,Senpai,7819.004,False,complete,42,1.0,cross_encoder,542.198,"[""PUB-SENPAI-20260812::PUB-SENPAI-20260812::section-001::child-009"", ""PUB-SENPAI-20260812::PUB-SENPAI-20260812::section-001::child-043"", ""PUB-SENPAI-20260812::PUB-SENPAI-20260812::section-001::child-042""]",W05::chunk-256_topk-3_rerank-ce::W03-LONG-SENPAI-003,3,chunk-256_topk-3_rerank-ce
0.0,74c9aa2ac8aa36cb546ddd20aff1cb7920d9306eb17fef6f0e58569af5727386,ad7b90362c482cfaf7e488492641773e82ad4c5aa23c947bf167d530a56aa4fd,256,False,parsed,W03-LONG-SENPAI-004,w05_senpai_long_source_from_w03,1.1.0,1.0,0.8,0,11000.181,0,meta-llama/Llama-3.1-8B-Instruct,0e9e39f249a16976918f6564b8830bc894c89659,Senpai,11541.109,False,complete,42,1.0,cross_encoder,535.577,"[""PUB-SENPAI-20260812::PUB-SENPAI-20260812::section-001::child-044"", ""PUB-SENPAI-20260812::PUB-SENPAI-20260812::section-001::child-010"", ""PUB-SENPAI-20260812::PUB-SENPAI-20260812::section-001::child-036""]",W05::chunk-256_topk-3_rerank-ce::W03-LONG-SENPAI-004,3,chunk-256_topk-3_rerank-ce
0.8519581833745417,c9f0a88a5b8afc67693eaf00012b97e13529a0d8f7637476f923c95199be727e,a8d1012e026e49bb37b662a97addaa89c6daa580e0f16a2710da273a64239da1,256,False,parsed,W03-LONG-SENPAI-005,w05_senpai_long_source_from_w03,1.1.0,1.0,1.0,0,8687.268,0,meta-llama/Llama-3.1-8B-Instruct,0e9e39f249a16976918f6564b8830bc894c89659,Senpai,9189.586,False,complete,42,1.0,cross_encoder,497.976,"[""PUB-SENPAI-20260812::PUB-SENPAI-20260812::section-001::child-012"", ""PUB-SENPAI-20260812::PUB-SENPAI-20260812::section-001::child-013"", ""PUB-SENPAI-20260812::PUB-SENPAI-20260812::section-001::child-010""]",W05::chunk-256_topk-3_rerank-ce::W03-LONG-SENPAI-005,3,chunk-256_topk-3_rerank-ce
0.0,1f45b0d41914b9574c95514e8c937171074426f4122e42455267a1553c572e01,3b96022e298f60cb4a481d170625d888e5e7144dfa2cbc2b5a2267474238c3da,256,False,parsed,W03-LONG-SENPAI-006,w05_senpai_long_source_from_w03,1.1.0,0.5,0.75,0,8118.391,0,meta-llama/Llama-3.1-8B-Instruct,0e9e39f249a16976918f6564b8830bc894c89659,Senpai,8617.157,False,complete,42,1.0,cross_encoder,494.441,"[""PUB-SENPAI-20260812::PUB-SENPAI-20260812::section-001::child-013"", ""PUB-ORIGAMI-20260812::PUB-ORIGAMI-20260812::section-001::child-026"", ""PUB-SENPAI-20260812::PUB-SENPAI-20260812::section-001::child-022""]",W05::chunk-256_topk-3_rerank-ce::W03-LONG-SENPAI-006,3,chunk-256_topk-3_rerank-ce
0.9688173072394934,6c33e8dbda32b849f9a9ff119fcfb59e0485368e5e3c000af5a68734fd827e85,165461f6be04ae873cda4b61cf2013132b607627a80c8be61200d3a6cc5bcf41,256,False,parsed,W03-LONG-SENPAI-007,w05_senpai_long_source_from_w03,1.1.0,1.0,1.0,0,13162.917,0,meta-llama/Llama-3.1-8B-Instruct,0e9e39f249a16976918f6564b8830bc894c89659,Senpai,13706.875,False,complete,42,1.0,cross_encoder,539.2,"[""PUB-SENPAI-20260812::PUB-SENPAI-20260812::section-001::child-017"", ""PUB-ORIGAMI-20260812::PUB-ORIGAMI-20260812::section-001::child-011"", ""PUB-SENPAI-20260812::PUB-SENPAI-20260812::section-001::child-022""]",W05::chunk-256_topk-3_rerank-ce::W03-LONG-SENPAI-007,3,chunk-256_topk-3_rerank-ce
0.0,e032fa86ebba02ede09d1fe33b51cd8668dc00eaef55051a544dae7e5cd41081,3c829d8ee5f4ab6af65c567eff51cb768313c21080fe49fdc93e8b23aa1e1b65,256,False,parsed,W03-LONG-SENPAI-008,w05_senpai_long_source_from_w03,1.1.0,1.0,0.75,0,7038.653,0,meta-llama/Llama-3.1-8B-Instruct,0e9e39f249a16976918f6564b8830bc894c89659,Senpai,7535.132,False,complete,42,1.0,cross_encoder,492.467,"[""PUB-SENPAI-20260812::PUB-SENPAI-20260812::section-001::child-018"", ""PUB-SENPAI-20260812::PUB-SENPAI-20260812::section-001::child-017"", ""PUB-SENPAI-20260812::PUB-SENPAI-20260812::section-001::child-001""]",W05::chunk-256_topk-3_rerank-ce::W03-LONG-SENPAI-008,3,chunk-256_topk-3_rerank-ce
0.9888132321575599,5dc26999fe77bdd75e72844a30a805f8b70678185034f4d8f74e0ad63e256d62,9b86b5d84c21ea53973d9018ceaaca8890353686885bf65cbb3166b1b94242b9,256,True,parsed,W03-LONG-SENPAI-009,w05_senpai_long_source_from_w03,1.1.0,1.0,1.0,0,5353.852,0,meta-llama/Llama-3.1-8B-Instruct,0e9e39f249a16976918f6564b8830bc894c89659,Senpai,5898.373,False,complete,42,1.0,cross_encoder,541.098,"[""PUB-SENPAI-20260812::PUB-SENPAI-20260812::section-001::child-021"", ""PUB-SENPAI-20260812::PUB-SENPAI-20260812::section-001::child-020"", ""PUB-SENPAI-20260812::PUB-SENPAI-20260812::section-001::child-004""]",W05::chunk-256_topk-3_rerank-ce::W03-LONG-SENPAI-009,3,chunk-256_topk-3_rerank-ce
0.793903494725127,1ae95fb8e54188132c2c63456e4ce18be374737f7b3f4015957b28610091cb8f,7d1259c96e57c08d5442aa0b7c53a97271f7baf953a1c55ec20a07d3c42c51d9,256,False,parsed,W03-LONG-SENPAI-010,w05_senpai_long_source_from_w03,1.1.0,0.0,1.0,0,6247.232,0,meta-llama/Llama-3.1-8B-Instruct,0e9e39f249a16976918f6564b8830bc894c89659,Senpai,6755.531,False,complete,42,1.0,cross_encoder,504.545,"[""PUB-SENPAI-20260812::PUB-SENPAI-20260812::section-001::child-022"", ""PUB-SENPAI-20260812::PUB-SENPAI-20260812::section-001::child-021"", ""PUB-SENPAI-20260812::PUB-SENPAI-20260812::section-001::child-004""]",W05::chunk-256_topk-3_rerank-ce::W03-LONG-SENPAI-010,3,chunk-256_topk-3_rerank-ce
0.9240800907760275,aee29023d853e7a379983a97049af51fc2d45b33af9fba656660aaa4cfa0da63,f3234ecc9487028fc000c64815f954db9d1d2a33dc20cd0688b8ba3065b6aad9,256,False,parsed_after_deterministic_repair,W03-LONG-SENPAI-011,w05_senpai_long_source_from_w03,1.1.0,1.0,1.0,0,9530.741,0,meta-llama/Llama-3.1-8B-Instruct,0e9e39f249a16976918f6564b8830bc894c89659,Senpai,10074.322,True,complete,42,1.0,cross_encoder,538.226,"[""PUB-SENPAI-20260812::PUB-SENPAI-20260812::section-001::child-029"", ""PUB-SENPAI-20260812::PUB-SENPAI-20260812::section-001::child-030"", ""PUB-ORIGAMI-20260812::PUB-ORIGAMI-20260812::section-001::child-014""]",W05::chunk-256_topk-3_rerank-ce::W03-LONG-SENPAI-011,3,chunk-256_topk-3_rerank-ce
0.6614979782662562,5937c04eeb7f8e931370a185056b07e251531cb98e536098866f5045e5cad6a0,2259277eec380a0e3a86b5cad346bf0c69fb704d7265963f4da3a9b7a95d58ff,256,False,parsed,W03-LONG-SENPAI-012,w05_senpai_long_source_from_w03,1.1.0,0.75,1.0,0,11268.403,0,meta-llama/Llama-3.1-8B-Instruct,0e9e39f249a16976918f6564b8830bc894c89659,Senpai,11777.226,False,complete,42,1.0,cross_encoder,504.636,"[""PUB-SENPAI-20260812::PUB-SENPAI-20260812::section-001::child-033"", ""PUB-SENPAI-20260812::PUB-SENPAI-20260812::section-001::child-035"", ""PUB-SENPAI-20260812::PUB-SENPAI-20260812::section-001::child-037""]",W05::chunk-256_topk-3_rerank-ce::W03-LONG-SENPAI-012,3,chunk-256_topk-3_rerank-ce
0.0,d0a069c42960a02c77cca5b4f37e0c59f5c71da201cc1af41ef742d5f413f2ab,fed2959b82842e1afd8b3a4beb7fb88f0f86e12bfd5b8e8e4b112f4cf55eebb1,256,False,parsed,W03-LONG-SENPAI-013,w05_senpai_long_source_from_w03,1.1.0,1.0,0.4,0,17108.245,0,meta-llama/Llama-3.1-8B-Instruct,0e9e39f249a16976918f6564b8830bc894c89659,Senpai,17661.156,False,complete,42,0.5,cross_encoder,548.106,"[""PUB-SENPAI-20260812::PUB-SENPAI-20260812::section-001::child-038"", ""PUB-SENTINEL-20260812::PUB-SENTINEL-20260812::section-001::child-008"", ""PUB-SENPAI-20260812::PUB-SENPAI-20260812::section-001::child-018""]",W05::chunk-256_topk-3_rerank-ce::W03-LONG-SENPAI-013,3,chunk-256_topk-3_rerank-ce
0.983329633864575,f7531d9bf97ac60774f66a683e1ac45beff5f983ae36ef2d239f2ab7adf20cc9,6fb457c90db607afefc4e5ba3921a13a3729e397c6d9dba5f68fbd4e016bdf69,256,False,parsed,W03-LONG-SENPAI-014,w05_senpai_long_source_from_w03,1.1.0,1.0,1.0,0,2995.949,0,meta-llama/Llama-3.1-8B-Instruct,0e9e39f249a16976918f6564b8830bc894c89659,Senpai,3528.368,False,complete,42,1.0,cross_encoder,528.794,"[""PUB-SENPAI-20260812::PUB-SENPAI-20260812::section-001::child-040"", ""PUB-SENPAI-20260812::PUB-SENPAI-20260812::section-001::child-039"", ""PUB-SENPAI-20260812::PUB-SENPAI-20260812::section-001::child-004""]",W05::chunk-256_topk-3_rerank-ce::W03-LONG-SENPAI-014,3,chunk-256_topk-3_rerank-ce
0.646468868115251,b833b853cd35100522894f26195094441f2171d4fac99feee1dfdb4c6799f9db,a25c3a555e8bd2b761e868f23520ac54c5cafc8d8d4eb633afd86238086129a7,256,True,parsed,W03-LONG-SENPAI-015,w05_senpai_long_source_from_w03,1.1.0,1.0,1.0,0,6148.283,0,meta-llama/Llama-3.1-8B-Instruct,0e9e39f249a16976918f6564b8830bc894c89659,Senpai,6692.757,False,complete,42,1.0,cross_encoder,539.298,"[""PUB-SENPAI-20260812::PUB-SENPAI-20260812::section-001::child-042"", ""PUB-SENPAI-20260812::PUB-SENPAI-20260812::section-001::child-007"", ""PUB-FUTURE-08-20210624::PUB-FUTURE-08-20210624::section-001::child-003""]",W05::chunk-256_topk-3_rerank-ce::W03-LONG-SENPAI-015,3,chunk-256_topk-3_rerank-ce
0.915343798292587,1c0f843282438368a98f024620bcde70359d5d8c2774f4f69e26f8a9b1d64d99,94f0985b8059efc23ea108c1655303231b0f49302165a8b76138069095fe87ad,256,True,parsed,W03-LONG-SENPAI-016,w05_senpai_long_source_from_w03,1.1.0,1.0,1.0,0,4718.25,0,meta-llama/Llama-3.1-8B-Instruct,0e9e39f249a16976918f6564b8830bc894c89659,Senpai,5240.4,True,complete,42,1.0,cross_encoder,518.22,"[""PUB-SENPAI-20260812::PUB-SENPAI-20260812::section-001::child-043"", ""PUB-SENPAI-20260812::PUB-SENPAI-20260812::section-001::child-039"", ""PUB-SENPAI-20260812::PUB-SENPAI-20260812::section-001::child-009""]",W05::chunk-256_topk-3_rerank-ce::W03-LONG-SENPAI-016,3,chunk-256_topk-3_rerank-ce
0.8392188720713434,289d78df2f7a607617d45c6603741589c2f7a39917b1b527c51f3a276249fcc9,f9d0d1b1a4c4f6578c5e39e110d4e723ea2e93c571d1af3ba147ce312da3409a,256,False,parsed,W03-LONG-SENPAI-017,w05_senpai_long_source_from_w03,1.1.0,1.0,1.0,0,6932.965,0,meta-llama/Llama-3.1-8B-Instruct,0e9e39f249a16976918f6564b8830bc894c89659,Senpai,7422.539,False,complete,42,1.0,cross_encoder,485.709,"[""PUB-SENPAI-20260812::PUB-SENPAI-20260812::section-001::child-043"", ""PUB-SENPAI-20260812::PUB-SENPAI-20260812::section-001::child-044"", ""PUB-SENPAI-20260812::PUB-SENPAI-20260812::section-001::child-004""]",W05::chunk-256_topk-3_rerank-ce::W03-LONG-SENPAI-017,3,chunk-256_topk-3_rerank-ce
0.8089203201331726,31f0018ddcfe8e5bbc399a9bff1b84eb324d9621118283baf0a5c707b4e74683,c5aeeab3ddd6f6ceea4e9951dd54c256408dccd7990959b402859c79ec6cfd31,256,False,parsed,W03-LONG-SENPAI-018,w05_senpai_long_source_from_w03,1.1.0,1.0,1.0,0,4850.598,0,meta-llama/Llama-3.1-8B-Instruct,0e9e39f249a16976918f6564b8830bc894c89659,Senpai,5413.501,False,complete,42,1.0,cross_encoder,559.151,"[""PUB-SENPAI-20260812::PUB-SENPAI-20260812::section-001::child-020"", ""PUB-SENPAI-20260812::PUB-SENPAI-20260812::section-001::child-001"", ""PUB-SENPAI-20260812::PUB-SENPAI-20260812::section-001::child-009""]",W05::chunk-256_topk-3_rerank-ce::W03-LONG-SENPAI-018,3,chunk-256_topk-3_rerank-ce
0.7666663917640432,c0de8a34be09fea5e591d831429b122165cdb2214783e4884eca5e72a44ca4fd,03f1d1a44d0797f81e1f9575b7757ec8593ffe69fa7eefd063b3d72965ad0256,256,False,parsed,W03-LONG-SENPAI-019,w05_senpai_long_source_from_w03,1.1.0,0.5,0.5,0,12170.594,0,meta-llama/Llama-3.1-8B-Instruct,0e9e39f249a16976918f6564b8830bc894c89659,Senpai,12698.264,False,complete,42,1.0,cross_encoder,524.043,"[""PUB-SENPAI-20260812::PUB-SENPAI-20260812::section-001::child-017"", ""PUB-SENPAI-20260812::PUB-SENPAI-20260812::section-001::child-022"", ""PUB-SENPAI-20260812::PUB-SENPAI-20260812::section-001::child-042""]",W05::chunk-256_topk-3_rerank-ce::W03-LONG-SENPAI-019,3,chunk-256_topk-3_rerank-ce
0.0,d289ebc23290e3bf7f5878caf61323dcb9d3c80740c8b7346d7e3256f854787d,a903b29a98bdfff2f7013c1c25f7c8e2b5688c837da874289c6885420eeaa691,256,False,parsed,W03-LONG-SENPAI-020,w05_senpai_long_source_from_w03,1.1.0,1.0,,0,7182.6,0,meta-llama/Llama-3.1-8B-Instruct,0e9e39f249a16976918f6564b8830bc894c89659,Senpai,7699.034,False,metric_failure_retained,42,0.5,cross_encoder,512.586,"[""PUB-SENPAI-20260812::PUB-SENPAI-20260812::section-001::child-001"", ""PUB-SENPAI-20260812::PUB-SENPAI-20260812::section-001::child-020"", ""PUB-SENPAI-20260812::PUB-SENPAI-20260812::section-001::child-018""]",W05::chunk-256_topk-3_rerank-ce::W03-LONG-SENPAI-020,3,chunk-256_topk-3_rerank-ce
