answer_relevance,candidate_messages_sha256,candidate_output_sha256,chunk_size_tokens,coverage_reused,coverage_score_status,eval_id,evaluation_set_id,evaluation_set_version,evidence_fact_recall_at_k,faithfulness,forbidden_point_violations,generation_latency_ms,metadata_filter_leakage,model_id,model_revision,platform,question_to_response_ms,ragas_reused,ragas_score_status,random_seed,required_point_coverage,reranking,retrieval_latency_ms,retrieved_chunk_ids,run_item_id,top_k,variant_id
0.0,8a903f12df693f40aa50f9109195e6cd02b51bc86e6e5fd7ef49a58383a8be30,8673d0b54b70c8a09dbda8d321c4165275ea758914ad8fa38bea50e7e0f82802,1024,False,parsed,W03-EXP-SENPAI-001,w05_senpai_from_w03_expanded,1.0.0,1.0,1.0,0,2375.482,0,meta-llama/Llama-3.1-8B-Instruct,0e9e39f249a16976918f6564b8830bc894c89659,Senpai,2811.35,False,complete,42,1.0,cross_encoder,433.332,"[""INGEN-OFFICIAL-SENPAI-20260804::SENPAI-EXP-0001::child-001""]",W05::chunk-1024_topk-1_rerank-ce::W03-EXP-SENPAI-001,1,chunk-1024_topk-1_rerank-ce
0.670964825212831,15395cf8559af29dbfb5933eecd9ad65e3d34b24654ad1dcd500824293523abb,394bb06bfee188eb8b11802ef0a636f2850d17fe89027b9b393a25ea293d5265,1024,False,parsed,W03-EXP-SENPAI-002,w05_senpai_from_w03_expanded,1.0.0,0.5,0.8333333333333334,0,5891.475,0,meta-llama/Llama-3.1-8B-Instruct,0e9e39f249a16976918f6564b8830bc894c89659,Senpai,6338.897,False,complete,42,0.4,cross_encoder,443.631,"[""INGEN-OFFICIAL-SENPAI-20260804::SENPAI-EXP-0002::child-001""]",W05::chunk-1024_topk-1_rerank-ce::W03-EXP-SENPAI-002,1,chunk-1024_topk-1_rerank-ce
0.9287563855622488,24a020f21e490fc452ef7048a2d5503fdcde1715ece2de0981de4e631b479c60,cc04f4b4b2715af40495674f6f9b21e264e016378d8edd9b84a86bb9260d0612,1024,False,parsed,W03-EXP-SENPAI-003,w05_senpai_from_w03_expanded,1.0.0,1.0,1.0,0,2219.034,0,meta-llama/Llama-3.1-8B-Instruct,0e9e39f249a16976918f6564b8830bc894c89659,Senpai,2631.403,False,complete,42,0.75,cross_encoder,409.082,"[""INGEN-OFFICIAL-SENPAI-20260804::SENPAI-EXP-0003::child-001""]",W05::chunk-1024_topk-1_rerank-ce::W03-EXP-SENPAI-003,1,chunk-1024_topk-1_rerank-ce
0.8680726624114742,332d545996c7b38a342d0fb20dc836bbda332b033577795fd7f353bd19056a7e,5ea0c11d058602b989984b1cc73f80d518f9204fc116c9907175e0b507b17e1c,1024,False,parsed,W03-EXP-SENPAI-004,w05_senpai_from_w03_expanded,1.0.0,0.5,1.0,0,2229.815,0,meta-llama/Llama-3.1-8B-Instruct,0e9e39f249a16976918f6564b8830bc894c89659,Senpai,2640.236,False,complete,42,1.0,cross_encoder,407.723,"[""INGEN-OFFICIAL-SENPAI-20260804::SENPAI-EXP-0017::child-001""]",W05::chunk-1024_topk-1_rerank-ce::W03-EXP-SENPAI-004,1,chunk-1024_topk-1_rerank-ce
0.0,468e3a140ee9b082db733e108c574fcb9bdfaa3aa764a46cb7c48cd55ad9cb6e,56abfbe8761457e112ac2143297732c3eb3417b196d236baae1f4fc9e0e95995,1024,False,parsed,W03-EXP-SENPAI-005,w05_senpai_from_w03_expanded,1.0.0,0.5,0.7142857142857143,0,2453.01,0,meta-llama/Llama-3.1-8B-Instruct,0e9e39f249a16976918f6564b8830bc894c89659,Senpai,2837.379,False,complete,42,0.8,cross_encoder,381.508,"[""INGEN-OFFICIAL-SENPAI-20260804::SENPAI-EXP-0006::child-001""]",W05::chunk-1024_topk-1_rerank-ce::W03-EXP-SENPAI-005,1,chunk-1024_topk-1_rerank-ce
0.6417997682762698,2e0924848adc5a07828e67938a6a272d72b939b26d1c9c5c7639bc67defefa10,6f59f36ba16c86818a1d6f4db245db98a6a7d52bb432e53b5f4d2a80d51fd3ab,1024,False,parsed,W03-EXP-SENPAI-006,w05_senpai_from_w03_expanded,1.0.0,0.5,0.42857142857142855,0,6266.008,0,meta-llama/Llama-3.1-8B-Instruct,0e9e39f249a16976918f6564b8830bc894c89659,Senpai,6678.075,False,complete,42,1.0,cross_encoder,408.921,"[""INGEN-OFFICIAL-SENPAI-20260804::SENPAI-EXP-0045::child-001""]",W05::chunk-1024_topk-1_rerank-ce::W03-EXP-SENPAI-006,1,chunk-1024_topk-1_rerank-ce
0.7744184293706335,e8f8b20ce685c5eed5713b4d0e724a1d8f1028779082cd6aa43d3c0488228d49,cad3e25fcbdf254ca07a04fbf119c73a5465e278bb78f8219ce70de87ba1fa35,1024,False,parsed,W03-EXP-SENPAI-007,w05_senpai_from_w03_expanded,1.0.0,1.0,1.0,0,1061.766,0,meta-llama/Llama-3.1-8B-Instruct,0e9e39f249a16976918f6564b8830bc894c89659,Senpai,1485.018,False,complete,42,1.0,cross_encoder,420.324,"[""INGEN-OFFICIAL-SENPAI-20260804::SENPAI-EXP-0035::child-001""]",W05::chunk-1024_topk-1_rerank-ce::W03-EXP-SENPAI-007,1,chunk-1024_topk-1_rerank-ce
0.5353222925748553,59b0e282c553058f55d23d99eb71f64fa1f7f2311aa6d32f9d3ee113d9388b2f,eb3648140615a78afa73d560c32eb1334b492a198662a149fbbac196c6587864,1024,False,parsed,W03-EXP-SENPAI-008,w05_senpai_from_w03_expanded,1.0.0,0.333333,1.0,0,6552.764,0,meta-llama/Llama-3.1-8B-Instruct,0e9e39f249a16976918f6564b8830bc894c89659,Senpai,6947.348,False,complete,42,1.0,cross_encoder,391.819,"[""INGEN-OFFICIAL-SENPAI-20260804::SENPAI-EXP-0042::child-001""]",W05::chunk-1024_topk-1_rerank-ce::W03-EXP-SENPAI-008,1,chunk-1024_topk-1_rerank-ce
0.7168437854028668,280111a7c449230a621678262b6f74e46b22dbbdf324dd59e708ed3d3150f8eb,f23831944a92eb7b4631cd292c68a0932d3162248a119bfa516bf2e673af5dfc,1024,False,parsed,W03-EXP-SENPAI-009,w05_senpai_from_w03_expanded,1.0.0,1.0,1.0,0,4097.876,0,meta-llama/Llama-3.1-8B-Instruct,0e9e39f249a16976918f6564b8830bc894c89659,Senpai,4478.125,False,complete,42,1.0,cross_encoder,377.727,"[""INGEN-OFFICIAL-SENPAI-20260804::SENPAI-EXP-0037::child-001""]",W05::chunk-1024_topk-1_rerank-ce::W03-EXP-SENPAI-009,1,chunk-1024_topk-1_rerank-ce
0.0,dccf9a9febf1210fce5c2bbbc1e4bfa8de31d1f26f68411bf643c19cf6b82c7b,b1566469811a639441c803823707d37869243aee262bf7342e18f7d764752bce,1024,False,parsed,W03-EXP-SENPAI-010,w05_senpai_from_w03_expanded,1.0.0,0.5,1.0,0,2909.254,0,meta-llama/Llama-3.1-8B-Instruct,0e9e39f249a16976918f6564b8830bc894c89659,Senpai,3263.164,False,complete,42,0.833333,cross_encoder,351.041,"[""INGEN-OFFICIAL-SENPAI-20260804::SENPAI-EXP-0038::child-001""]",W05::chunk-1024_topk-1_rerank-ce::W03-EXP-SENPAI-010,1,chunk-1024_topk-1_rerank-ce
0.0,a3f60ee81b5d12881016f4d7d2972e5abcb47e4c2af0792b58d6d8b7c786c3ff,bc089e94877939b251edf15a0f42902654f108b7bbb12a48880afdbbccfa635c,1024,False,parsed,W03-EXP-SENPAI-011,w05_senpai_from_w03_expanded,1.0.0,1.0,0.5,0,2390.801,0,meta-llama/Llama-3.1-8B-Instruct,0e9e39f249a16976918f6564b8830bc894c89659,Senpai,2789.179,False,complete,42,0.7,cross_encoder,396.027,"[""INGEN-OFFICIAL-SENPAI-20260804::SENPAI-EXP-0039::child-001""]",W05::chunk-1024_topk-1_rerank-ce::W03-EXP-SENPAI-011,1,chunk-1024_topk-1_rerank-ce
0.0,12d353378f8e2213ecc7f5070c0c1937ca7e2cf4cc54a1356c9470c7bbf98489,2b97aeccdf327605c468909508829ec8dd4a807a5d1922aeb5598c9e3f1f7434,1024,False,parsed,W03-EXP-SENPAI-012,w05_senpai_from_w03_expanded,1.0.0,0.333333,,0,341.596,0,meta-llama/Llama-3.1-8B-Instruct,0e9e39f249a16976918f6564b8830bc894c89659,Senpai,742.131,False,metric_failure_retained,42,0.857143,cross_encoder,398.163,"[""INGEN-OFFICIAL-SENPAI-20260804::SENPAI-EXP-0111::child-001""]",W05::chunk-1024_topk-1_rerank-ce::W03-EXP-SENPAI-012,1,chunk-1024_topk-1_rerank-ce
0.0,e2ddedf0ddf4a372fa00bc4b8e53d6adef80a5e03860fe57f18f50df6d3f5675,d3e90304bb6b59eb63ddd5f053951481c27ff876bd2bea1063fa2700b9909bfa,1024,False,parsed,W03-EXP-SENPAI-013,w05_senpai_from_w03_expanded,1.0.0,0.0,1.0,0,3594.506,0,meta-llama/Llama-3.1-8B-Instruct,0e9e39f249a16976918f6564b8830bc894c89659,Senpai,4006.053,False,complete,42,0.428571,cross_encoder,408.343,"[""INGEN-OFFICIAL-SENPAI-20260804::SENPAI-EXP-0157::child-001""]",W05::chunk-1024_topk-1_rerank-ce::W03-EXP-SENPAI-013,1,chunk-1024_topk-1_rerank-ce
0.780822116826759,830e1dc7e439c65a0ffd2546d3c3893625136c369d4b835c74e9af4622f4a58f,d940740372731b60c2aef8f6515c09c97cf4cb97dfecf4c2836b914968efb495,1024,False,parsed,W03-EXP-SENPAI-014,w05_senpai_from_w03_expanded,1.0.0,0.0,0.6666666666666666,0,3023.121,0,meta-llama/Llama-3.1-8B-Instruct,0e9e39f249a16976918f6564b8830bc894c89659,Senpai,3434.397,False,complete,42,0.5,cross_encoder,408.664,"[""INGEN-OFFICIAL-SENPAI-20260804::SENPAI-EXP-0143::child-001""]",W05::chunk-1024_topk-1_rerank-ce::W03-EXP-SENPAI-014,1,chunk-1024_topk-1_rerank-ce
0.4910733516669005,e67fe4fb879c1e6fc8288ddf177e816330ef8a9f2ec343cc9c4e3226a3be3a5d,d1869da6195992e6bd5d09de39b811bc872dfb1f2bae246ddfcb52ff498ff525,1024,False,parsed,W03-EXP-SENPAI-015,w05_senpai_from_w03_expanded,1.0.0,0.5,1.0,0,6173.952,0,meta-llama/Llama-3.1-8B-Instruct,0e9e39f249a16976918f6564b8830bc894c89659,Senpai,6484.973,False,complete,42,1.0,cross_encoder,308.24,"[""INGEN-OFFICIAL-SENPAI-20260804::SENPAI-EXP-0045::child-001""]",W05::chunk-1024_topk-1_rerank-ce::W03-EXP-SENPAI-015,1,chunk-1024_topk-1_rerank-ce
0.8138371387087471,624e1631497c558ce5d81553a1763dc34ff667228f00fc7d135ab212d217e5ab,f9c99f85a07d616b36873045c1781ec70ff03cf6ea0c56aa5c3ce3df32636f8e,1024,False,parsed,W03-EXP-SENPAI-016,w05_senpai_from_w03_expanded,1.0.0,0.333333,0.75,0,10002.571,0,meta-llama/Llama-3.1-8B-Instruct,0e9e39f249a16976918f6564b8830bc894c89659,Senpai,10440.632,False,complete,42,0.333333,cross_encoder,434.512,"[""INGEN-OFFICIAL-SENPAI-20260804::SENPAI-EXP-0153::child-001""]",W05::chunk-1024_topk-1_rerank-ce::W03-EXP-SENPAI-016,1,chunk-1024_topk-1_rerank-ce
0.0,ed5f5cf14f342426cf17860e27124c9c8ab7151070960219fcd5c5b0c291368f,59e51d67295d82c19da575e2197d784e99c249917e499417d5a4986156acc38c,1024,False,parsed,W03-EXP-SENPAI-017,w05_senpai_from_w03_expanded,1.0.0,0.5,1.0,0,6515.747,0,meta-llama/Llama-3.1-8B-Instruct,0e9e39f249a16976918f6564b8830bc894c89659,Senpai,6933.34,False,complete,42,0.4,cross_encoder,415.111,"[""INGEN-OFFICIAL-SENPAI-20260804::SENPAI-EXP-0010::child-001""]",W05::chunk-1024_topk-1_rerank-ce::W03-EXP-SENPAI-017,1,chunk-1024_topk-1_rerank-ce
0.0,3ce1b3c5578ebee3efb6906abebcf2280ed2af023db307ed75a86ef44073b470,2b97aeccdf327605c468909508829ec8dd4a807a5d1922aeb5598c9e3f1f7434,1024,False,parsed,W03-EXP-SENPAI-018,w05_senpai_from_w03_expanded,1.0.0,0.5,,0,340.489,0,meta-llama/Llama-3.1-8B-Instruct,0e9e39f249a16976918f6564b8830bc894c89659,Senpai,757.361,False,metric_failure_retained,42,0.333333,cross_encoder,414.659,"[""INGEN-OFFICIAL-SENPAI-20260804::SENPAI-EXP-0109::child-001""]",W05::chunk-1024_topk-1_rerank-ce::W03-EXP-SENPAI-018,1,chunk-1024_topk-1_rerank-ce
0.6420888700587454,41760f1e33f99f2c89f332cebae37b864de94b40f94a194de64b7b0b841f8cd4,048762f7f97616809e0f85423dfbdbe3aa3a5291bd886dc64eb795578d5ed301,1024,False,parsed,W03-EXP-SENPAI-019,w05_senpai_from_w03_expanded,1.0.0,0.5,1.0,0,2418.687,0,meta-llama/Llama-3.1-8B-Instruct,0e9e39f249a16976918f6564b8830bc894c89659,Senpai,2815.735,False,complete,42,1.0,cross_encoder,394.671,"[""INGEN-OFFICIAL-SENPAI-20260804::SENPAI-EXP-0114::child-001""]",W05::chunk-1024_topk-1_rerank-ce::W03-EXP-SENPAI-019,1,chunk-1024_topk-1_rerank-ce
0.8953677972022275,f23de19b7761baf1e86913f02dc44f08c0df962872e7430876a51d5986db620b,a2f3e8ad7b44a69564af85536a9a379aafb0d325c37ff73537c2d9483b12c7be,1024,False,parsed,W03-EXP-SENPAI-020,w05_senpai_from_w03_expanded,1.0.0,0.333333,0.75,0,2041.73,0,meta-llama/Llama-3.1-8B-Instruct,0e9e39f249a16976918f6564b8830bc894c89659,Senpai,2321.354,False,complete,42,1.0,cross_encoder,277.257,"[""INGEN-OFFICIAL-SENPAI-20260804::SENPAI-EXP-0086::child-001""]",W05::chunk-1024_topk-1_rerank-ce::W03-EXP-SENPAI-020,1,chunk-1024_topk-1_rerank-ce
0.0,8a903f12df693f40aa50f9109195e6cd02b51bc86e6e5fd7ef49a58383a8be30,8673d0b54b70c8a09dbda8d321c4165275ea758914ad8fa38bea50e7e0f82802,1024,True,parsed,W03-EXP-SENPAI-001,w05_senpai_from_w03_expanded,1.0.0,1.0,1.0,0,2369.688,0,meta-llama/Llama-3.1-8B-Instruct,0e9e39f249a16976918f6564b8830bc894c89659,Senpai,2454.052,True,complete,42,1.0,none,80.5,"[""INGEN-OFFICIAL-SENPAI-20260804::SENPAI-EXP-0001::child-001""]",W05::chunk-1024_topk-1_rerank-none::W03-EXP-SENPAI-001,1,chunk-1024_topk-1_rerank-none
0.670964825212831,15395cf8559af29dbfb5933eecd9ad65e3d34b24654ad1dcd500824293523abb,394bb06bfee188eb8b11802ef0a636f2850d17fe89027b9b393a25ea293d5265,1024,True,parsed,W03-EXP-SENPAI-002,w05_senpai_from_w03_expanded,1.0.0,0.5,0.8333333333333334,0,5879.438,0,meta-llama/Llama-3.1-8B-Instruct,0e9e39f249a16976918f6564b8830bc894c89659,Senpai,5979.341,True,complete,42,0.4,none,95.6,"[""INGEN-OFFICIAL-SENPAI-20260804::SENPAI-EXP-0002::child-001""]",W05::chunk-1024_topk-1_rerank-none::W03-EXP-SENPAI-002,1,chunk-1024_topk-1_rerank-none
0.9287563855622488,24a020f21e490fc452ef7048a2d5503fdcde1715ece2de0981de4e631b479c60,cc04f4b4b2715af40495674f6f9b21e264e016378d8edd9b84a86bb9260d0612,1024,True,parsed,W03-EXP-SENPAI-003,w05_senpai_from_w03_expanded,1.0.0,1.0,1.0,0,2218.606,0,meta-llama/Llama-3.1-8B-Instruct,0e9e39f249a16976918f6564b8830bc894c89659,Senpai,2325.666,True,complete,42,0.75,none,103.078,"[""INGEN-OFFICIAL-SENPAI-20260804::SENPAI-EXP-0003::child-001""]",W05::chunk-1024_topk-1_rerank-none::W03-EXP-SENPAI-003,1,chunk-1024_topk-1_rerank-none
0.8680726624114742,332d545996c7b38a342d0fb20dc836bbda332b033577795fd7f353bd19056a7e,5ea0c11d058602b989984b1cc73f80d518f9204fc116c9907175e0b507b17e1c,1024,True,parsed,W03-EXP-SENPAI-004,w05_senpai_from_w03_expanded,1.0.0,0.5,1.0,0,2253.691,0,meta-llama/Llama-3.1-8B-Instruct,0e9e39f249a16976918f6564b8830bc894c89659,Senpai,2384.951,True,complete,42,1.0,none,125.21,"[""INGEN-OFFICIAL-SENPAI-20260804::SENPAI-EXP-0017::child-001""]",W05::chunk-1024_topk-1_rerank-none::W03-EXP-SENPAI-004,1,chunk-1024_topk-1_rerank-none
0.0,468e3a140ee9b082db733e108c574fcb9bdfaa3aa764a46cb7c48cd55ad9cb6e,56abfbe8761457e112ac2143297732c3eb3417b196d236baae1f4fc9e0e95995,1024,True,parsed,W03-EXP-SENPAI-005,w05_senpai_from_w03_expanded,1.0.0,0.5,0.7142857142857143,0,2458.706,0,meta-llama/Llama-3.1-8B-Instruct,0e9e39f249a16976918f6564b8830bc894c89659,Senpai,2552.899,True,complete,42,0.8,none,89.27,"[""INGEN-OFFICIAL-SENPAI-20260804::SENPAI-EXP-0006::child-001""]",W05::chunk-1024_topk-1_rerank-none::W03-EXP-SENPAI-005,1,chunk-1024_topk-1_rerank-none
0.6417997682762698,2e0924848adc5a07828e67938a6a272d72b939b26d1c9c5c7639bc67defefa10,6f59f36ba16c86818a1d6f4db245db98a6a7d52bb432e53b5f4d2a80d51fd3ab,1024,True,parsed,W03-EXP-SENPAI-006,w05_senpai_from_w03_expanded,1.0.0,0.5,0.42857142857142855,0,6276.426,0,meta-llama/Llama-3.1-8B-Instruct,0e9e39f249a16976918f6564b8830bc894c89659,Senpai,6390.64,True,complete,42,1.0,none,107.321,"[""INGEN-OFFICIAL-SENPAI-20260804::SENPAI-EXP-0045::child-001""]",W05::chunk-1024_topk-1_rerank-none::W03-EXP-SENPAI-006,1,chunk-1024_topk-1_rerank-none
0.7744184293706335,e8f8b20ce685c5eed5713b4d0e724a1d8f1028779082cd6aa43d3c0488228d49,cad3e25fcbdf254ca07a04fbf119c73a5465e278bb78f8219ce70de87ba1fa35,1024,True,parsed,W03-EXP-SENPAI-007,w05_senpai_from_w03_expanded,1.0.0,1.0,1.0,0,1060.899,0,meta-llama/Llama-3.1-8B-Instruct,0e9e39f249a16976918f6564b8830bc894c89659,Senpai,1160.974,True,complete,42,1.0,none,96.601,"[""INGEN-OFFICIAL-SENPAI-20260804::SENPAI-EXP-0035::child-001""]",W05::chunk-1024_topk-1_rerank-none::W03-EXP-SENPAI-007,1,chunk-1024_topk-1_rerank-none
0.0,a92d6614bdfb06d73725464b3a95556e5992dfeb5d63755c27a422a6ca8beab0,149471908476e78371c86ae4ea534235872ca91e8dbdc2f45bd494f95a767174,1024,False,parsed,W03-EXP-SENPAI-008,w05_senpai_from_w03_expanded,1.0.0,0.0,0.6666666666666666,0,5253.657,0,meta-llama/Llama-3.1-8B-Instruct,0e9e39f249a16976918f6564b8830bc894c89659,Senpai,5337.475,False,complete,42,0.5,none,80.033,"[""INGEN-OFFICIAL-SENPAI-20260804::SENPAI-EXP-0147::child-001""]",W05::chunk-1024_topk-1_rerank-none::W03-EXP-SENPAI-008,1,chunk-1024_topk-1_rerank-none
0.7168437854028668,280111a7c449230a621678262b6f74e46b22dbbdf324dd59e708ed3d3150f8eb,f23831944a92eb7b4631cd292c68a0932d3162248a119bfa516bf2e673af5dfc,1024,True,parsed,W03-EXP-SENPAI-009,w05_senpai_from_w03_expanded,1.0.0,1.0,1.0,0,4091.465,0,meta-llama/Llama-3.1-8B-Instruct,0e9e39f249a16976918f6564b8830bc894c89659,Senpai,4200.513,True,complete,42,1.0,none,104.646,"[""INGEN-OFFICIAL-SENPAI-20260804::SENPAI-EXP-0037::child-001""]",W05::chunk-1024_topk-1_rerank-none::W03-EXP-SENPAI-009,1,chunk-1024_topk-1_rerank-none
0.0,dccf9a9febf1210fce5c2bbbc1e4bfa8de31d1f26f68411bf643c19cf6b82c7b,b1566469811a639441c803823707d37869243aee262bf7342e18f7d764752bce,1024,True,parsed,W03-EXP-SENPAI-010,w05_senpai_from_w03_expanded,1.0.0,0.5,1.0,0,2920.269,0,meta-llama/Llama-3.1-8B-Instruct,0e9e39f249a16976918f6564b8830bc894c89659,Senpai,3027.92,True,complete,42,0.833333,none,103.308,"[""INGEN-OFFICIAL-SENPAI-20260804::SENPAI-EXP-0038::child-001""]",W05::chunk-1024_topk-1_rerank-none::W03-EXP-SENPAI-010,1,chunk-1024_topk-1_rerank-none
0.0,a3f60ee81b5d12881016f4d7d2972e5abcb47e4c2af0792b58d6d8b7c786c3ff,bc089e94877939b251edf15a0f42902654f108b7bbb12a48880afdbbccfa635c,1024,True,parsed,W03-EXP-SENPAI-011,w05_senpai_from_w03_expanded,1.0.0,1.0,0.5,0,2396.412,0,meta-llama/Llama-3.1-8B-Instruct,0e9e39f249a16976918f6564b8830bc894c89659,Senpai,2484.617,True,complete,42,0.7,none,84.575,"[""INGEN-OFFICIAL-SENPAI-20260804::SENPAI-EXP-0039::child-001""]",W05::chunk-1024_topk-1_rerank-none::W03-EXP-SENPAI-011,1,chunk-1024_topk-1_rerank-none
0.0,12d353378f8e2213ecc7f5070c0c1937ca7e2cf4cc54a1356c9470c7bbf98489,2b97aeccdf327605c468909508829ec8dd4a807a5d1922aeb5598c9e3f1f7434,1024,True,parsed,W03-EXP-SENPAI-012,w05_senpai_from_w03_expanded,1.0.0,0.333333,,0,340.261,0,meta-llama/Llama-3.1-8B-Instruct,0e9e39f249a16976918f6564b8830bc894c89659,Senpai,415.137,False,metric_failure_retained,42,0.857143,none,71.823,"[""INGEN-OFFICIAL-SENPAI-20260804::SENPAI-EXP-0111::child-001""]",W05::chunk-1024_topk-1_rerank-none::W03-EXP-SENPAI-012,1,chunk-1024_topk-1_rerank-none
0.0,e2ddedf0ddf4a372fa00bc4b8e53d6adef80a5e03860fe57f18f50df6d3f5675,d3e90304bb6b59eb63ddd5f053951481c27ff876bd2bea1063fa2700b9909bfa,1024,True,parsed,W03-EXP-SENPAI-013,w05_senpai_from_w03_expanded,1.0.0,0.0,1.0,0,3596.268,0,meta-llama/Llama-3.1-8B-Instruct,0e9e39f249a16976918f6564b8830bc894c89659,Senpai,3686.769,True,complete,42,0.428571,none,86.087,"[""INGEN-OFFICIAL-SENPAI-20260804::SENPAI-EXP-0157::child-001""]",W05::chunk-1024_topk-1_rerank-none::W03-EXP-SENPAI-013,1,chunk-1024_topk-1_rerank-none
0.780822116826759,830e1dc7e439c65a0ffd2546d3c3893625136c369d4b835c74e9af4622f4a58f,d940740372731b60c2aef8f6515c09c97cf4cb97dfecf4c2836b914968efb495,1024,True,parsed,W03-EXP-SENPAI-014,w05_senpai_from_w03_expanded,1.0.0,0.0,0.6666666666666666,0,3026.427,0,meta-llama/Llama-3.1-8B-Instruct,0e9e39f249a16976918f6564b8830bc894c89659,Senpai,3128.155,True,complete,42,0.5,none,97.681,"[""INGEN-OFFICIAL-SENPAI-20260804::SENPAI-EXP-0143::child-001""]",W05::chunk-1024_topk-1_rerank-none::W03-EXP-SENPAI-014,1,chunk-1024_topk-1_rerank-none
0.4910733516669005,e67fe4fb879c1e6fc8288ddf177e816330ef8a9f2ec343cc9c4e3226a3be3a5d,d1869da6195992e6bd5d09de39b811bc872dfb1f2bae246ddfcb52ff498ff525,1024,True,parsed,W03-EXP-SENPAI-015,w05_senpai_from_w03_expanded,1.0.0,0.5,1.0,0,6173.304,0,meta-llama/Llama-3.1-8B-Instruct,0e9e39f249a16976918f6564b8830bc894c89659,Senpai,6283.123,True,complete,42,1.0,none,105.899,"[""INGEN-OFFICIAL-SENPAI-20260804::SENPAI-EXP-0045::child-001""]",W05::chunk-1024_topk-1_rerank-none::W03-EXP-SENPAI-015,1,chunk-1024_topk-1_rerank-none
0.0,4e93bf668239846a6bcd8a18b0aed802e73687a991ecceb69b7f8e7a50e5a008,3cfc3d94aa816055bf2c35b8f333ac051b58296116c74fce4fdae03c8f2767f4,1024,False,parsed,W03-EXP-SENPAI-016,w05_senpai_from_w03_expanded,1.0.0,0.333333,0.7272727272727273,0,8702.734,0,meta-llama/Llama-3.1-8B-Instruct,0e9e39f249a16976918f6564b8830bc894c89659,Senpai,8797.678,False,complete,42,0.833333,none,90.933,"[""INGEN-OFFICIAL-SENPAI-20260804::SENPAI-EXP-0155::child-001""]",W05::chunk-1024_topk-1_rerank-none::W03-EXP-SENPAI-016,1,chunk-1024_topk-1_rerank-none
0.0,ed5f5cf14f342426cf17860e27124c9c8ab7151070960219fcd5c5b0c291368f,59e51d67295d82c19da575e2197d784e99c249917e499417d5a4986156acc38c,1024,True,parsed,W03-EXP-SENPAI-017,w05_senpai_from_w03_expanded,1.0.0,0.5,1.0,0,6524.401,0,meta-llama/Llama-3.1-8B-Instruct,0e9e39f249a16976918f6564b8830bc894c89659,Senpai,6626.391,True,complete,42,0.4,none,97.681,"[""INGEN-OFFICIAL-SENPAI-20260804::SENPAI-EXP-0010::child-001""]",W05::chunk-1024_topk-1_rerank-none::W03-EXP-SENPAI-017,1,chunk-1024_topk-1_rerank-none
0.0,359d6583ea913abcdf21bea1603b2ffa3d8f478982a3de11d5cec6383888e955,2b97aeccdf327605c468909508829ec8dd4a807a5d1922aeb5598c9e3f1f7434,1024,True,parsed,W03-EXP-SENPAI-018,w05_senpai_from_w03_expanded,1.0.0,0.5,,0,340.328,0,meta-llama/Llama-3.1-8B-Instruct,0e9e39f249a16976918f6564b8830bc894c89659,Senpai,420.18,False,metric_failure_retained,42,0.333333,none,76.381,"[""INGEN-OFFICIAL-SENPAI-20260804::SENPAI-EXP-0110::child-001""]",W05::chunk-1024_topk-1_rerank-none::W03-EXP-SENPAI-018,1,chunk-1024_topk-1_rerank-none
0.6420888700587454,41760f1e33f99f2c89f332cebae37b864de94b40f94a194de64b7b0b841f8cd4,048762f7f97616809e0f85423dfbdbe3aa3a5291bd886dc64eb795578d5ed301,1024,True,parsed,W03-EXP-SENPAI-019,w05_senpai_from_w03_expanded,1.0.0,0.5,1.0,0,2419.19,0,meta-llama/Llama-3.1-8B-Instruct,0e9e39f249a16976918f6564b8830bc894c89659,Senpai,2520.213,True,complete,42,1.0,none,97.324,"[""INGEN-OFFICIAL-SENPAI-20260804::SENPAI-EXP-0114::child-001""]",W05::chunk-1024_topk-1_rerank-none::W03-EXP-SENPAI-019,1,chunk-1024_topk-1_rerank-none
0.8953677972022275,f23de19b7761baf1e86913f02dc44f08c0df962872e7430876a51d5986db620b,a2f3e8ad7b44a69564af85536a9a379aafb0d325c37ff73537c2d9483b12c7be,1024,True,parsed,W03-EXP-SENPAI-020,w05_senpai_from_w03_expanded,1.0.0,0.333333,0.75,0,2042.917,0,meta-llama/Llama-3.1-8B-Instruct,0e9e39f249a16976918f6564b8830bc894c89659,Senpai,2154.518,True,complete,42,1.0,none,107.435,"[""INGEN-OFFICIAL-SENPAI-20260804::SENPAI-EXP-0086::child-001""]",W05::chunk-1024_topk-1_rerank-none::W03-EXP-SENPAI-020,1,chunk-1024_topk-1_rerank-none
0.0,f9cec7c6c714f692ae1d10752d14c295389551f486ce18e0cac60946247dba76,bda30fd184f8d73a8845c18564cb3e842660ba516cc8cc8b5cb4f7270c4cb780,256,False,parsed,W03-EXP-SENPAI-001,w05_senpai_from_w03_expanded,1.0.0,1.0,0.4,0,3434.654,0,meta-llama/Llama-3.1-8B-Instruct,0e9e39f249a16976918f6564b8830bc894c89659,Senpai,3551.465,False,complete,42,1.0,none,109.077,"[""INGEN-OFFICIAL-SENPAI-20260804::SENPAI-EXP-0001::child-001"", ""INGEN-OFFICIAL-SENPAI-20260804::SENPAI-EXP-0108::child-001"", ""INGEN-OFFICIAL-SENPAI-20260804::SENPAI-EXP-0107::child-001"", ""INGEN-OFFICIAL-SENPAI-20260804::SENPAI-EXP-0105::child-001"", ""INGEN-OFFICIAL-SENPAI-20260804::SENPAI-EXP-0106::child-001""]",W05::chunk-256_topk-5_rerank-none::W03-EXP-SENPAI-001,5,chunk-256_topk-5_rerank-none
0.9771038554107029,7e53a9aab8f085ebb6c1d91eac5bb71061fef7a152b9fbd22e7af2ae0c29c951,0261243599508f265963cf15d0aefc2c622d828f09e16d008f5467dd51bb265c,256,False,parsed,W03-EXP-SENPAI-002,w05_senpai_from_w03_expanded,1.0.0,1.0,1.0,0,7315.462,0,meta-llama/Llama-3.1-8B-Instruct,0e9e39f249a16976918f6564b8830bc894c89659,Senpai,7402.977,False,complete,42,1.0,none,79.946,"[""INGEN-OFFICIAL-SENPAI-20260804::SENPAI-EXP-0002::child-001"", ""INGEN-OFFICIAL-SENPAI-20260804::SENPAI-EXP-0005::child-001"", ""INGEN-OFFICIAL-SENPAI-20260804::SENPAI-EXP-0148::child-001"", ""INGEN-OFFICIAL-SENPAI-20260804::SENPAI-EXP-0025::child-001"", ""INGEN-OFFICIAL-SENPAI-20260804::SENPAI-EXP-0156::child-001""]",W05::chunk-256_topk-5_rerank-none::W03-EXP-SENPAI-002,5,chunk-256_topk-5_rerank-none
0.9547218835020277,8465703140eccb7c3c322940648bd2d92b5325547eb5fadbf3b76fff3826bc43,1c8525dfdb7b5342ee316a15f1c941f1d521b68cd26421846e84c0428b464331,256,False,parsed,W03-EXP-SENPAI-003,w05_senpai_from_w03_expanded,1.0.0,1.0,1.0,0,2325.286,0,meta-llama/Llama-3.1-8B-Instruct,0e9e39f249a16976918f6564b8830bc894c89659,Senpai,2423.696,False,complete,42,0.75,none,91.906,"[""INGEN-OFFICIAL-SENPAI-20260804::SENPAI-EXP-0003::child-001"", ""INGEN-OFFICIAL-SENPAI-20260804::SENPAI-EXP-0127::child-001"", ""INGEN-OFFICIAL-SENPAI-20260804::SENPAI-EXP-0107::child-001"", ""INGEN-OFFICIAL-SENPAI-20260804::SENPAI-EXP-0102::child-001"", ""INGEN-OFFICIAL-SENPAI-20260804::SENPAI-EXP-0037::child-001""]",W05::chunk-256_topk-5_rerank-none::W03-EXP-SENPAI-003,5,chunk-256_topk-5_rerank-none
0.8780203751385506,bbb7399210e8d8c5790b86b2a9327c331567ff6b8b1ff6b24efbf4e1c62e8a2e,51f675361ad09aa3c8f16768fd98c7369c4059cec414a98be47485cba45d3668,256,False,parsed,W03-EXP-SENPAI-004,w05_senpai_from_w03_expanded,1.0.0,1.0,1.0,0,2565.841,0,meta-llama/Llama-3.1-8B-Instruct,0e9e39f249a16976918f6564b8830bc894c89659,Senpai,2668.585,False,complete,42,1.0,none,95.908,"[""INGEN-OFFICIAL-SENPAI-20260804::SENPAI-EXP-0017::child-001"", ""INGEN-OFFICIAL-SENPAI-20260804::SENPAI-EXP-0004::child-001"", ""INGEN-OFFICIAL-SENPAI-20260804::SENPAI-EXP-0006::child-001"", ""INGEN-OFFICIAL-SENPAI-20260804::SENPAI-EXP-0111::child-001"", ""INGEN-OFFICIAL-SENPAI-20260804::SENPAI-EXP-0120::child-001""]",W05::chunk-256_topk-5_rerank-none::W03-EXP-SENPAI-004,5,chunk-256_topk-5_rerank-none
0.8140493296117217,f2a0a31be10b2222e1e2967905eddc612b2afa62f8c7d50f0eff361141839185,79fb0d35ff3c229a8baada206fdbdc1b67586ceb64594f459465fda483eb7270,256,False,parsed,W03-EXP-SENPAI-005,w05_senpai_from_w03_expanded,1.0.0,0.5,1.0,0,3154.189,0,meta-llama/Llama-3.1-8B-Instruct,0e9e39f249a16976918f6564b8830bc894c89659,Senpai,3240.727,False,complete,42,0.8,none,80.575,"[""INGEN-OFFICIAL-SENPAI-20260804::SENPAI-EXP-0006::child-001"", ""INGEN-OFFICIAL-SENPAI-20260804::SENPAI-EXP-0128::child-001"", ""INGEN-OFFICIAL-SENPAI-20260804::SENPAI-EXP-0162::child-001"", ""INGEN-OFFICIAL-SENPAI-20260804::SENPAI-EXP-0170::child-001"", ""INGEN-OFFICIAL-SENPAI-20260804::SENPAI-EXP-0053::child-001""]",W05::chunk-256_topk-5_rerank-none::W03-EXP-SENPAI-005,5,chunk-256_topk-5_rerank-none
0.6175768547722235,e79d5c6a7cc7210374efa2f1fd4a9d5acf6f472c7628c5c8f6447012b195257d,6c12cd16acc88f801a3adb7bbcb5faa3f9e64f07d5a3954eb5238f8a8ba736b1,256,False,parsed,W03-EXP-SENPAI-006,w05_senpai_from_w03_expanded,1.0.0,1.0,0.6666666666666666,0,11421.679,0,meta-llama/Llama-3.1-8B-Instruct,0e9e39f249a16976918f6564b8830bc894c89659,Senpai,11508.894,False,complete,42,1.0,none,80.911,"[""INGEN-OFFICIAL-SENPAI-20260804::SENPAI-EXP-0045::child-001"", ""INGEN-OFFICIAL-SENPAI-20260804::SENPAI-EXP-0034::child-001"", ""INGEN-OFFICIAL-SENPAI-20260804::SENPAI-EXP-0151::child-001"", ""INGEN-OFFICIAL-SENPAI-20260804::SENPAI-EXP-0085::child-001"", ""INGEN-OFFICIAL-SENPAI-20260804::SENPAI-EXP-0039::child-001""]",W05::chunk-256_topk-5_rerank-none::W03-EXP-SENPAI-006,5,chunk-256_topk-5_rerank-none
0.6147632215026491,c0abe55cb8c2c99a9932d6e0a8fe6bce2dd7b87b3d670a5c77689fe8974cfa99,f7d2a9f1a389030788dff3130ad3cc40a8f7e5af348cf884db8bc4ca445db66c,256,False,parsed,W03-EXP-SENPAI-007,w05_senpai_from_w03_expanded,1.0.0,1.0,1.0,0,1178.678,0,meta-llama/Llama-3.1-8B-Instruct,0e9e39f249a16976918f6564b8830bc894c89659,Senpai,1374.438,False,complete,42,0.6,none,185.682,"[""INGEN-OFFICIAL-SENPAI-20260804::SENPAI-EXP-0035::child-001"", ""INGEN-OFFICIAL-SENPAI-20260804::SENPAI-EXP-0039::child-001"", ""INGEN-OFFICIAL-SENPAI-20260804::SENPAI-EXP-0044::child-001"", ""INGEN-OFFICIAL-SENPAI-20260804::SENPAI-EXP-0034::child-001"", ""INGEN-OFFICIAL-SENPAI-20260804::SENPAI-EXP-0067::child-001""]",W05::chunk-256_topk-5_rerank-none::W03-EXP-SENPAI-007,5,chunk-256_topk-5_rerank-none
0.633595547371105,c27a40df2480aba8c3631438d574d8ae488b2a9431b7d4dba348dbcba062e47b,82161795e62ddf4d7128ebd2a5e5089ed56eb7c8c2aa80795e4d24f8766ba42f,256,False,parsed,W03-EXP-SENPAI-008,w05_senpai_from_w03_expanded,1.0.0,0.666667,1.0,0,9340.186,0,meta-llama/Llama-3.1-8B-Instruct,0e9e39f249a16976918f6564b8830bc894c89659,Senpai,9542.985,False,complete,42,1.0,none,191.444,"[""INGEN-OFFICIAL-SENPAI-20260804::SENPAI-EXP-0147::child-001"", ""INGEN-OFFICIAL-SENPAI-20260804::SENPAI-EXP-0036::child-001"", ""INGEN-OFFICIAL-SENPAI-20260804::SENPAI-EXP-0042::child-001"", ""INGEN-OFFICIAL-SENPAI-20260804::SENPAI-EXP-0007::child-001"", ""INGEN-OFFICIAL-SENPAI-20260804::SENPAI-EXP-0114::child-001""]",W05::chunk-256_topk-5_rerank-none::W03-EXP-SENPAI-008,5,chunk-256_topk-5_rerank-none
0.708600306812247,190ba71b613c1f7f039dadda5aa6d7c94b07b88ba4306e2d353ae2cc387c4986,14aa05371ba7dddcc4d045a967be86bb97f8a5bf3c11a8463d0efefcf51c5363,256,False,parsed,W03-EXP-SENPAI-009,w05_senpai_from_w03_expanded,1.0.0,1.0,1.0,0,6691.412,0,meta-llama/Llama-3.1-8B-Instruct,0e9e39f249a16976918f6564b8830bc894c89659,Senpai,6878.806,False,complete,42,1.0,none,176.814,"[""INGEN-OFFICIAL-SENPAI-20260804::SENPAI-EXP-0037::child-001"", ""INGEN-OFFICIAL-SENPAI-20260804::SENPAI-EXP-0038::child-001"", ""INGEN-OFFICIAL-SENPAI-20260804::SENPAI-EXP-0063::child-001"", ""INGEN-OFFICIAL-SENPAI-20260804::SENPAI-EXP-0127::child-001"", ""INGEN-OFFICIAL-SENPAI-20260804::SENPAI-EXP-0085::child-001""]",W05::chunk-256_topk-5_rerank-none::W03-EXP-SENPAI-009,5,chunk-256_topk-5_rerank-none
0.0,25c08d4dd8078e20a739a66aa9d659cf20730052045760a7b7a50730b3d11cf5,397c35f0d16a72d2a1da664909bdd5b402348514e4ab1cbea1924e748b04ad0c,256,False,parsed,W03-EXP-SENPAI-010,w05_senpai_from_w03_expanded,1.0.0,1.0,1.0,0,9245.77,0,meta-llama/Llama-3.1-8B-Instruct,0e9e39f249a16976918f6564b8830bc894c89659,Senpai,9465.101,False,complete,42,1.0,none,207.993,"[""INGEN-OFFICIAL-SENPAI-20260804::SENPAI-EXP-0038::child-001"", ""INGEN-OFFICIAL-SENPAI-20260804::SENPAI-EXP-0048::child-001"", ""INGEN-OFFICIAL-SENPAI-20260804::SENPAI-EXP-0066::child-001"", ""INGEN-OFFICIAL-SENPAI-20260804::SENPAI-EXP-0151::child-001"", ""INGEN-OFFICIAL-SENPAI-20260804::SENPAI-EXP-0063::child-001""]",W05::chunk-256_topk-5_rerank-none::W03-EXP-SENPAI-010,5,chunk-256_topk-5_rerank-none
0.0,8ee6024053627d35b951ddb18cbc5cdce8366bb682c5d2ddd4881b323bb06934,f503bc72d2cf0bf76a79969c5c22eb0672b318c35b91091cf0740e3f679e22c6,256,False,parsed,W03-EXP-SENPAI-011,w05_senpai_from_w03_expanded,1.0.0,1.0,1.0,0,6325.25,0,meta-llama/Llama-3.1-8B-Instruct,0e9e39f249a16976918f6564b8830bc894c89659,Senpai,6443.908,False,complete,42,1.0,none,112.366,"[""INGEN-OFFICIAL-SENPAI-20260804::SENPAI-EXP-0039::child-001"", ""INGEN-OFFICIAL-SENPAI-20260804::SENPAI-EXP-0013::child-001"", ""INGEN-OFFICIAL-SENPAI-20260804::SENPAI-EXP-0151::child-001"", ""INGEN-OFFICIAL-SENPAI-20260804::SENPAI-EXP-0165::child-001"", ""INGEN-OFFICIAL-SENPAI-20260804::SENPAI-EXP-0012::child-001""]",W05::chunk-256_topk-5_rerank-none::W03-EXP-SENPAI-011,5,chunk-256_topk-5_rerank-none
0.5848137742373049,6de068d0fcc2c9feb362a4fa551d3c109fbfcb375ab13a77a16285be3abe2999,1bc9bb7f0a7c90bc5c4435ce8970e45053488fd87bd9fb30a15d2dd9acf71bab,256,False,parsed,W03-EXP-SENPAI-012,w05_senpai_from_w03_expanded,1.0.0,0.666667,1.0,0,9081.254,0,meta-llama/Llama-3.1-8B-Instruct,0e9e39f249a16976918f6564b8830bc894c89659,Senpai,9158.215,False,complete,42,1.0,none,71.352,"[""INGEN-OFFICIAL-SENPAI-20260804::SENPAI-EXP-0111::child-001"", ""INGEN-OFFICIAL-SENPAI-20260804::SENPAI-EXP-0023::child-001"", ""INGEN-OFFICIAL-SENPAI-20260804::SENPAI-EXP-0006::child-001"", ""INGEN-OFFICIAL-SENPAI-20260804::SENPAI-EXP-0115::child-001"", ""INGEN-OFFICIAL-SENPAI-20260804::SENPAI-EXP-0043::child-001""]",W05::chunk-256_topk-5_rerank-none::W03-EXP-SENPAI-012,5,chunk-256_topk-5_rerank-none
0.0,f02f9065a9bb0cd848d7f22461440c2cf57869842b3923e107a70ee82537ea2b,84c870afd66f4e0be06df739e595a2326342fbb85b049a33210b02de89e3c587,256,False,parsed,W03-EXP-SENPAI-013,w05_senpai_from_w03_expanded,1.0.0,0.25,0.75,0,8439.856,0,meta-llama/Llama-3.1-8B-Instruct,0e9e39f249a16976918f6564b8830bc894c89659,Senpai,8621.136,False,complete,42,1.0,none,169.595,"[""INGEN-OFFICIAL-SENPAI-20260804::SENPAI-EXP-0157::child-001"", ""INGEN-OFFICIAL-SENPAI-20260804::SENPAI-EXP-0019::child-001"", ""INGEN-OFFICIAL-SENPAI-20260804::SENPAI-EXP-0127::child-001"", ""INGEN-OFFICIAL-SENPAI-20260804::SENPAI-EXP-0119::child-001"", ""INGEN-OFFICIAL-SENPAI-20260804::SENPAI-EXP-0120::child-001""]",W05::chunk-256_topk-5_rerank-none::W03-EXP-SENPAI-013,5,chunk-256_topk-5_rerank-none
0.7738095312285477,825068e6ee3eba801ed1ab7b2df17ee13f5680f296adf0d6e9a94353e986b280,3da6c5fe9ff4bd188b9acabd10b0f265afc7b22a621f338c8884a3c916584b8a,256,False,parsed,W03-EXP-SENPAI-014,w05_senpai_from_w03_expanded,1.0.0,0.666667,0.6666666666666666,0,3541.888,0,meta-llama/Llama-3.1-8B-Instruct,0e9e39f249a16976918f6564b8830bc894c89659,Senpai,3659.776,False,complete,42,0.833333,none,110.908,"[""INGEN-OFFICIAL-SENPAI-20260804::SENPAI-EXP-0143::child-001"", ""INGEN-OFFICIAL-SENPAI-20260804::SENPAI-EXP-0144::child-001"", ""INGEN-OFFICIAL-SENPAI-20260804::SENPAI-EXP-0142::child-001"", ""INGEN-OFFICIAL-SENPAI-20260804::SENPAI-EXP-0129::child-001"", ""INGEN-OFFICIAL-SENPAI-20260804::SENPAI-EXP-0132::child-001""]",W05::chunk-256_topk-5_rerank-none::W03-EXP-SENPAI-014,5,chunk-256_topk-5_rerank-none
0.7736057668039505,3db2844bb516d523e582d2448d2aaf650d16cfb4d34edd9bcbaf4cb36507fdae,37c374d0536fc2d58eb9cf0e1feddb56d5dbc2872be7a366b386881341bdc1be,256,False,parsed,W03-EXP-SENPAI-015,w05_senpai_from_w03_expanded,1.0.0,1.0,1.0,0,7441.007,0,meta-llama/Llama-3.1-8B-Instruct,0e9e39f249a16976918f6564b8830bc894c89659,Senpai,7590.487,False,complete,42,1.0,none,140.681,"[""INGEN-OFFICIAL-SENPAI-20260804::SENPAI-EXP-0045::child-001"", ""INGEN-OFFICIAL-SENPAI-20260804::SENPAI-EXP-0020::child-001"", ""INGEN-OFFICIAL-SENPAI-20260804::SENPAI-EXP-0031::child-001"", ""INGEN-OFFICIAL-SENPAI-20260804::SENPAI-EXP-0169::child-001"", ""INGEN-OFFICIAL-SENPAI-20260804::SENPAI-EXP-0125::child-001""]",W05::chunk-256_topk-5_rerank-none::W03-EXP-SENPAI-015,5,chunk-256_topk-5_rerank-none
0.8005838085113567,3053ef904b30cc4e73555a71f5439b645c322bf73eab0f16b20802ba1f67b722,09f191eab03d8697834618d538256ebdcfdbdbe6fcb7e88b9a406bd09fe1689b,256,False,parsed,W03-EXP-SENPAI-016,w05_senpai_from_w03_expanded,1.0.0,1.0,1.0,0,11574.201,0,meta-llama/Llama-3.1-8B-Instruct,0e9e39f249a16976918f6564b8830bc894c89659,Senpai,11702.136,False,complete,42,0.666667,none,118.027,"[""INGEN-OFFICIAL-SENPAI-20260804::SENPAI-EXP-0155::child-001"", ""INGEN-OFFICIAL-SENPAI-20260804::SENPAI-EXP-0153::child-001"", ""INGEN-OFFICIAL-SENPAI-20260804::SENPAI-EXP-0154::child-001"", ""INGEN-OFFICIAL-SENPAI-20260804::SENPAI-EXP-0098::child-001"", ""INGEN-OFFICIAL-SENPAI-20260804::SENPAI-EXP-0051::child-001""]",W05::chunk-256_topk-5_rerank-none::W03-EXP-SENPAI-016,5,chunk-256_topk-5_rerank-none
0.9138539452357449,6e1993bd3803b880abbd167c0fa1980a63e0749e6ac7251c13146004b46085d9,b3fbdd8ab8a1370e6dd41b415e886fe08500a7573aa199f9fe34d830fb072ad7,256,False,parsed,W03-EXP-SENPAI-017,w05_senpai_from_w03_expanded,1.0.0,1.0,1.0,0,6458.642,0,meta-llama/Llama-3.1-8B-Instruct,0e9e39f249a16976918f6564b8830bc894c89659,Senpai,6561.427,True,complete,42,1.0,none,95.7,"[""INGEN-OFFICIAL-SENPAI-20260804::SENPAI-EXP-0010::child-001"", ""INGEN-OFFICIAL-SENPAI-20260804::SENPAI-EXP-0026::child-001"", ""INGEN-OFFICIAL-SENPAI-20260804::SENPAI-EXP-0155::child-001"", ""INGEN-OFFICIAL-SENPAI-20260804::SENPAI-EXP-0118::child-001"", ""INGEN-OFFICIAL-SENPAI-20260804::SENPAI-EXP-0121::child-001""]",W05::chunk-256_topk-5_rerank-none::W03-EXP-SENPAI-017,5,chunk-256_topk-5_rerank-none
0.9623297514999786,e80511c1aa2ece11204e97c859b30cd5f15025edbfd1f01a69f6c8c864aafd0e,8c844c57ece52f8bbe72fd790976ed81964fcb0018af0a58bcfed48ce7f0cdce,256,False,parsed,W03-EXP-SENPAI-018,w05_senpai_from_w03_expanded,1.0.0,1.0,1.0,0,9025.194,0,meta-llama/Llama-3.1-8B-Instruct,0e9e39f249a16976918f6564b8830bc894c89659,Senpai,9121.836,False,complete,42,1.0,none,89.785,"[""INGEN-OFFICIAL-SENPAI-20260804::SENPAI-EXP-0110::child-001"", ""INGEN-OFFICIAL-SENPAI-20260804::SENPAI-EXP-0109::child-001"", ""INGEN-OFFICIAL-SENPAI-20260804::SENPAI-EXP-0022::child-001"", ""INGEN-OFFICIAL-SENPAI-20260804::SENPAI-EXP-0021::child-001"", ""INGEN-OFFICIAL-SENPAI-20260804::SENPAI-EXP-0170::child-001""]",W05::chunk-256_topk-5_rerank-none::W03-EXP-SENPAI-018,5,chunk-256_topk-5_rerank-none
0.7495356799246661,8108ada7e0eb7a90ceca19c04b20d8cb91dbc6a503d6eb5174f439bd731cfe2a,961bb4dcfe7450d83b0ef778162bc8d2efcd69d81656653c6e21e0394a2ff73e,256,False,parsed,W03-EXP-SENPAI-019,w05_senpai_from_w03_expanded,1.0.0,0.5,1.0,0,8116.939,0,meta-llama/Llama-3.1-8B-Instruct,0e9e39f249a16976918f6564b8830bc894c89659,Senpai,8227.52,False,complete,42,1.0,none,101.976,"[""INGEN-OFFICIAL-SENPAI-20260804::SENPAI-EXP-0114::child-001"", ""INGEN-OFFICIAL-SENPAI-20260804::SENPAI-EXP-0025::child-001"", ""INGEN-OFFICIAL-SENPAI-20260804::SENPAI-EXP-0007::child-001"", ""INGEN-OFFICIAL-SENPAI-20260804::SENPAI-EXP-0147::child-001"", ""INGEN-OFFICIAL-SENPAI-20260804::SENPAI-EXP-0042::child-001""]",W05::chunk-256_topk-5_rerank-none::W03-EXP-SENPAI-019,5,chunk-256_topk-5_rerank-none
0.874207682658631,19883fa6150198b3bed8aa2d4f4fadb842705442a7eedb8e6db8355e3e9a337d,f909e22feb1a5f51427fc4064729e47614b26aacaf5cc52e817f917112db7a08,256,False,parsed,W03-EXP-SENPAI-020,w05_senpai_from_w03_expanded,1.0.0,1.0,0.6666666666666666,0,6772.552,0,meta-llama/Llama-3.1-8B-Instruct,0e9e39f249a16976918f6564b8830bc894c89659,Senpai,6888.252,False,complete,42,1.0,none,109.215,"[""INGEN-OFFICIAL-SENPAI-20260804::SENPAI-EXP-0086::child-001"", ""INGEN-OFFICIAL-SENPAI-20260804::SENPAI-EXP-0087::child-001"", ""INGEN-OFFICIAL-SENPAI-20260804::SENPAI-EXP-0001::child-001"", ""INGEN-OFFICIAL-SENPAI-20260804::SENPAI-EXP-0056::child-001"", ""INGEN-OFFICIAL-SENPAI-20260804::SENPAI-EXP-0052::child-001""]",W05::chunk-256_topk-5_rerank-none::W03-EXP-SENPAI-020,5,chunk-256_topk-5_rerank-none
0.0,57a17e21d323689379f4b2ddcab39b300f7be956ad236f7e5e05a36da6a54307,9ed2e740ab688a1a8b3aef33a689841f1e777fdd55a3fd1b8320feed8d3fbaea,512,False,parsed,W03-EXP-SENPAI-001,w05_senpai_from_w03_expanded,1.0.0,1.0,0.5,0,5687.082,0,meta-llama/Llama-3.1-8B-Instruct,0e9e39f249a16976918f6564b8830bc894c89659,Senpai,6147.945,False,complete,42,1.0,cross_encoder,457.053,"[""INGEN-OFFICIAL-SENPAI-20260804::SENPAI-EXP-0001::child-001"", ""INGEN-OFFICIAL-SENPAI-20260804::SENPAI-EXP-0108::child-001"", ""INGEN-OFFICIAL-SENPAI-20260804::SENPAI-EXP-0028::child-001""]",W05::chunk-512_topk-3_rerank-ce::W03-EXP-SENPAI-001,3,chunk-512_topk-3_rerank-ce
0.9771038554107029,07f87d63c466ea9cddc3669acb31a723be40c093add13b63af3691c16b808f2b,25cb894b67ec8071b6893ffd909becb897a0c60438247b1159caf8b1b41ba742,512,False,parsed,W03-EXP-SENPAI-002,w05_senpai_from_w03_expanded,1.0.0,1.0,1.0,0,5988.455,0,meta-llama/Llama-3.1-8B-Instruct,0e9e39f249a16976918f6564b8830bc894c89659,Senpai,6440.434,False,complete,42,1.0,cross_encoder,448.094,"[""INGEN-OFFICIAL-SENPAI-20260804::SENPAI-EXP-0002::child-001"", ""INGEN-OFFICIAL-SENPAI-20260804::SENPAI-EXP-0156::child-001"", ""INGEN-OFFICIAL-SENPAI-20260804::SENPAI-EXP-0005::child-001""]",W05::chunk-512_topk-3_rerank-ce::W03-EXP-SENPAI-002,3,chunk-512_topk-3_rerank-ce
0.9547218835020277,5c12800df7e819eafee6eadb86d8fcb9664ae0f8b8aecbf727029bbaacf80324,1c8525dfdb7b5342ee316a15f1c941f1d521b68cd26421846e84c0428b464331,512,True,parsed,W03-EXP-SENPAI-003,w05_senpai_from_w03_expanded,1.0.0,1.0,0.8571428571428571,0,2294.519,0,meta-llama/Llama-3.1-8B-Instruct,0e9e39f249a16976918f6564b8830bc894c89659,Senpai,2690.113,False,complete,42,0.75,cross_encoder,392.268,"[""INGEN-OFFICIAL-SENPAI-20260804::SENPAI-EXP-0003::child-001"", ""INGEN-OFFICIAL-SENPAI-20260804::SENPAI-EXP-0004::child-001"", ""INGEN-OFFICIAL-SENPAI-20260804::SENPAI-EXP-0107::child-001""]",W05::chunk-512_topk-3_rerank-ce::W03-EXP-SENPAI-003,3,chunk-512_topk-3_rerank-ce
0.6719689180866171,a10ed768bc66bda75b064f83490639a54b86f5b997e49ae97f338b970748edd2,51904fd20409c07111abb78f8c84b5a190be953495f9e26eb09d64a3e3fce9d4,512,False,parsed,W03-EXP-SENPAI-004,w05_senpai_from_w03_expanded,1.0.0,1.0,1.0,0,4791.289,0,meta-llama/Llama-3.1-8B-Instruct,0e9e39f249a16976918f6564b8830bc894c89659,Senpai,5182.946,False,complete,42,1.0,cross_encoder,388.304,"[""INGEN-OFFICIAL-SENPAI-20260804::SENPAI-EXP-0017::child-001"", ""INGEN-OFFICIAL-SENPAI-20260804::SENPAI-EXP-0004::child-001"", ""INGEN-OFFICIAL-SENPAI-20260804::SENPAI-EXP-0016::child-001""]",W05::chunk-512_topk-3_rerank-ce::W03-EXP-SENPAI-004,3,chunk-512_topk-3_rerank-ce
0.923831879977166,fbe2f25234d449d16711dffdde59b3bf3c48030f617728ea162bce23011a67d0,46d03d0bb20621fb5401ec5829b6af08e6368ba9ee43438b2598593d1309299f,512,False,parsed,W03-EXP-SENPAI-005,w05_senpai_from_w03_expanded,1.0.0,0.5,1.0,0,2356.209,0,meta-llama/Llama-3.1-8B-Instruct,0e9e39f249a16976918f6564b8830bc894c89659,Senpai,2775.171,False,complete,42,0.8,cross_encoder,415.439,"[""INGEN-OFFICIAL-SENPAI-20260804::SENPAI-EXP-0006::child-001"", ""INGEN-OFFICIAL-SENPAI-20260804::SENPAI-EXP-0030::child-001"", ""INGEN-OFFICIAL-SENPAI-20260804::SENPAI-EXP-0128::child-001""]",W05::chunk-512_topk-3_rerank-ce::W03-EXP-SENPAI-005,3,chunk-512_topk-3_rerank-ce
0.630941517715588,6442d173a288e50982121c808c62c1d4709553c8fd79eb68dfded55cadbd0dd8,3057dd673989b989e336afa5068dd297b96bb518a4986e2ae52ddcaab80a1b5a,512,False,parsed,W03-EXP-SENPAI-006,w05_senpai_from_w03_expanded,1.0.0,1.0,1.0,0,4185.786,0,meta-llama/Llama-3.1-8B-Instruct,0e9e39f249a16976918f6564b8830bc894c89659,Senpai,4615.348,False,complete,42,1.0,cross_encoder,426.166,"[""INGEN-OFFICIAL-SENPAI-20260804::SENPAI-EXP-0045::child-001"", ""INGEN-OFFICIAL-SENPAI-20260804::SENPAI-EXP-0034::child-001"", ""INGEN-OFFICIAL-SENPAI-20260804::SENPAI-EXP-0020::child-001""]",W05::chunk-512_topk-3_rerank-ce::W03-EXP-SENPAI-006,3,chunk-512_topk-3_rerank-ce
0.7702734471217486,eea00f9b58a504d580a372ae1622e77cdc6c405f132b4ea93663d967e52287d2,faf32ab8bdc6fd3874d6415e4ac8c7d26dd78e1110c63faaf87a9deb1c088d61,512,False,parsed,W03-EXP-SENPAI-007,w05_senpai_from_w03_expanded,1.0.0,1.0,1.0,0,1832.779,0,meta-llama/Llama-3.1-8B-Instruct,0e9e39f249a16976918f6564b8830bc894c89659,Senpai,2268.267,True,complete,42,0.8,cross_encoder,432.14,"[""INGEN-OFFICIAL-SENPAI-20260804::SENPAI-EXP-0035::child-001"", ""INGEN-OFFICIAL-SENPAI-20260804::SENPAI-EXP-0041::child-001"", ""INGEN-OFFICIAL-SENPAI-20260804::SENPAI-EXP-0039::child-001""]",W05::chunk-512_topk-3_rerank-ce::W03-EXP-SENPAI-007,3,chunk-512_topk-3_rerank-ce
0.6781124688539951,2b614ec9fb139ac82a440f9ba0137a7d957a911c8a7874d5d81554a6edb27014,fcad55f3b01726bcff9d7731a8532ef3e4ae60c9b058eb89bc25666a0824108c,512,False,parsed,W03-EXP-SENPAI-008,w05_senpai_from_w03_expanded,1.0.0,0.666667,1.0,0,5611.666,0,meta-llama/Llama-3.1-8B-Instruct,0e9e39f249a16976918f6564b8830bc894c89659,Senpai,6029.952,False,complete,42,1.0,cross_encoder,414.824,"[""INGEN-OFFICIAL-SENPAI-20260804::SENPAI-EXP-0042::child-001"", ""INGEN-OFFICIAL-SENPAI-20260804::SENPAI-EXP-0036::child-001"", ""INGEN-OFFICIAL-SENPAI-20260804::SENPAI-EXP-0147::child-001""]",W05::chunk-512_topk-3_rerank-ce::W03-EXP-SENPAI-008,3,chunk-512_topk-3_rerank-ce
0.8335558582246213,738fab35026d4f837c3231f17c822190090ed23632d9e06734edc01ad619eb82,f6111fcc9d16bc8f737bdfdceba7f455615a7e311ee0f9f3d72f238453431493,512,False,parsed,W03-EXP-SENPAI-009,w05_senpai_from_w03_expanded,1.0.0,1.0,1.0,0,1438.706,0,meta-llama/Llama-3.1-8B-Instruct,0e9e39f249a16976918f6564b8830bc894c89659,Senpai,1868.668,False,complete,42,1.0,cross_encoder,426.191,"[""INGEN-OFFICIAL-SENPAI-20260804::SENPAI-EXP-0037::child-001"", ""INGEN-OFFICIAL-SENPAI-20260804::SENPAI-EXP-0042::child-001"", ""INGEN-OFFICIAL-SENPAI-20260804::SENPAI-EXP-0038::child-001""]",W05::chunk-512_topk-3_rerank-ce::W03-EXP-SENPAI-009,3,chunk-512_topk-3_rerank-ce
0.0,39ce21734f45585a2d561dbdd4dad9a5c0f24975c76198602f9dbf287b3f1d55,7843d6192115825a704b3a9a9b4a4fe461b9227befe3fdb38e2e26377004f20a,512,False,parsed,W03-EXP-SENPAI-010,w05_senpai_from_w03_expanded,1.0.0,1.0,1.0,0,8171.817,0,meta-llama/Llama-3.1-8B-Instruct,0e9e39f249a16976918f6564b8830bc894c89659,Senpai,8620.634,False,complete,42,1.0,cross_encoder,444.488,"[""INGEN-OFFICIAL-SENPAI-20260804::SENPAI-EXP-0038::child-001"", ""INGEN-OFFICIAL-SENPAI-20260804::SENPAI-EXP-0048::child-001"", ""INGEN-OFFICIAL-SENPAI-20260804::SENPAI-EXP-0151::child-001""]",W05::chunk-512_topk-3_rerank-ce::W03-EXP-SENPAI-010,3,chunk-512_topk-3_rerank-ce
0.9203043373871896,700c30572dc84e388db8fad154c00b72f7232a7c2471f4f6fa6ffe87d261f295,7acd44c5efabf7ee0f3b0e5e1d9ea4f1c4b9d3e39654f2b50956008c4689c948,512,False,parsed,W03-EXP-SENPAI-011,w05_senpai_from_w03_expanded,1.0.0,1.0,1.0,0,5014.674,0,meta-llama/Llama-3.1-8B-Instruct,0e9e39f249a16976918f6564b8830bc894c89659,Senpai,5436.76,False,complete,42,1.0,cross_encoder,417.845,"[""INGEN-OFFICIAL-SENPAI-20260804::SENPAI-EXP-0039::child-001"", ""INGEN-OFFICIAL-SENPAI-20260804::SENPAI-EXP-0013::child-001"", ""INGEN-OFFICIAL-SENPAI-20260804::SENPAI-EXP-0045::child-001""]",W05::chunk-512_topk-3_rerank-ce::W03-EXP-SENPAI-011,3,chunk-512_topk-3_rerank-ce
0.6446726927602956,e1052ba646d377bbae98a84fbdc6e2a1cd144adb23a24b4d20e45ee65059f844,e23d3600b36f6a05500fa4bb854c383427483b72301e659edd0ff08c8dcacb1d,512,False,parsed,W03-EXP-SENPAI-012,w05_senpai_from_w03_expanded,1.0.0,0.333333,1.0,0,4986.763,0,meta-llama/Llama-3.1-8B-Instruct,0e9e39f249a16976918f6564b8830bc894c89659,Senpai,5390.472,False,complete,42,1.0,cross_encoder,400.428,"[""INGEN-OFFICIAL-SENPAI-20260804::SENPAI-EXP-0111::child-001"", ""INGEN-OFFICIAL-SENPAI-20260804::SENPAI-EXP-0023::child-001"", ""INGEN-OFFICIAL-SENPAI-20260804::SENPAI-EXP-0044::child-001""]",W05::chunk-512_topk-3_rerank-ce::W03-EXP-SENPAI-012,3,chunk-512_topk-3_rerank-ce
0.0,94f4f66ce1307156c8c1d048f620d1df085ffdbeaf36e9ce9e2291e1522f55a3,e7dfe168e62f997b13301b818a45c44fb2f54aa15996858fdf7871feb8299613,512,False,parsed,W03-EXP-SENPAI-013,w05_senpai_from_w03_expanded,1.0.0,0.25,0.8333333333333334,0,5416.815,0,meta-llama/Llama-3.1-8B-Instruct,0e9e39f249a16976918f6564b8830bc894c89659,Senpai,5847.228,False,complete,42,0.714286,cross_encoder,426.146,"[""INGEN-OFFICIAL-SENPAI-20260804::SENPAI-EXP-0157::child-001"", ""INGEN-OFFICIAL-SENPAI-20260804::SENPAI-EXP-0019::child-001"", ""INGEN-OFFICIAL-SENPAI-20260804::SENPAI-EXP-0044::child-001""]",W05::chunk-512_topk-3_rerank-ce::W03-EXP-SENPAI-013,3,chunk-512_topk-3_rerank-ce
0.7605056845459263,ae4bb976307546388b0181f8eeebe555fa8e78f59b27c48384938fb51b66644f,6c0373996ba10fa2972f842dd3e59a20fc6ce397db1d449a0d556f955909b7a5,512,False,parsed,W03-EXP-SENPAI-014,w05_senpai_from_w03_expanded,1.0.0,0.0,1.0,0,4790.856,0,meta-llama/Llama-3.1-8B-Instruct,0e9e39f249a16976918f6564b8830bc894c89659,Senpai,5219.05,False,complete,42,0.333333,cross_encoder,424.303,"[""INGEN-OFFICIAL-SENPAI-20260804::SENPAI-EXP-0143::child-001"", ""INGEN-OFFICIAL-SENPAI-20260804::SENPAI-EXP-0157::child-001"", ""INGEN-OFFICIAL-SENPAI-20260804::SENPAI-EXP-0144::child-001""]",W05::chunk-512_topk-3_rerank-ce::W03-EXP-SENPAI-014,3,chunk-512_topk-3_rerank-ce
0.512492956915269,ea14850c6864c7397966292a9d01125b60430481bbd7b6132d7dd2674340cb25,5e5d1ffef91e4758850888a89ecf8cf9e048e358ef5b5df5f493ad0fbff8384e,512,False,parsed,W03-EXP-SENPAI-015,w05_senpai_from_w03_expanded,1.0.0,1.0,1.0,0,7662.301,0,meta-llama/Llama-3.1-8B-Instruct,0e9e39f249a16976918f6564b8830bc894c89659,Senpai,8000.182,False,complete,42,1.0,cross_encoder,334.486,"[""INGEN-OFFICIAL-SENPAI-20260804::SENPAI-EXP-0045::child-001"", ""INGEN-OFFICIAL-SENPAI-20260804::SENPAI-EXP-0020::child-001"", ""INGEN-OFFICIAL-SENPAI-20260804::SENPAI-EXP-0031::child-001""]",W05::chunk-512_topk-3_rerank-ce::W03-EXP-SENPAI-015,3,chunk-512_topk-3_rerank-ce
0.8321150122766899,9ec0d916e0137c08bd38e151d79ece40296ea8f5b5892f0383efddade8758140,0e57dddde6ba55c1a89fc3f7d93e6d265334c366d5478da25016893ae7404614,512,False,parsed,W03-EXP-SENPAI-016,w05_senpai_from_w03_expanded,1.0.0,1.0,1.0,0,11491.511,0,meta-llama/Llama-3.1-8B-Instruct,0e9e39f249a16976918f6564b8830bc894c89659,Senpai,11925.396,False,complete,42,1.0,cross_encoder,429.499,"[""INGEN-OFFICIAL-SENPAI-20260804::SENPAI-EXP-0153::child-001"", ""INGEN-OFFICIAL-SENPAI-20260804::SENPAI-EXP-0154::child-001"", ""INGEN-OFFICIAL-SENPAI-20260804::SENPAI-EXP-0155::child-001""]",W05::chunk-512_topk-3_rerank-ce::W03-EXP-SENPAI-016,3,chunk-512_topk-3_rerank-ce
0.9186945673558321,afbd00bbe6aede22e9a98aabce564ccaed5b0b4c95abf9cdd0c663703d3538bf,da8b98940a0b59332bc052d22e1c032bfe5816c6c6e2d966f8bd0ad42efa2339,512,False,parsed,W03-EXP-SENPAI-017,w05_senpai_from_w03_expanded,1.0.0,1.0,1.0,0,8601.89,0,meta-llama/Llama-3.1-8B-Instruct,0e9e39f249a16976918f6564b8830bc894c89659,Senpai,9035.549,False,complete,42,1.0,cross_encoder,429.302,"[""INGEN-OFFICIAL-SENPAI-20260804::SENPAI-EXP-0010::child-001"", ""INGEN-OFFICIAL-SENPAI-20260804::SENPAI-EXP-0026::child-001"", ""INGEN-OFFICIAL-SENPAI-20260804::SENPAI-EXP-0155::child-001""]",W05::chunk-512_topk-3_rerank-ce::W03-EXP-SENPAI-017,3,chunk-512_topk-3_rerank-ce
0.0,374be3e0ca9fc38fac2ab011c103c1cb8e6ad075af7f03d3f68b93415d10e3ac,2b97aeccdf327605c468909508829ec8dd4a807a5d1922aeb5598c9e3f1f7434,512,True,parsed,W03-EXP-SENPAI-018,w05_senpai_from_w03_expanded,1.0.0,1.0,,0,384.552,0,meta-llama/Llama-3.1-8B-Instruct,0e9e39f249a16976918f6564b8830bc894c89659,Senpai,820.267,False,metric_failure_retained,42,0.333333,cross_encoder,432.693,"[""INGEN-OFFICIAL-SENPAI-20260804::SENPAI-EXP-0109::child-001"", ""INGEN-OFFICIAL-SENPAI-20260804::SENPAI-EXP-0110::child-001"", ""INGEN-OFFICIAL-SENPAI-20260804::SENPAI-EXP-0021::child-001""]",W05::chunk-512_topk-3_rerank-ce::W03-EXP-SENPAI-018,3,chunk-512_topk-3_rerank-ce
0.8652454750857409,53e191aa9805fa76792f0aab9b177a571598c3177e9267fde66d889891658def,0d939799cc3d51cae700d4e289b2535d8afef126933a69bf0ee90bed17b54307,512,False,parsed,W03-EXP-SENPAI-019,w05_senpai_from_w03_expanded,1.0.0,0.5,0.8,0,5306.213,0,meta-llama/Llama-3.1-8B-Instruct,0e9e39f249a16976918f6564b8830bc894c89659,Senpai,5721.862,False,complete,42,1.0,cross_encoder,412.091,"[""INGEN-OFFICIAL-SENPAI-20260804::SENPAI-EXP-0114::child-001"", ""INGEN-OFFICIAL-SENPAI-20260804::SENPAI-EXP-0025::child-001"", ""INGEN-OFFICIAL-SENPAI-20260804::SENPAI-EXP-0007::child-001""]",W05::chunk-512_topk-3_rerank-ce::W03-EXP-SENPAI-019,3,chunk-512_topk-3_rerank-ce
0.8885123915630272,cadbe46bee6f3e974bc6e94df114fb29154c0f91d5dd3e27d1ba91655b8c2edb,0aae3ff10f32c58085158dc7afa049c9b9f24ecc2d18a1db6ded5ac068afb480,512,False,parsed,W03-EXP-SENPAI-020,w05_senpai_from_w03_expanded,1.0.0,1.0,0.75,0,6610.438,0,meta-llama/Llama-3.1-8B-Instruct,0e9e39f249a16976918f6564b8830bc894c89659,Senpai,6905.549,False,complete,42,1.0,cross_encoder,291.983,"[""INGEN-OFFICIAL-SENPAI-20260804::SENPAI-EXP-0086::child-001"", ""INGEN-OFFICIAL-SENPAI-20260804::SENPAI-EXP-0087::child-001"", ""INGEN-OFFICIAL-SENPAI-20260804::SENPAI-EXP-0001::child-001""]",W05::chunk-512_topk-3_rerank-ce::W03-EXP-SENPAI-020,3,chunk-512_topk-3_rerank-ce
0.0,c31136228c599b49181f163d6914377a14315b7eca0bbe2a5661cb72496f2cbd,0d04fe6a9321c7535073ae979cdf0bcdd8c31caf0869c130324b8de083b9a94f,256,False,parsed,W03-EXP-SENPAI-001,w05_senpai_from_w03_expanded,1.0.0,1.0,0.0,0,7253.646,0,meta-llama/Llama-3.1-8B-Instruct,0e9e39f249a16976918f6564b8830bc894c89659,Senpai,7670.457,False,complete,42,1.0,cross_encoder,412.285,"[""INGEN-OFFICIAL-SENPAI-20260804::SENPAI-EXP-0001::child-001"", ""INGEN-OFFICIAL-SENPAI-20260804::SENPAI-EXP-0108::child-001"", ""INGEN-OFFICIAL-SENPAI-20260804::SENPAI-EXP-0028::child-001"", ""INGEN-OFFICIAL-SENPAI-20260804::SENPAI-EXP-0107::child-001"", ""INGEN-OFFICIAL-SENPAI-20260804::SENPAI-EXP-0027::child-001""]",W05::chunk-256_topk-5_rerank-ce::W03-EXP-SENPAI-001,5,chunk-256_topk-5_rerank-ce
0.9771038554107029,aca5c97d9b68cfae550fd17ccf8a451b0b83074e1df43d8e51a8c7ba51677f58,f7eb042b77605302228f46a682ed7faba9032a2cc79e4997b929584f009882cd,256,False,parsed,W03-EXP-SENPAI-002,w05_senpai_from_w03_expanded,1.0.0,1.0,1.0,0,5883.197,0,meta-llama/Llama-3.1-8B-Instruct,0e9e39f249a16976918f6564b8830bc894c89659,Senpai,6321.362,False,complete,42,1.0,cross_encoder,433.152,"[""INGEN-OFFICIAL-SENPAI-20260804::SENPAI-EXP-0002::child-001"", ""INGEN-OFFICIAL-SENPAI-20260804::SENPAI-EXP-0156::child-001"", ""INGEN-OFFICIAL-SENPAI-20260804::SENPAI-EXP-0005::child-001"", ""INGEN-OFFICIAL-SENPAI-20260804::SENPAI-EXP-0148::child-001"", ""INGEN-OFFICIAL-SENPAI-20260804::SENPAI-EXP-0113::child-001""]",W05::chunk-256_topk-5_rerank-ce::W03-EXP-SENPAI-002,5,chunk-256_topk-5_rerank-ce
0.5433989331702845,5bf681192262232ea511eddb74f34732cd55cd08c521aade9540b76b0d14ef5a,473e29102ebb1fc5c9588fcc751f90630c7b8d14b715480007f85a254c37548c,256,False,parsed,W03-EXP-SENPAI-003,w05_senpai_from_w03_expanded,1.0.0,1.0,1.0,0,1927.16,0,meta-llama/Llama-3.1-8B-Instruct,0e9e39f249a16976918f6564b8830bc894c89659,Senpai,2320.281,False,complete,42,0.75,cross_encoder,388.259,"[""INGEN-OFFICIAL-SENPAI-20260804::SENPAI-EXP-0003::child-001"", ""INGEN-OFFICIAL-SENPAI-20260804::SENPAI-EXP-0004::child-001"", ""INGEN-OFFICIAL-SENPAI-20260804::SENPAI-EXP-0107::child-001"", ""INGEN-OFFICIAL-SENPAI-20260804::SENPAI-EXP-0127::child-001"", ""INGEN-OFFICIAL-SENPAI-20260804::SENPAI-EXP-0037::child-001""]",W05::chunk-256_topk-5_rerank-ce::W03-EXP-SENPAI-003,5,chunk-256_topk-5_rerank-ce
0.8348243166071905,09cbf5cbbe7b4d0db0f239d324ea66a2b6e2c53f841f8dad8144bb899afcfade,51f675361ad09aa3c8f16768fd98c7369c4059cec414a98be47485cba45d3668,256,True,parsed,W03-EXP-SENPAI-004,w05_senpai_from_w03_expanded,1.0.0,1.0,1.0,0,2595.823,0,meta-llama/Llama-3.1-8B-Instruct,0e9e39f249a16976918f6564b8830bc894c89659,Senpai,3004.92,False,complete,42,1.0,cross_encoder,404.377,"[""INGEN-OFFICIAL-SENPAI-20260804::SENPAI-EXP-0017::child-001"", ""INGEN-OFFICIAL-SENPAI-20260804::SENPAI-EXP-0004::child-001"", ""INGEN-OFFICIAL-SENPAI-20260804::SENPAI-EXP-0016::child-001"", ""INGEN-OFFICIAL-SENPAI-20260804::SENPAI-EXP-0030::child-001"", ""INGEN-OFFICIAL-SENPAI-20260804::SENPAI-EXP-0036::child-001""]",W05::chunk-256_topk-5_rerank-ce::W03-EXP-SENPAI-004,5,chunk-256_topk-5_rerank-ce
0.6668037361061145,6fb3c358052eda41c006bcf640907e304f10848246bc7d3b91f5cc175ad7d165,e88d70ca590fee07bd67da4b56be6979618d13c65c8543ec97802f3b013968a3,256,False,parsed,W03-EXP-SENPAI-005,w05_senpai_from_w03_expanded,1.0.0,0.5,1.0,0,11434.036,0,meta-llama/Llama-3.1-8B-Instruct,0e9e39f249a16976918f6564b8830bc894c89659,Senpai,11870.732,False,complete,42,1.0,cross_encoder,432.479,"[""INGEN-OFFICIAL-SENPAI-20260804::SENPAI-EXP-0006::child-001"", ""INGEN-OFFICIAL-SENPAI-20260804::SENPAI-EXP-0030::child-001"", ""INGEN-OFFICIAL-SENPAI-20260804::SENPAI-EXP-0128::child-001"", ""INGEN-OFFICIAL-SENPAI-20260804::SENPAI-EXP-0160::child-001"", ""INGEN-OFFICIAL-SENPAI-20260804::SENPAI-EXP-0162::child-001""]",W05::chunk-256_topk-5_rerank-ce::W03-EXP-SENPAI-005,5,chunk-256_topk-5_rerank-ce
0.6375376829896622,505d1b50bb5ad06ca4972d9d4ec100d7abdcbc21fe8e9b586ab3b62970ea4c84,90b0448cb506e39dc0eff87a171241f88d0e64e8452df72a4ac09eebfda5540a,256,False,parsed,W03-EXP-SENPAI-006,w05_senpai_from_w03_expanded,1.0.0,1.0,1.0,0,10406.851,0,meta-llama/Llama-3.1-8B-Instruct,0e9e39f249a16976918f6564b8830bc894c89659,Senpai,10855.416,False,complete,42,1.0,cross_encoder,443.533,"[""INGEN-OFFICIAL-SENPAI-20260804::SENPAI-EXP-0045::child-001"", ""INGEN-OFFICIAL-SENPAI-20260804::SENPAI-EXP-0034::child-001"", ""INGEN-OFFICIAL-SENPAI-20260804::SENPAI-EXP-0020::child-001"", ""INGEN-OFFICIAL-SENPAI-20260804::SENPAI-EXP-0151::child-001"", ""INGEN-OFFICIAL-SENPAI-20260804::SENPAI-EXP-0031::child-001""]",W05::chunk-256_topk-5_rerank-ce::W03-EXP-SENPAI-006,5,chunk-256_topk-5_rerank-ce
0.7744184293706335,0c870ee7d5264471f87d437e77c808fa5c5cd2d157e77aa1896bbe14a3a2ea6f,a64cf8b8c76bbeab1a2808241bb923d8bec136a804ae2d6947bd06d6c4c6dcbf,256,False,parsed,W03-EXP-SENPAI-007,w05_senpai_from_w03_expanded,1.0.0,1.0,1.0,0,1907.91,0,meta-llama/Llama-3.1-8B-Instruct,0e9e39f249a16976918f6564b8830bc894c89659,Senpai,2316.907,False,complete,42,0.8,cross_encoder,405.145,"[""INGEN-OFFICIAL-SENPAI-20260804::SENPAI-EXP-0035::child-001"", ""INGEN-OFFICIAL-SENPAI-20260804::SENPAI-EXP-0041::child-001"", ""INGEN-OFFICIAL-SENPAI-20260804::SENPAI-EXP-0039::child-001"", ""INGEN-OFFICIAL-SENPAI-20260804::SENPAI-EXP-0034::child-001"", ""INGEN-OFFICIAL-SENPAI-20260804::SENPAI-EXP-0127::child-001""]",W05::chunk-256_topk-5_rerank-ce::W03-EXP-SENPAI-007,5,chunk-256_topk-5_rerank-ce
0.5277894482333708,9b1f5b24117ce82fe7e9e0dd14646d763f51e74a54048aae958865a808399b59,64f989262e7374e0152a034824674b45db6f7dc97df89fe6506f457cf5372d6d,256,False,parsed,W03-EXP-SENPAI-008,w05_senpai_from_w03_expanded,1.0.0,1.0,1.0,0,9570.235,0,meta-llama/Llama-3.1-8B-Instruct,0e9e39f249a16976918f6564b8830bc894c89659,Senpai,9979.299,False,complete,42,1.0,cross_encoder,404.891,"[""INGEN-OFFICIAL-SENPAI-20260804::SENPAI-EXP-0042::child-001"", ""INGEN-OFFICIAL-SENPAI-20260804::SENPAI-EXP-0036::child-001"", ""INGEN-OFFICIAL-SENPAI-20260804::SENPAI-EXP-0147::child-001"", ""INGEN-OFFICIAL-SENPAI-20260804::SENPAI-EXP-0040::child-001"", ""INGEN-OFFICIAL-SENPAI-20260804::SENPAI-EXP-0007::child-001""]",W05::chunk-256_topk-5_rerank-ce::W03-EXP-SENPAI-008,5,chunk-256_topk-5_rerank-ce
0.692651982995265,07ae05250cc75616e2030d73cf3201da3cc483599918886d28015ecac618390f,14398972eb3c7cb2d3fa3e4196b2818f5ab66b5113fcb1274394dd662d48ff1a,256,False,parsed,W03-EXP-SENPAI-009,w05_senpai_from_w03_expanded,1.0.0,1.0,1.0,0,3818.343,0,meta-llama/Llama-3.1-8B-Instruct,0e9e39f249a16976918f6564b8830bc894c89659,Senpai,4253.499,False,complete,42,1.0,cross_encoder,431.278,"[""INGEN-OFFICIAL-SENPAI-20260804::SENPAI-EXP-0037::child-001"", ""INGEN-OFFICIAL-SENPAI-20260804::SENPAI-EXP-0042::child-001"", ""INGEN-OFFICIAL-SENPAI-20260804::SENPAI-EXP-0038::child-001"", ""INGEN-OFFICIAL-SENPAI-20260804::SENPAI-EXP-0045::child-001"", ""INGEN-OFFICIAL-SENPAI-20260804::SENPAI-EXP-0039::child-001""]",W05::chunk-256_topk-5_rerank-ce::W03-EXP-SENPAI-009,5,chunk-256_topk-5_rerank-ce
0.0,0d1f725d00a8eec1b4cf61ac581b4246225e497872cf8e5162a1be3f1f76af02,101bea2fb475987837bbda0d7f4af4483c3a13485374502b749be1fc6ed7dce2,256,False,parsed,W03-EXP-SENPAI-010,w05_senpai_from_w03_expanded,1.0.0,1.0,0.5714285714285714,0,7052.094,0,meta-llama/Llama-3.1-8B-Instruct,0e9e39f249a16976918f6564b8830bc894c89659,Senpai,7460.73,False,complete,42,1.0,cross_encoder,404.719,"[""INGEN-OFFICIAL-SENPAI-20260804::SENPAI-EXP-0038::child-001"", ""INGEN-OFFICIAL-SENPAI-20260804::SENPAI-EXP-0048::child-001"", ""INGEN-OFFICIAL-SENPAI-20260804::SENPAI-EXP-0151::child-001"", ""INGEN-OFFICIAL-SENPAI-20260804::SENPAI-EXP-0066::child-001"", ""INGEN-OFFICIAL-SENPAI-20260804::SENPAI-EXP-0063::child-001""]",W05::chunk-256_topk-5_rerank-ce::W03-EXP-SENPAI-010,5,chunk-256_topk-5_rerank-ce
0.0,e514d35eda2478ea16b21c47cdd9c6fec31ccd5c58b46dbae5681e6196daacad,b9bb52cce189a5489b79f006af2b7e8feb711dbfb44f8120be8fea5bd6d10709,256,False,parsed,W03-EXP-SENPAI-011,w05_senpai_from_w03_expanded,1.0.0,1.0,0.6666666666666666,0,5625.599,0,meta-llama/Llama-3.1-8B-Instruct,0e9e39f249a16976918f6564b8830bc894c89659,Senpai,6077.228,False,complete,42,1.0,cross_encoder,447.616,"[""INGEN-OFFICIAL-SENPAI-20260804::SENPAI-EXP-0039::child-001"", ""INGEN-OFFICIAL-SENPAI-20260804::SENPAI-EXP-0013::child-001"", ""INGEN-OFFICIAL-SENPAI-20260804::SENPAI-EXP-0045::child-001"", ""INGEN-OFFICIAL-SENPAI-20260804::SENPAI-EXP-0012::child-001"", ""INGEN-OFFICIAL-SENPAI-20260804::SENPAI-EXP-0034::child-001""]",W05::chunk-256_topk-5_rerank-ce::W03-EXP-SENPAI-011,5,chunk-256_topk-5_rerank-ce
0.6507816654734201,afe071cf12a5449c361b38bd4c0bcbec14c485a4dfd3926585aa46412f868187,f8593809fa41546a9a34183c43c00642d872b076bfeb1e3f30aa75534384ccf3,256,False,parsed,W03-EXP-SENPAI-012,w05_senpai_from_w03_expanded,1.0.0,1.0,1.0,0,4709.023,0,meta-llama/Llama-3.1-8B-Instruct,0e9e39f249a16976918f6564b8830bc894c89659,Senpai,5172.782,False,complete,42,1.0,cross_encoder,459.58,"[""INGEN-OFFICIAL-SENPAI-20260804::SENPAI-EXP-0111::child-001"", ""INGEN-OFFICIAL-SENPAI-20260804::SENPAI-EXP-0023::child-001"", ""INGEN-OFFICIAL-SENPAI-20260804::SENPAI-EXP-0044::child-001"", ""INGEN-OFFICIAL-SENPAI-20260804::SENPAI-EXP-0150::child-001"", ""INGEN-OFFICIAL-SENPAI-20260804::SENPAI-EXP-0043::child-001""]",W05::chunk-256_topk-5_rerank-ce::W03-EXP-SENPAI-012,5,chunk-256_topk-5_rerank-ce
0.6324894407052387,5a66ac8aefef1fab4d3bc879f70311783306395e5a0f538d159bdcdf95ad30e4,a6e6c4a82f4e6fb482778c7cd627356337753e183a59c33e56fbc6402d3b16b4,256,False,parsed,W03-EXP-SENPAI-013,w05_senpai_from_w03_expanded,1.0.0,0.25,1.0,0,11524.672,0,meta-llama/Llama-3.1-8B-Instruct,0e9e39f249a16976918f6564b8830bc894c89659,Senpai,11919.085,False,complete,42,1.0,cross_encoder,389.664,"[""INGEN-OFFICIAL-SENPAI-20260804::SENPAI-EXP-0157::child-001"", ""INGEN-OFFICIAL-SENPAI-20260804::SENPAI-EXP-0019::child-001"", ""INGEN-OFFICIAL-SENPAI-20260804::SENPAI-EXP-0044::child-001"", ""INGEN-OFFICIAL-SENPAI-20260804::SENPAI-EXP-0120::child-001"", ""INGEN-OFFICIAL-SENPAI-20260804::SENPAI-EXP-0149::child-001""]",W05::chunk-256_topk-5_rerank-ce::W03-EXP-SENPAI-013,5,chunk-256_topk-5_rerank-ce
0.0,c4e3bcfa9fc102a783ff9d5b6dbbd6fa530db4a3e62a270ba178cbaa28ea6171,098a04e961152b0f32a4ba379413b03ee5f763e933bc150663139b06f252fdce,256,False,parsed,W03-EXP-SENPAI-014,w05_senpai_from_w03_expanded,1.0.0,0.333333,0.0,0,1195.846,0,meta-llama/Llama-3.1-8B-Instruct,0e9e39f249a16976918f6564b8830bc894c89659,Senpai,1605.834,False,complete,42,0.833333,cross_encoder,406.027,"[""INGEN-OFFICIAL-SENPAI-20260804::SENPAI-EXP-0143::child-001"", ""INGEN-OFFICIAL-SENPAI-20260804::SENPAI-EXP-0157::child-001"", ""INGEN-OFFICIAL-SENPAI-20260804::SENPAI-EXP-0144::child-001"", ""INGEN-OFFICIAL-SENPAI-20260804::SENPAI-EXP-0145::child-001"", ""INGEN-OFFICIAL-SENPAI-20260804::SENPAI-EXP-0142::child-001""]",W05::chunk-256_topk-5_rerank-ce::W03-EXP-SENPAI-014,5,chunk-256_topk-5_rerank-ce
0.7276090342515532,d7211aaba0909f4e682b0cb5c7e77d4342bb0812f61c69fad5980bf8619b295e,b39e47d144ce18357016e79de353c92e67dc3b3069e518213e89c27719253c22,256,False,parsed,W03-EXP-SENPAI-015,w05_senpai_from_w03_expanded,1.0.0,1.0,1.0,0,11491.181,0,meta-llama/Llama-3.1-8B-Instruct,0e9e39f249a16976918f6564b8830bc894c89659,Senpai,11816.15,False,complete,42,1.0,cross_encoder,320.72,"[""INGEN-OFFICIAL-SENPAI-20260804::SENPAI-EXP-0045::child-001"", ""INGEN-OFFICIAL-SENPAI-20260804::SENPAI-EXP-0020::child-001"", ""INGEN-OFFICIAL-SENPAI-20260804::SENPAI-EXP-0031::child-001"", ""INGEN-OFFICIAL-SENPAI-20260804::SENPAI-EXP-0027::child-001"", ""INGEN-OFFICIAL-SENPAI-20260804::SENPAI-EXP-0169::child-001""]",W05::chunk-256_topk-5_rerank-ce::W03-EXP-SENPAI-015,5,chunk-256_topk-5_rerank-ce
0.7485291066771854,5df760f84996cf661c506d8727d67d7520d8e9dd1fe6bdb81da08bfd21cd42ee,6fb5c8324ce5abbef0ac14c2fd7864d45fe236597454c50c2c55965d617de836,256,False,parsed,W03-EXP-SENPAI-016,w05_senpai_from_w03_expanded,1.0.0,1.0,1.0,0,11628.94,0,meta-llama/Llama-3.1-8B-Instruct,0e9e39f249a16976918f6564b8830bc894c89659,Senpai,12059.818,False,complete,42,1.0,cross_encoder,425.849,"[""INGEN-OFFICIAL-SENPAI-20260804::SENPAI-EXP-0153::child-001"", ""INGEN-OFFICIAL-SENPAI-20260804::SENPAI-EXP-0154::child-001"", ""INGEN-OFFICIAL-SENPAI-20260804::SENPAI-EXP-0155::child-001"", ""INGEN-OFFICIAL-SENPAI-20260804::SENPAI-EXP-0102::child-001"", ""INGEN-OFFICIAL-SENPAI-20260804::SENPAI-EXP-0105::child-001""]",W05::chunk-256_topk-5_rerank-ce::W03-EXP-SENPAI-016,5,chunk-256_topk-5_rerank-ce
0.8968449859520756,9e3bf2a8ded98b25095abc3632d6cbbeccead36235a6523b2a393dd092198062,1d6869fa63dcece76cf3cf64e4b1d8f30f33738ad3a937d3f22154ca89d13172,256,False,parsed,W03-EXP-SENPAI-017,w05_senpai_from_w03_expanded,1.0.0,1.0,1.0,0,9646.33,0,meta-llama/Llama-3.1-8B-Instruct,0e9e39f249a16976918f6564b8830bc894c89659,Senpai,10061.954,False,complete,42,1.0,cross_encoder,411.376,"[""INGEN-OFFICIAL-SENPAI-20260804::SENPAI-EXP-0010::child-001"", ""INGEN-OFFICIAL-SENPAI-20260804::SENPAI-EXP-0026::child-001"", ""INGEN-OFFICIAL-SENPAI-20260804::SENPAI-EXP-0155::child-001"", ""INGEN-OFFICIAL-SENPAI-20260804::SENPAI-EXP-0039::child-001"", ""INGEN-OFFICIAL-SENPAI-20260804::SENPAI-EXP-0045::child-001""]",W05::chunk-256_topk-5_rerank-ce::W03-EXP-SENPAI-017,5,chunk-256_topk-5_rerank-ce
0.9623297514999786,f65a0a42e1fed25d99845adcba2cbb4d49f4b4bda460672ad10399ec9dcfc6de,88577067fde1e8100f12150ba8e1c61d0a3c29d5c2bb1d9d1cc1ddfeabe813f7,256,False,parsed,W03-EXP-SENPAI-018,w05_senpai_from_w03_expanded,1.0.0,1.0,1.0,0,11439.0,0,meta-llama/Llama-3.1-8B-Instruct,0e9e39f249a16976918f6564b8830bc894c89659,Senpai,11821.151,False,complete,42,1.0,cross_encoder,378.229,"[""INGEN-OFFICIAL-SENPAI-20260804::SENPAI-EXP-0109::child-001"", ""INGEN-OFFICIAL-SENPAI-20260804::SENPAI-EXP-0110::child-001"", ""INGEN-OFFICIAL-SENPAI-20260804::SENPAI-EXP-0021::child-001"", ""INGEN-OFFICIAL-SENPAI-20260804::SENPAI-EXP-0022::child-001"", ""INGEN-OFFICIAL-SENPAI-20260804::SENPAI-EXP-0040::child-001""]",W05::chunk-256_topk-5_rerank-ce::W03-EXP-SENPAI-018,5,chunk-256_topk-5_rerank-ce
0.9488366264698835,d3238fb8aef752f471c8d3f6ac610569c189ca934767fa0ebab9dc08f4487451,e904d5bbc1219fb899c79871469e487efa15893c9e057f6ce9101a091bb1ff01,256,False,parsed,W03-EXP-SENPAI-019,w05_senpai_from_w03_expanded,1.0.0,1.0,1.0,0,11517.453,0,meta-llama/Llama-3.1-8B-Instruct,0e9e39f249a16976918f6564b8830bc894c89659,Senpai,11927.44,False,complete,42,1.0,cross_encoder,404.465,"[""INGEN-OFFICIAL-SENPAI-20260804::SENPAI-EXP-0114::child-001"", ""INGEN-OFFICIAL-SENPAI-20260804::SENPAI-EXP-0025::child-001"", ""INGEN-OFFICIAL-SENPAI-20260804::SENPAI-EXP-0007::child-001"", ""INGEN-OFFICIAL-SENPAI-20260804::SENPAI-EXP-0042::child-001"", ""INGEN-OFFICIAL-SENPAI-20260804::SENPAI-EXP-0040::child-001""]",W05::chunk-256_topk-5_rerank-ce::W03-EXP-SENPAI-019,5,chunk-256_topk-5_rerank-ce
0.8977383620557733,82a9b4a74ed5a4ae3ac2d55e2d6598d08524bd132bbb36d4cc75a5137b1e216c,948379d0074356e7d4afba824001f2b91641e3fd10a3d54d879e712740aff65c,256,False,parsed,W03-EXP-SENPAI-020,w05_senpai_from_w03_expanded,1.0.0,1.0,0.75,0,7653.865,0,meta-llama/Llama-3.1-8B-Instruct,0e9e39f249a16976918f6564b8830bc894c89659,Senpai,7939.28,False,complete,42,1.0,cross_encoder,280.054,"[""INGEN-OFFICIAL-SENPAI-20260804::SENPAI-EXP-0086::child-001"", ""INGEN-OFFICIAL-SENPAI-20260804::SENPAI-EXP-0087::child-001"", ""INGEN-OFFICIAL-SENPAI-20260804::SENPAI-EXP-0001::child-001"", ""INGEN-OFFICIAL-SENPAI-20260804::SENPAI-EXP-0089::child-001"", ""INGEN-OFFICIAL-SENPAI-20260804::SENPAI-EXP-0027::child-001""]",W05::chunk-256_topk-5_rerank-ce::W03-EXP-SENPAI-020,5,chunk-256_topk-5_rerank-ce
0.0,8a903f12df693f40aa50f9109195e6cd02b51bc86e6e5fd7ef49a58383a8be30,8673d0b54b70c8a09dbda8d321c4165275ea758914ad8fa38bea50e7e0f82802,512,True,parsed,W03-EXP-SENPAI-001,w05_senpai_from_w03_expanded,1.0.0,1.0,1.0,0,2383.037,0,meta-llama/Llama-3.1-8B-Instruct,0e9e39f249a16976918f6564b8830bc894c89659,Senpai,2809.475,True,complete,42,1.0,cross_encoder,423.655,"[""INGEN-OFFICIAL-SENPAI-20260804::SENPAI-EXP-0001::child-001""]",W05::chunk-512_topk-1_rerank-ce::W03-EXP-SENPAI-001,1,chunk-512_topk-1_rerank-ce
0.670964825212831,15395cf8559af29dbfb5933eecd9ad65e3d34b24654ad1dcd500824293523abb,394bb06bfee188eb8b11802ef0a636f2850d17fe89027b9b393a25ea293d5265,512,True,parsed,W03-EXP-SENPAI-002,w05_senpai_from_w03_expanded,1.0.0,0.5,0.8333333333333334,0,5906.585,0,meta-llama/Llama-3.1-8B-Instruct,0e9e39f249a16976918f6564b8830bc894c89659,Senpai,6384.845,True,complete,42,0.4,cross_encoder,475.272,"[""INGEN-OFFICIAL-SENPAI-20260804::SENPAI-EXP-0002::child-001""]",W05::chunk-512_topk-1_rerank-ce::W03-EXP-SENPAI-002,1,chunk-512_topk-1_rerank-ce
0.9287563855622488,24a020f21e490fc452ef7048a2d5503fdcde1715ece2de0981de4e631b479c60,cc04f4b4b2715af40495674f6f9b21e264e016378d8edd9b84a86bb9260d0612,512,True,parsed,W03-EXP-SENPAI-003,w05_senpai_from_w03_expanded,1.0.0,1.0,1.0,0,2227.066,0,meta-llama/Llama-3.1-8B-Instruct,0e9e39f249a16976918f6564b8830bc894c89659,Senpai,2617.12,True,complete,42,0.75,cross_encoder,387.041,"[""INGEN-OFFICIAL-SENPAI-20260804::SENPAI-EXP-0003::child-001""]",W05::chunk-512_topk-1_rerank-ce::W03-EXP-SENPAI-003,1,chunk-512_topk-1_rerank-ce
0.8680726624114742,332d545996c7b38a342d0fb20dc836bbda332b033577795fd7f353bd19056a7e,5ea0c11d058602b989984b1cc73f80d518f9204fc116c9907175e0b507b17e1c,512,True,parsed,W03-EXP-SENPAI-004,w05_senpai_from_w03_expanded,1.0.0,0.5,1.0,0,2246.376,0,meta-llama/Llama-3.1-8B-Instruct,0e9e39f249a16976918f6564b8830bc894c89659,Senpai,2657.649,True,complete,42,1.0,cross_encoder,407.68,"[""INGEN-OFFICIAL-SENPAI-20260804::SENPAI-EXP-0017::child-001""]",W05::chunk-512_topk-1_rerank-ce::W03-EXP-SENPAI-004,1,chunk-512_topk-1_rerank-ce
0.0,468e3a140ee9b082db733e108c574fcb9bdfaa3aa764a46cb7c48cd55ad9cb6e,56abfbe8761457e112ac2143297732c3eb3417b196d236baae1f4fc9e0e95995,512,True,parsed,W03-EXP-SENPAI-005,w05_senpai_from_w03_expanded,1.0.0,0.5,0.7142857142857143,0,2485.141,0,meta-llama/Llama-3.1-8B-Instruct,0e9e39f249a16976918f6564b8830bc894c89659,Senpai,2893.019,True,complete,42,0.8,cross_encoder,403.709,"[""INGEN-OFFICIAL-SENPAI-20260804::SENPAI-EXP-0006::child-001""]",W05::chunk-512_topk-1_rerank-ce::W03-EXP-SENPAI-005,1,chunk-512_topk-1_rerank-ce
0.6417997682762698,2e0924848adc5a07828e67938a6a272d72b939b26d1c9c5c7639bc67defefa10,6f59f36ba16c86818a1d6f4db245db98a6a7d52bb432e53b5f4d2a80d51fd3ab,512,True,parsed,W03-EXP-SENPAI-006,w05_senpai_from_w03_expanded,1.0.0,0.5,0.42857142857142855,0,6320.093,0,meta-llama/Llama-3.1-8B-Instruct,0e9e39f249a16976918f6564b8830bc894c89659,Senpai,6720.745,True,complete,42,1.0,cross_encoder,396.657,"[""INGEN-OFFICIAL-SENPAI-20260804::SENPAI-EXP-0045::child-001""]",W05::chunk-512_topk-1_rerank-ce::W03-EXP-SENPAI-006,1,chunk-512_topk-1_rerank-ce
0.7744184293706335,e8f8b20ce685c5eed5713b4d0e724a1d8f1028779082cd6aa43d3c0488228d49,cad3e25fcbdf254ca07a04fbf119c73a5465e278bb78f8219ce70de87ba1fa35,512,True,parsed,W03-EXP-SENPAI-007,w05_senpai_from_w03_expanded,1.0.0,1.0,1.0,0,1092.769,0,meta-llama/Llama-3.1-8B-Instruct,0e9e39f249a16976918f6564b8830bc894c89659,Senpai,1566.617,True,complete,42,1.0,cross_encoder,468.507,"[""INGEN-OFFICIAL-SENPAI-20260804::SENPAI-EXP-0035::child-001""]",W05::chunk-512_topk-1_rerank-ce::W03-EXP-SENPAI-007,1,chunk-512_topk-1_rerank-ce
0.5353222925748553,59b0e282c553058f55d23d99eb71f64fa1f7f2311aa6d32f9d3ee113d9388b2f,eb3648140615a78afa73d560c32eb1334b492a198662a149fbbac196c6587864,512,True,parsed,W03-EXP-SENPAI-008,w05_senpai_from_w03_expanded,1.0.0,0.333333,1.0,0,6644.8,0,meta-llama/Llama-3.1-8B-Instruct,0e9e39f249a16976918f6564b8830bc894c89659,Senpai,7087.052,True,complete,42,1.0,cross_encoder,436.65,"[""INGEN-OFFICIAL-SENPAI-20260804::SENPAI-EXP-0042::child-001""]",W05::chunk-512_topk-1_rerank-ce::W03-EXP-SENPAI-008,1,chunk-512_topk-1_rerank-ce
0.7168437854028668,280111a7c449230a621678262b6f74e46b22dbbdf324dd59e708ed3d3150f8eb,f23831944a92eb7b4631cd292c68a0932d3162248a119bfa516bf2e673af5dfc,512,True,parsed,W03-EXP-SENPAI-009,w05_senpai_from_w03_expanded,1.0.0,1.0,1.0,0,4188.733,0,meta-llama/Llama-3.1-8B-Instruct,0e9e39f249a16976918f6564b8830bc894c89659,Senpai,4631.505,True,complete,42,1.0,cross_encoder,436.609,"[""INGEN-OFFICIAL-SENPAI-20260804::SENPAI-EXP-0037::child-001""]",W05::chunk-512_topk-1_rerank-ce::W03-EXP-SENPAI-009,1,chunk-512_topk-1_rerank-ce
0.0,dccf9a9febf1210fce5c2bbbc1e4bfa8de31d1f26f68411bf643c19cf6b82c7b,b1566469811a639441c803823707d37869243aee262bf7342e18f7d764752bce,512,True,parsed,W03-EXP-SENPAI-010,w05_senpai_from_w03_expanded,1.0.0,0.5,1.0,0,2959.808,0,meta-llama/Llama-3.1-8B-Instruct,0e9e39f249a16976918f6564b8830bc894c89659,Senpai,3369.09,True,complete,42,0.833333,cross_encoder,405.56,"[""INGEN-OFFICIAL-SENPAI-20260804::SENPAI-EXP-0038::child-001""]",W05::chunk-512_topk-1_rerank-ce::W03-EXP-SENPAI-010,1,chunk-512_topk-1_rerank-ce
0.0,a3f60ee81b5d12881016f4d7d2972e5abcb47e4c2af0792b58d6d8b7c786c3ff,bc089e94877939b251edf15a0f42902654f108b7bbb12a48880afdbbccfa635c,512,True,parsed,W03-EXP-SENPAI-011,w05_senpai_from_w03_expanded,1.0.0,1.0,0.5,0,2416.998,0,meta-llama/Llama-3.1-8B-Instruct,0e9e39f249a16976918f6564b8830bc894c89659,Senpai,2860.461,True,complete,42,0.7,cross_encoder,439.582,"[""INGEN-OFFICIAL-SENPAI-20260804::SENPAI-EXP-0039::child-001""]",W05::chunk-512_topk-1_rerank-ce::W03-EXP-SENPAI-011,1,chunk-512_topk-1_rerank-ce
0.0,12d353378f8e2213ecc7f5070c0c1937ca7e2cf4cc54a1356c9470c7bbf98489,2b97aeccdf327605c468909508829ec8dd4a807a5d1922aeb5598c9e3f1f7434,512,True,parsed,W03-EXP-SENPAI-012,w05_senpai_from_w03_expanded,1.0.0,0.333333,,0,346.319,0,meta-llama/Llama-3.1-8B-Instruct,0e9e39f249a16976918f6564b8830bc894c89659,Senpai,785.337,True,metric_failure_retained,42,0.857143,cross_encoder,435.689,"[""INGEN-OFFICIAL-SENPAI-20260804::SENPAI-EXP-0111::child-001""]",W05::chunk-512_topk-1_rerank-ce::W03-EXP-SENPAI-012,1,chunk-512_topk-1_rerank-ce
0.0,e2ddedf0ddf4a372fa00bc4b8e53d6adef80a5e03860fe57f18f50df6d3f5675,d3e90304bb6b59eb63ddd5f053951481c27ff876bd2bea1063fa2700b9909bfa,512,True,parsed,W03-EXP-SENPAI-013,w05_senpai_from_w03_expanded,1.0.0,0.0,1.0,0,3619.731,0,meta-llama/Llama-3.1-8B-Instruct,0e9e39f249a16976918f6564b8830bc894c89659,Senpai,4003.036,True,complete,42,0.428571,cross_encoder,379.404,"[""INGEN-OFFICIAL-SENPAI-20260804::SENPAI-EXP-0157::child-001""]",W05::chunk-512_topk-1_rerank-ce::W03-EXP-SENPAI-013,1,chunk-512_topk-1_rerank-ce
0.780822116826759,830e1dc7e439c65a0ffd2546d3c3893625136c369d4b835c74e9af4622f4a58f,d940740372731b60c2aef8f6515c09c97cf4cb97dfecf4c2836b914968efb495,512,True,parsed,W03-EXP-SENPAI-014,w05_senpai_from_w03_expanded,1.0.0,0.0,0.6666666666666666,0,3023.309,0,meta-llama/Llama-3.1-8B-Instruct,0e9e39f249a16976918f6564b8830bc894c89659,Senpai,3900.803,True,complete,42,0.5,cross_encoder,874.266,"[""INGEN-OFFICIAL-SENPAI-20260804::SENPAI-EXP-0143::child-001""]",W05::chunk-512_topk-1_rerank-ce::W03-EXP-SENPAI-014,1,chunk-512_topk-1_rerank-ce
0.4910733516669005,e67fe4fb879c1e6fc8288ddf177e816330ef8a9f2ec343cc9c4e3226a3be3a5d,d1869da6195992e6bd5d09de39b811bc872dfb1f2bae246ddfcb52ff498ff525,512,True,parsed,W03-EXP-SENPAI-015,w05_senpai_from_w03_expanded,1.0.0,0.5,1.0,0,6179.456,0,meta-llama/Llama-3.1-8B-Instruct,0e9e39f249a16976918f6564b8830bc894c89659,Senpai,6512.794,True,complete,42,1.0,cross_encoder,330.014,"[""INGEN-OFFICIAL-SENPAI-20260804::SENPAI-EXP-0045::child-001""]",W05::chunk-512_topk-1_rerank-ce::W03-EXP-SENPAI-015,1,chunk-512_topk-1_rerank-ce
0.8138371387087471,624e1631497c558ce5d81553a1763dc34ff667228f00fc7d135ab212d217e5ab,f9c99f85a07d616b36873045c1781ec70ff03cf6ea0c56aa5c3ce3df32636f8e,512,True,parsed,W03-EXP-SENPAI-016,w05_senpai_from_w03_expanded,1.0.0,0.333333,0.75,0,9998.271,0,meta-llama/Llama-3.1-8B-Instruct,0e9e39f249a16976918f6564b8830bc894c89659,Senpai,10432.434,True,complete,42,0.333333,cross_encoder,429.874,"[""INGEN-OFFICIAL-SENPAI-20260804::SENPAI-EXP-0153::child-001""]",W05::chunk-512_topk-1_rerank-ce::W03-EXP-SENPAI-016,1,chunk-512_topk-1_rerank-ce
0.0,ed5f5cf14f342426cf17860e27124c9c8ab7151070960219fcd5c5b0c291368f,59e51d67295d82c19da575e2197d784e99c249917e499417d5a4986156acc38c,512,True,parsed,W03-EXP-SENPAI-017,w05_senpai_from_w03_expanded,1.0.0,0.5,1.0,0,6524.159,0,meta-llama/Llama-3.1-8B-Instruct,0e9e39f249a16976918f6564b8830bc894c89659,Senpai,6971.762,True,complete,42,0.4,cross_encoder,444.375,"[""INGEN-OFFICIAL-SENPAI-20260804::SENPAI-EXP-0010::child-001""]",W05::chunk-512_topk-1_rerank-ce::W03-EXP-SENPAI-017,1,chunk-512_topk-1_rerank-ce
0.0,3ce1b3c5578ebee3efb6906abebcf2280ed2af023db307ed75a86ef44073b470,2b97aeccdf327605c468909508829ec8dd4a807a5d1922aeb5598c9e3f1f7434,512,True,parsed,W03-EXP-SENPAI-018,w05_senpai_from_w03_expanded,1.0.0,0.5,,0,342.158,0,meta-llama/Llama-3.1-8B-Instruct,0e9e39f249a16976918f6564b8830bc894c89659,Senpai,783.871,True,metric_failure_retained,42,0.333333,cross_encoder,439.177,"[""INGEN-OFFICIAL-SENPAI-20260804::SENPAI-EXP-0109::child-001""]",W05::chunk-512_topk-1_rerank-ce::W03-EXP-SENPAI-018,1,chunk-512_topk-1_rerank-ce
0.6420888700587454,41760f1e33f99f2c89f332cebae37b864de94b40f94a194de64b7b0b841f8cd4,048762f7f97616809e0f85423dfbdbe3aa3a5291bd886dc64eb795578d5ed301,512,True,parsed,W03-EXP-SENPAI-019,w05_senpai_from_w03_expanded,1.0.0,0.5,1.0,0,2419.859,0,meta-llama/Llama-3.1-8B-Instruct,0e9e39f249a16976918f6564b8830bc894c89659,Senpai,2802.648,True,complete,42,1.0,cross_encoder,380.234,"[""INGEN-OFFICIAL-SENPAI-20260804::SENPAI-EXP-0114::child-001""]",W05::chunk-512_topk-1_rerank-ce::W03-EXP-SENPAI-019,1,chunk-512_topk-1_rerank-ce
0.8953677972022275,f23de19b7761baf1e86913f02dc44f08c0df962872e7430876a51d5986db620b,a2f3e8ad7b44a69564af85536a9a379aafb0d325c37ff73537c2d9483b12c7be,512,True,parsed,W03-EXP-SENPAI-020,w05_senpai_from_w03_expanded,1.0.0,0.333333,0.75,0,2043.663,0,meta-llama/Llama-3.1-8B-Instruct,0e9e39f249a16976918f6564b8830bc894c89659,Senpai,2303.447,True,complete,42,1.0,cross_encoder,257.282,"[""INGEN-OFFICIAL-SENPAI-20260804::SENPAI-EXP-0086::child-001""]",W05::chunk-512_topk-1_rerank-ce::W03-EXP-SENPAI-020,1,chunk-512_topk-1_rerank-ce
0.0,f9cec7c6c714f692ae1d10752d14c295389551f486ce18e0cac60946247dba76,bda30fd184f8d73a8845c18564cb3e842660ba516cc8cc8b5cb4f7270c4cb780,1024,True,parsed,W03-EXP-SENPAI-001,w05_senpai_from_w03_expanded,1.0.0,1.0,0.4,0,3435.161,0,meta-llama/Llama-3.1-8B-Instruct,0e9e39f249a16976918f6564b8830bc894c89659,Senpai,3549.679,True,complete,42,1.0,none,106.612,"[""INGEN-OFFICIAL-SENPAI-20260804::SENPAI-EXP-0001::child-001"", ""INGEN-OFFICIAL-SENPAI-20260804::SENPAI-EXP-0108::child-001"", ""INGEN-OFFICIAL-SENPAI-20260804::SENPAI-EXP-0107::child-001"", ""INGEN-OFFICIAL-SENPAI-20260804::SENPAI-EXP-0105::child-001"", ""INGEN-OFFICIAL-SENPAI-20260804::SENPAI-EXP-0106::child-001""]",W05::chunk-1024_topk-5_rerank-none::W03-EXP-SENPAI-001,5,chunk-1024_topk-5_rerank-none
0.9771038554107029,7e53a9aab8f085ebb6c1d91eac5bb71061fef7a152b9fbd22e7af2ae0c29c951,0261243599508f265963cf15d0aefc2c622d828f09e16d008f5467dd51bb265c,1024,True,parsed,W03-EXP-SENPAI-002,w05_senpai_from_w03_expanded,1.0.0,1.0,1.0,0,7318.856,0,meta-llama/Llama-3.1-8B-Instruct,0e9e39f249a16976918f6564b8830bc894c89659,Senpai,7416.23,True,complete,42,1.0,none,87.936,"[""INGEN-OFFICIAL-SENPAI-20260804::SENPAI-EXP-0002::child-001"", ""INGEN-OFFICIAL-SENPAI-20260804::SENPAI-EXP-0005::child-001"", ""INGEN-OFFICIAL-SENPAI-20260804::SENPAI-EXP-0148::child-001"", ""INGEN-OFFICIAL-SENPAI-20260804::SENPAI-EXP-0025::child-001"", ""INGEN-OFFICIAL-SENPAI-20260804::SENPAI-EXP-0156::child-001""]",W05::chunk-1024_topk-5_rerank-none::W03-EXP-SENPAI-002,5,chunk-1024_topk-5_rerank-none
0.9547218835020277,8465703140eccb7c3c322940648bd2d92b5325547eb5fadbf3b76fff3826bc43,1c8525dfdb7b5342ee316a15f1c941f1d521b68cd26421846e84c0428b464331,1024,True,parsed,W03-EXP-SENPAI-003,w05_senpai_from_w03_expanded,1.0.0,1.0,1.0,0,2328.771,0,meta-llama/Llama-3.1-8B-Instruct,0e9e39f249a16976918f6564b8830bc894c89659,Senpai,2447.057,True,complete,42,0.75,none,110.149,"[""INGEN-OFFICIAL-SENPAI-20260804::SENPAI-EXP-0003::child-001"", ""INGEN-OFFICIAL-SENPAI-20260804::SENPAI-EXP-0127::child-001"", ""INGEN-OFFICIAL-SENPAI-20260804::SENPAI-EXP-0107::child-001"", ""INGEN-OFFICIAL-SENPAI-20260804::SENPAI-EXP-0102::child-001"", ""INGEN-OFFICIAL-SENPAI-20260804::SENPAI-EXP-0037::child-001""]",W05::chunk-1024_topk-5_rerank-none::W03-EXP-SENPAI-003,5,chunk-1024_topk-5_rerank-none
0.8780203751385506,bbb7399210e8d8c5790b86b2a9327c331567ff6b8b1ff6b24efbf4e1c62e8a2e,51f675361ad09aa3c8f16768fd98c7369c4059cec414a98be47485cba45d3668,1024,True,parsed,W03-EXP-SENPAI-004,w05_senpai_from_w03_expanded,1.0.0,1.0,1.0,0,2569.06,0,meta-llama/Llama-3.1-8B-Instruct,0e9e39f249a16976918f6564b8830bc894c89659,Senpai,2701.863,True,complete,42,1.0,none,122.858,"[""INGEN-OFFICIAL-SENPAI-20260804::SENPAI-EXP-0017::child-001"", ""INGEN-OFFICIAL-SENPAI-20260804::SENPAI-EXP-0004::child-001"", ""INGEN-OFFICIAL-SENPAI-20260804::SENPAI-EXP-0006::child-001"", ""INGEN-OFFICIAL-SENPAI-20260804::SENPAI-EXP-0111::child-001"", ""INGEN-OFFICIAL-SENPAI-20260804::SENPAI-EXP-0120::child-001""]",W05::chunk-1024_topk-5_rerank-none::W03-EXP-SENPAI-004,5,chunk-1024_topk-5_rerank-none
0.8140493296117217,f2a0a31be10b2222e1e2967905eddc612b2afa62f8c7d50f0eff361141839185,79fb0d35ff3c229a8baada206fdbdc1b67586ceb64594f459465fda483eb7270,1024,True,parsed,W03-EXP-SENPAI-005,w05_senpai_from_w03_expanded,1.0.0,0.5,1.0,0,3161.683,0,meta-llama/Llama-3.1-8B-Instruct,0e9e39f249a16976918f6564b8830bc894c89659,Senpai,3275.459,True,complete,42,0.8,none,106.789,"[""INGEN-OFFICIAL-SENPAI-20260804::SENPAI-EXP-0006::child-001"", ""INGEN-OFFICIAL-SENPAI-20260804::SENPAI-EXP-0128::child-001"", ""INGEN-OFFICIAL-SENPAI-20260804::SENPAI-EXP-0162::child-001"", ""INGEN-OFFICIAL-SENPAI-20260804::SENPAI-EXP-0170::child-001"", ""INGEN-OFFICIAL-SENPAI-20260804::SENPAI-EXP-0053::child-001""]",W05::chunk-1024_topk-5_rerank-none::W03-EXP-SENPAI-005,5,chunk-1024_topk-5_rerank-none
0.6175768547722235,e79d5c6a7cc7210374efa2f1fd4a9d5acf6f472c7628c5c8f6447012b195257d,6c12cd16acc88f801a3adb7bbcb5faa3f9e64f07d5a3954eb5238f8a8ba736b1,1024,True,parsed,W03-EXP-SENPAI-006,w05_senpai_from_w03_expanded,1.0.0,1.0,0.6666666666666666,0,11428.467,0,meta-llama/Llama-3.1-8B-Instruct,0e9e39f249a16976918f6564b8830bc894c89659,Senpai,11515.976,True,complete,42,1.0,none,80.584,"[""INGEN-OFFICIAL-SENPAI-20260804::SENPAI-EXP-0045::child-001"", ""INGEN-OFFICIAL-SENPAI-20260804::SENPAI-EXP-0034::child-001"", ""INGEN-OFFICIAL-SENPAI-20260804::SENPAI-EXP-0151::child-001"", ""INGEN-OFFICIAL-SENPAI-20260804::SENPAI-EXP-0085::child-001"", ""INGEN-OFFICIAL-SENPAI-20260804::SENPAI-EXP-0039::child-001""]",W05::chunk-1024_topk-5_rerank-none::W03-EXP-SENPAI-006,5,chunk-1024_topk-5_rerank-none
0.6147632215026491,c0abe55cb8c2c99a9932d6e0a8fe6bce2dd7b87b3d670a5c77689fe8974cfa99,f7d2a9f1a389030788dff3130ad3cc40a8f7e5af348cf884db8bc4ca445db66c,1024,True,parsed,W03-EXP-SENPAI-007,w05_senpai_from_w03_expanded,1.0.0,1.0,1.0,0,1242.437,0,meta-llama/Llama-3.1-8B-Instruct,0e9e39f249a16976918f6564b8830bc894c89659,Senpai,1354.875,True,complete,42,0.6,none,106.113,"[""INGEN-OFFICIAL-SENPAI-20260804::SENPAI-EXP-0035::child-001"", ""INGEN-OFFICIAL-SENPAI-20260804::SENPAI-EXP-0039::child-001"", ""INGEN-OFFICIAL-SENPAI-20260804::SENPAI-EXP-0044::child-001"", ""INGEN-OFFICIAL-SENPAI-20260804::SENPAI-EXP-0034::child-001"", ""INGEN-OFFICIAL-SENPAI-20260804::SENPAI-EXP-0067::child-001""]",W05::chunk-1024_topk-5_rerank-none::W03-EXP-SENPAI-007,5,chunk-1024_topk-5_rerank-none
0.633595547371105,c27a40df2480aba8c3631438d574d8ae488b2a9431b7d4dba348dbcba062e47b,82161795e62ddf4d7128ebd2a5e5089ed56eb7c8c2aa80795e4d24f8766ba42f,1024,True,parsed,W03-EXP-SENPAI-008,w05_senpai_from_w03_expanded,1.0.0,0.666667,1.0,0,9465.117,0,meta-llama/Llama-3.1-8B-Instruct,0e9e39f249a16976918f6564b8830bc894c89659,Senpai,9547.335,True,complete,42,1.0,none,76.24,"[""INGEN-OFFICIAL-SENPAI-20260804::SENPAI-EXP-0147::child-001"", ""INGEN-OFFICIAL-SENPAI-20260804::SENPAI-EXP-0036::child-001"", ""INGEN-OFFICIAL-SENPAI-20260804::SENPAI-EXP-0042::child-001"", ""INGEN-OFFICIAL-SENPAI-20260804::SENPAI-EXP-0007::child-001"", ""INGEN-OFFICIAL-SENPAI-20260804::SENPAI-EXP-0114::child-001""]",W05::chunk-1024_topk-5_rerank-none::W03-EXP-SENPAI-008,5,chunk-1024_topk-5_rerank-none
0.708600306812247,190ba71b613c1f7f039dadda5aa6d7c94b07b88ba4306e2d353ae2cc387c4986,14aa05371ba7dddcc4d045a967be86bb97f8a5bf3c11a8463d0efefcf51c5363,1024,True,parsed,W03-EXP-SENPAI-009,w05_senpai_from_w03_expanded,1.0.0,1.0,1.0,0,6785.179,0,meta-llama/Llama-3.1-8B-Instruct,0e9e39f249a16976918f6564b8830bc894c89659,Senpai,6900.604,True,complete,42,1.0,none,107.571,"[""INGEN-OFFICIAL-SENPAI-20260804::SENPAI-EXP-0037::child-001"", ""INGEN-OFFICIAL-SENPAI-20260804::SENPAI-EXP-0038::child-001"", ""INGEN-OFFICIAL-SENPAI-20260804::SENPAI-EXP-0063::child-001"", ""INGEN-OFFICIAL-SENPAI-20260804::SENPAI-EXP-0127::child-001"", ""INGEN-OFFICIAL-SENPAI-20260804::SENPAI-EXP-0085::child-001""]",W05::chunk-1024_topk-5_rerank-none::W03-EXP-SENPAI-009,5,chunk-1024_topk-5_rerank-none
0.0,25c08d4dd8078e20a739a66aa9d659cf20730052045760a7b7a50730b3d11cf5,397c35f0d16a72d2a1da664909bdd5b402348514e4ab1cbea1924e748b04ad0c,1024,True,parsed,W03-EXP-SENPAI-010,w05_senpai_from_w03_expanded,1.0.0,1.0,1.0,0,9150.719,0,meta-llama/Llama-3.1-8B-Instruct,0e9e39f249a16976918f6564b8830bc894c89659,Senpai,9245.038,True,complete,42,1.0,none,85.911,"[""INGEN-OFFICIAL-SENPAI-20260804::SENPAI-EXP-0038::child-001"", ""INGEN-OFFICIAL-SENPAI-20260804::SENPAI-EXP-0048::child-001"", ""INGEN-OFFICIAL-SENPAI-20260804::SENPAI-EXP-0066::child-001"", ""INGEN-OFFICIAL-SENPAI-20260804::SENPAI-EXP-0151::child-001"", ""INGEN-OFFICIAL-SENPAI-20260804::SENPAI-EXP-0063::child-001""]",W05::chunk-1024_topk-5_rerank-none::W03-EXP-SENPAI-010,5,chunk-1024_topk-5_rerank-none
0.0,8ee6024053627d35b951ddb18cbc5cdce8366bb682c5d2ddd4881b323bb06934,f503bc72d2cf0bf76a79969c5c22eb0672b318c35b91091cf0740e3f679e22c6,1024,True,parsed,W03-EXP-SENPAI-011,w05_senpai_from_w03_expanded,1.0.0,1.0,1.0,0,6299.158,0,meta-llama/Llama-3.1-8B-Instruct,0e9e39f249a16976918f6564b8830bc894c89659,Senpai,6401.653,True,complete,42,1.0,none,95.731,"[""INGEN-OFFICIAL-SENPAI-20260804::SENPAI-EXP-0039::child-001"", ""INGEN-OFFICIAL-SENPAI-20260804::SENPAI-EXP-0013::child-001"", ""INGEN-OFFICIAL-SENPAI-20260804::SENPAI-EXP-0151::child-001"", ""INGEN-OFFICIAL-SENPAI-20260804::SENPAI-EXP-0165::child-001"", ""INGEN-OFFICIAL-SENPAI-20260804::SENPAI-EXP-0012::child-001""]",W05::chunk-1024_topk-5_rerank-none::W03-EXP-SENPAI-011,5,chunk-1024_topk-5_rerank-none
0.5848137742373049,6de068d0fcc2c9feb362a4fa551d3c109fbfcb375ab13a77a16285be3abe2999,1bc9bb7f0a7c90bc5c4435ce8970e45053488fd87bd9fb30a15d2dd9acf71bab,1024,True,parsed,W03-EXP-SENPAI-012,w05_senpai_from_w03_expanded,1.0.0,0.666667,1.0,0,9127.843,0,meta-llama/Llama-3.1-8B-Instruct,0e9e39f249a16976918f6564b8830bc894c89659,Senpai,9228.224,True,complete,42,1.0,none,94.44,"[""INGEN-OFFICIAL-SENPAI-20260804::SENPAI-EXP-0111::child-001"", ""INGEN-OFFICIAL-SENPAI-20260804::SENPAI-EXP-0023::child-001"", ""INGEN-OFFICIAL-SENPAI-20260804::SENPAI-EXP-0006::child-001"", ""INGEN-OFFICIAL-SENPAI-20260804::SENPAI-EXP-0115::child-001"", ""INGEN-OFFICIAL-SENPAI-20260804::SENPAI-EXP-0043::child-001""]",W05::chunk-1024_topk-5_rerank-none::W03-EXP-SENPAI-012,5,chunk-1024_topk-5_rerank-none
0.0,f02f9065a9bb0cd848d7f22461440c2cf57869842b3923e107a70ee82537ea2b,84c870afd66f4e0be06df739e595a2326342fbb85b049a33210b02de89e3c587,1024,True,parsed,W03-EXP-SENPAI-013,w05_senpai_from_w03_expanded,1.0.0,0.25,0.75,0,8385.102,0,meta-llama/Llama-3.1-8B-Instruct,0e9e39f249a16976918f6564b8830bc894c89659,Senpai,8477.999,True,complete,42,1.0,none,85.767,"[""INGEN-OFFICIAL-SENPAI-20260804::SENPAI-EXP-0157::child-001"", ""INGEN-OFFICIAL-SENPAI-20260804::SENPAI-EXP-0019::child-001"", ""INGEN-OFFICIAL-SENPAI-20260804::SENPAI-EXP-0127::child-001"", ""INGEN-OFFICIAL-SENPAI-20260804::SENPAI-EXP-0119::child-001"", ""INGEN-OFFICIAL-SENPAI-20260804::SENPAI-EXP-0120::child-001""]",W05::chunk-1024_topk-5_rerank-none::W03-EXP-SENPAI-013,5,chunk-1024_topk-5_rerank-none
0.7738095312285477,825068e6ee3eba801ed1ab7b2df17ee13f5680f296adf0d6e9a94353e986b280,3da6c5fe9ff4bd188b9acabd10b0f265afc7b22a621f338c8884a3c916584b8a,1024,True,parsed,W03-EXP-SENPAI-014,w05_senpai_from_w03_expanded,1.0.0,0.666667,0.6666666666666666,0,3533.848,0,meta-llama/Llama-3.1-8B-Instruct,0e9e39f249a16976918f6564b8830bc894c89659,Senpai,3631.114,True,complete,42,0.833333,none,91.158,"[""INGEN-OFFICIAL-SENPAI-20260804::SENPAI-EXP-0143::child-001"", ""INGEN-OFFICIAL-SENPAI-20260804::SENPAI-EXP-0144::child-001"", ""INGEN-OFFICIAL-SENPAI-20260804::SENPAI-EXP-0142::child-001"", ""INGEN-OFFICIAL-SENPAI-20260804::SENPAI-EXP-0129::child-001"", ""INGEN-OFFICIAL-SENPAI-20260804::SENPAI-EXP-0132::child-001""]",W05::chunk-1024_topk-5_rerank-none::W03-EXP-SENPAI-014,5,chunk-1024_topk-5_rerank-none
0.7736057668039505,3db2844bb516d523e582d2448d2aaf650d16cfb4d34edd9bcbaf4cb36507fdae,37c374d0536fc2d58eb9cf0e1feddb56d5dbc2872be7a366b386881341bdc1be,1024,True,parsed,W03-EXP-SENPAI-015,w05_senpai_from_w03_expanded,1.0.0,1.0,1.0,0,7385.292,0,meta-llama/Llama-3.1-8B-Instruct,0e9e39f249a16976918f6564b8830bc894c89659,Senpai,7466.315,True,complete,42,1.0,none,74.86,"[""INGEN-OFFICIAL-SENPAI-20260804::SENPAI-EXP-0045::child-001"", ""INGEN-OFFICIAL-SENPAI-20260804::SENPAI-EXP-0020::child-001"", ""INGEN-OFFICIAL-SENPAI-20260804::SENPAI-EXP-0031::child-001"", ""INGEN-OFFICIAL-SENPAI-20260804::SENPAI-EXP-0169::child-001"", ""INGEN-OFFICIAL-SENPAI-20260804::SENPAI-EXP-0125::child-001""]",W05::chunk-1024_topk-5_rerank-none::W03-EXP-SENPAI-015,5,chunk-1024_topk-5_rerank-none
0.8005838085113567,3053ef904b30cc4e73555a71f5439b645c322bf73eab0f16b20802ba1f67b722,09f191eab03d8697834618d538256ebdcfdbdbe6fcb7e88b9a406bd09fe1689b,1024,True,parsed,W03-EXP-SENPAI-016,w05_senpai_from_w03_expanded,1.0.0,1.0,1.0,0,11545.826,0,meta-llama/Llama-3.1-8B-Instruct,0e9e39f249a16976918f6564b8830bc894c89659,Senpai,11631.961,True,complete,42,0.666667,none,79.389,"[""INGEN-OFFICIAL-SENPAI-20260804::SENPAI-EXP-0155::child-001"", ""INGEN-OFFICIAL-SENPAI-20260804::SENPAI-EXP-0153::child-001"", ""INGEN-OFFICIAL-SENPAI-20260804::SENPAI-EXP-0154::child-001"", ""INGEN-OFFICIAL-SENPAI-20260804::SENPAI-EXP-0098::child-001"", ""INGEN-OFFICIAL-SENPAI-20260804::SENPAI-EXP-0051::child-001""]",W05::chunk-1024_topk-5_rerank-none::W03-EXP-SENPAI-016,5,chunk-1024_topk-5_rerank-none
0.9138539452357449,6e1993bd3803b880abbd167c0fa1980a63e0749e6ac7251c13146004b46085d9,b3fbdd8ab8a1370e6dd41b415e886fe08500a7573aa199f9fe34d830fb072ad7,1024,True,parsed,W03-EXP-SENPAI-017,w05_senpai_from_w03_expanded,1.0.0,1.0,1.0,0,6442.62,0,meta-llama/Llama-3.1-8B-Instruct,0e9e39f249a16976918f6564b8830bc894c89659,Senpai,6542.82,False,complete,42,1.0,none,94.546,"[""INGEN-OFFICIAL-SENPAI-20260804::SENPAI-EXP-0010::child-001"", ""INGEN-OFFICIAL-SENPAI-20260804::SENPAI-EXP-0026::child-001"", ""INGEN-OFFICIAL-SENPAI-20260804::SENPAI-EXP-0155::child-001"", ""INGEN-OFFICIAL-SENPAI-20260804::SENPAI-EXP-0118::child-001"", ""INGEN-OFFICIAL-SENPAI-20260804::SENPAI-EXP-0121::child-001""]",W05::chunk-1024_topk-5_rerank-none::W03-EXP-SENPAI-017,5,chunk-1024_topk-5_rerank-none
0.9623297514999786,e80511c1aa2ece11204e97c859b30cd5f15025edbfd1f01a69f6c8c864aafd0e,8c844c57ece52f8bbe72fd790976ed81964fcb0018af0a58bcfed48ce7f0cdce,1024,True,parsed,W03-EXP-SENPAI-018,w05_senpai_from_w03_expanded,1.0.0,1.0,1.0,0,8999.574,0,meta-llama/Llama-3.1-8B-Instruct,0e9e39f249a16976918f6564b8830bc894c89659,Senpai,9099.292,True,complete,42,1.0,none,93.56,"[""INGEN-OFFICIAL-SENPAI-20260804::SENPAI-EXP-0110::child-001"", ""INGEN-OFFICIAL-SENPAI-20260804::SENPAI-EXP-0109::child-001"", ""INGEN-OFFICIAL-SENPAI-20260804::SENPAI-EXP-0022::child-001"", ""INGEN-OFFICIAL-SENPAI-20260804::SENPAI-EXP-0021::child-001"", ""INGEN-OFFICIAL-SENPAI-20260804::SENPAI-EXP-0170::child-001""]",W05::chunk-1024_topk-5_rerank-none::W03-EXP-SENPAI-018,5,chunk-1024_topk-5_rerank-none
0.7495356799246661,8108ada7e0eb7a90ceca19c04b20d8cb91dbc6a503d6eb5174f439bd731cfe2a,961bb4dcfe7450d83b0ef778162bc8d2efcd69d81656653c6e21e0394a2ff73e,1024,True,parsed,W03-EXP-SENPAI-019,w05_senpai_from_w03_expanded,1.0.0,0.5,1.0,0,8091.375,0,meta-llama/Llama-3.1-8B-Instruct,0e9e39f249a16976918f6564b8830bc894c89659,Senpai,8175.913,True,complete,42,1.0,none,79.087,"[""INGEN-OFFICIAL-SENPAI-20260804::SENPAI-EXP-0114::child-001"", ""INGEN-OFFICIAL-SENPAI-20260804::SENPAI-EXP-0025::child-001"", ""INGEN-OFFICIAL-SENPAI-20260804::SENPAI-EXP-0007::child-001"", ""INGEN-OFFICIAL-SENPAI-20260804::SENPAI-EXP-0147::child-001"", ""INGEN-OFFICIAL-SENPAI-20260804::SENPAI-EXP-0042::child-001""]",W05::chunk-1024_topk-5_rerank-none::W03-EXP-SENPAI-019,5,chunk-1024_topk-5_rerank-none
0.874207682658631,19883fa6150198b3bed8aa2d4f4fadb842705442a7eedb8e6db8355e3e9a337d,f909e22feb1a5f51427fc4064729e47614b26aacaf5cc52e817f917112db7a08,1024,True,parsed,W03-EXP-SENPAI-020,w05_senpai_from_w03_expanded,1.0.0,1.0,0.6666666666666666,0,6757.744,0,meta-llama/Llama-3.1-8B-Instruct,0e9e39f249a16976918f6564b8830bc894c89659,Senpai,6858.049,True,complete,42,1.0,none,94.94,"[""INGEN-OFFICIAL-SENPAI-20260804::SENPAI-EXP-0086::child-001"", ""INGEN-OFFICIAL-SENPAI-20260804::SENPAI-EXP-0087::child-001"", ""INGEN-OFFICIAL-SENPAI-20260804::SENPAI-EXP-0001::child-001"", ""INGEN-OFFICIAL-SENPAI-20260804::SENPAI-EXP-0056::child-001"", ""INGEN-OFFICIAL-SENPAI-20260804::SENPAI-EXP-0052::child-001""]",W05::chunk-1024_topk-5_rerank-none::W03-EXP-SENPAI-020,5,chunk-1024_topk-5_rerank-none
0.0,8a903f12df693f40aa50f9109195e6cd02b51bc86e6e5fd7ef49a58383a8be30,8673d0b54b70c8a09dbda8d321c4165275ea758914ad8fa38bea50e7e0f82802,512,True,parsed,W03-EXP-SENPAI-001,w05_senpai_from_w03_expanded,1.0.0,1.0,1.0,0,2375.139,0,meta-llama/Llama-3.1-8B-Instruct,0e9e39f249a16976918f6564b8830bc894c89659,Senpai,2501.476,True,complete,42,1.0,none,121.683,"[""INGEN-OFFICIAL-SENPAI-20260804::SENPAI-EXP-0001::child-001""]",W05::chunk-512_topk-1_rerank-none::W03-EXP-SENPAI-001,1,chunk-512_topk-1_rerank-none
0.670964825212831,15395cf8559af29dbfb5933eecd9ad65e3d34b24654ad1dcd500824293523abb,394bb06bfee188eb8b11802ef0a636f2850d17fe89027b9b393a25ea293d5265,512,True,parsed,W03-EXP-SENPAI-002,w05_senpai_from_w03_expanded,1.0.0,0.5,0.8333333333333334,0,5884.549,0,meta-llama/Llama-3.1-8B-Instruct,0e9e39f249a16976918f6564b8830bc894c89659,Senpai,5987.576,True,complete,42,0.4,none,99.068,"[""INGEN-OFFICIAL-SENPAI-20260804::SENPAI-EXP-0002::child-001""]",W05::chunk-512_topk-1_rerank-none::W03-EXP-SENPAI-002,1,chunk-512_topk-1_rerank-none
0.9287563855622488,24a020f21e490fc452ef7048a2d5503fdcde1715ece2de0981de4e631b479c60,cc04f4b4b2715af40495674f6f9b21e264e016378d8edd9b84a86bb9260d0612,512,True,parsed,W03-EXP-SENPAI-003,w05_senpai_from_w03_expanded,1.0.0,1.0,1.0,0,2217.598,0,meta-llama/Llama-3.1-8B-Instruct,0e9e39f249a16976918f6564b8830bc894c89659,Senpai,2318.667,True,complete,42,0.75,none,96.952,"[""INGEN-OFFICIAL-SENPAI-20260804::SENPAI-EXP-0003::child-001""]",W05::chunk-512_topk-1_rerank-none::W03-EXP-SENPAI-003,1,chunk-512_topk-1_rerank-none
0.8680726624114742,332d545996c7b38a342d0fb20dc836bbda332b033577795fd7f353bd19056a7e,5ea0c11d058602b989984b1cc73f80d518f9204fc116c9907175e0b507b17e1c,512,True,parsed,W03-EXP-SENPAI-004,w05_senpai_from_w03_expanded,1.0.0,0.5,1.0,0,2219.911,0,meta-llama/Llama-3.1-8B-Instruct,0e9e39f249a16976918f6564b8830bc894c89659,Senpai,2328.089,True,complete,42,1.0,none,103.611,"[""INGEN-OFFICIAL-SENPAI-20260804::SENPAI-EXP-0017::child-001""]",W05::chunk-512_topk-1_rerank-none::W03-EXP-SENPAI-004,1,chunk-512_topk-1_rerank-none
0.0,468e3a140ee9b082db733e108c574fcb9bdfaa3aa764a46cb7c48cd55ad9cb6e,56abfbe8761457e112ac2143297732c3eb3417b196d236baae1f4fc9e0e95995,512,True,parsed,W03-EXP-SENPAI-005,w05_senpai_from_w03_expanded,1.0.0,0.5,0.7142857142857143,0,2448.89,0,meta-llama/Llama-3.1-8B-Instruct,0e9e39f249a16976918f6564b8830bc894c89659,Senpai,2529.175,True,complete,42,0.8,none,75.93,"[""INGEN-OFFICIAL-SENPAI-20260804::SENPAI-EXP-0006::child-001""]",W05::chunk-512_topk-1_rerank-none::W03-EXP-SENPAI-005,1,chunk-512_topk-1_rerank-none
0.6417997682762698,2e0924848adc5a07828e67938a6a272d72b939b26d1c9c5c7639bc67defefa10,6f59f36ba16c86818a1d6f4db245db98a6a7d52bb432e53b5f4d2a80d51fd3ab,512,True,parsed,W03-EXP-SENPAI-006,w05_senpai_from_w03_expanded,1.0.0,0.5,0.42857142857142855,0,6258.365,0,meta-llama/Llama-3.1-8B-Instruct,0e9e39f249a16976918f6564b8830bc894c89659,Senpai,6358.249,True,complete,42,1.0,none,95.854,"[""INGEN-OFFICIAL-SENPAI-20260804::SENPAI-EXP-0045::child-001""]",W05::chunk-512_topk-1_rerank-none::W03-EXP-SENPAI-006,1,chunk-512_topk-1_rerank-none
0.7744184293706335,e8f8b20ce685c5eed5713b4d0e724a1d8f1028779082cd6aa43d3c0488228d49,cad3e25fcbdf254ca07a04fbf119c73a5465e278bb78f8219ce70de87ba1fa35,512,True,parsed,W03-EXP-SENPAI-007,w05_senpai_from_w03_expanded,1.0.0,1.0,1.0,0,1062.688,0,meta-llama/Llama-3.1-8B-Instruct,0e9e39f249a16976918f6564b8830bc894c89659,Senpai,1136.11,True,complete,42,1.0,none,70.443,"[""INGEN-OFFICIAL-SENPAI-20260804::SENPAI-EXP-0035::child-001""]",W05::chunk-512_topk-1_rerank-none::W03-EXP-SENPAI-007,1,chunk-512_topk-1_rerank-none
0.0,a92d6614bdfb06d73725464b3a95556e5992dfeb5d63755c27a422a6ca8beab0,149471908476e78371c86ae4ea534235872ca91e8dbdc2f45bd494f95a767174,512,True,parsed,W03-EXP-SENPAI-008,w05_senpai_from_w03_expanded,1.0.0,0.0,0.6666666666666666,0,5260.174,0,meta-llama/Llama-3.1-8B-Instruct,0e9e39f249a16976918f6564b8830bc894c89659,Senpai,5395.962,True,complete,42,0.5,none,130.023,"[""INGEN-OFFICIAL-SENPAI-20260804::SENPAI-EXP-0147::child-001""]",W05::chunk-512_topk-1_rerank-none::W03-EXP-SENPAI-008,1,chunk-512_topk-1_rerank-none
0.7168437854028668,280111a7c449230a621678262b6f74e46b22dbbdf324dd59e708ed3d3150f8eb,f23831944a92eb7b4631cd292c68a0932d3162248a119bfa516bf2e673af5dfc,512,True,parsed,W03-EXP-SENPAI-009,w05_senpai_from_w03_expanded,1.0.0,1.0,1.0,0,4102.779,0,meta-llama/Llama-3.1-8B-Instruct,0e9e39f249a16976918f6564b8830bc894c89659,Senpai,4216.84,True,complete,42,1.0,none,109.465,"[""INGEN-OFFICIAL-SENPAI-20260804::SENPAI-EXP-0037::child-001""]",W05::chunk-512_topk-1_rerank-none::W03-EXP-SENPAI-009,1,chunk-512_topk-1_rerank-none
0.0,dccf9a9febf1210fce5c2bbbc1e4bfa8de31d1f26f68411bf643c19cf6b82c7b,b1566469811a639441c803823707d37869243aee262bf7342e18f7d764752bce,512,True,parsed,W03-EXP-SENPAI-010,w05_senpai_from_w03_expanded,1.0.0,0.5,1.0,0,2911.905,0,meta-llama/Llama-3.1-8B-Instruct,0e9e39f249a16976918f6564b8830bc894c89659,Senpai,3033.288,True,complete,42,0.833333,none,115.779,"[""INGEN-OFFICIAL-SENPAI-20260804::SENPAI-EXP-0038::child-001""]",W05::chunk-512_topk-1_rerank-none::W03-EXP-SENPAI-010,1,chunk-512_topk-1_rerank-none
0.0,a3f60ee81b5d12881016f4d7d2972e5abcb47e4c2af0792b58d6d8b7c786c3ff,bc089e94877939b251edf15a0f42902654f108b7bbb12a48880afdbbccfa635c,512,True,parsed,W03-EXP-SENPAI-011,w05_senpai_from_w03_expanded,1.0.0,1.0,0.5,0,2390.803,0,meta-llama/Llama-3.1-8B-Instruct,0e9e39f249a16976918f6564b8830bc894c89659,Senpai,2497.565,True,complete,42,0.7,none,102.361,"[""INGEN-OFFICIAL-SENPAI-20260804::SENPAI-EXP-0039::child-001""]",W05::chunk-512_topk-1_rerank-none::W03-EXP-SENPAI-011,1,chunk-512_topk-1_rerank-none
0.0,12d353378f8e2213ecc7f5070c0c1937ca7e2cf4cc54a1356c9470c7bbf98489,2b97aeccdf327605c468909508829ec8dd4a807a5d1922aeb5598c9e3f1f7434,512,True,parsed,W03-EXP-SENPAI-012,w05_senpai_from_w03_expanded,1.0.0,0.333333,,0,341.915,0,meta-llama/Llama-3.1-8B-Instruct,0e9e39f249a16976918f6564b8830bc894c89659,Senpai,446.2,True,metric_failure_retained,42,0.857143,none,100.657,"[""INGEN-OFFICIAL-SENPAI-20260804::SENPAI-EXP-0111::child-001""]",W05::chunk-512_topk-1_rerank-none::W03-EXP-SENPAI-012,1,chunk-512_topk-1_rerank-none
0.0,e2ddedf0ddf4a372fa00bc4b8e53d6adef80a5e03860fe57f18f50df6d3f5675,d3e90304bb6b59eb63ddd5f053951481c27ff876bd2bea1063fa2700b9909bfa,512,True,parsed,W03-EXP-SENPAI-013,w05_senpai_from_w03_expanded,1.0.0,0.0,1.0,0,3591.281,0,meta-llama/Llama-3.1-8B-Instruct,0e9e39f249a16976918f6564b8830bc894c89659,Senpai,3688.07,True,complete,42,0.428571,none,92.852,"[""INGEN-OFFICIAL-SENPAI-20260804::SENPAI-EXP-0157::child-001""]",W05::chunk-512_topk-1_rerank-none::W03-EXP-SENPAI-013,1,chunk-512_topk-1_rerank-none
0.780822116826759,830e1dc7e439c65a0ffd2546d3c3893625136c369d4b835c74e9af4622f4a58f,d940740372731b60c2aef8f6515c09c97cf4cb97dfecf4c2836b914968efb495,512,True,parsed,W03-EXP-SENPAI-014,w05_senpai_from_w03_expanded,1.0.0,0.0,0.6666666666666666,0,3021.403,0,meta-llama/Llama-3.1-8B-Instruct,0e9e39f249a16976918f6564b8830bc894c89659,Senpai,3097.932,True,complete,42,0.5,none,73.136,"[""INGEN-OFFICIAL-SENPAI-20260804::SENPAI-EXP-0143::child-001""]",W05::chunk-512_topk-1_rerank-none::W03-EXP-SENPAI-014,1,chunk-512_topk-1_rerank-none
0.4910733516669005,e67fe4fb879c1e6fc8288ddf177e816330ef8a9f2ec343cc9c4e3226a3be3a5d,d1869da6195992e6bd5d09de39b811bc872dfb1f2bae246ddfcb52ff498ff525,512,True,parsed,W03-EXP-SENPAI-015,w05_senpai_from_w03_expanded,1.0.0,0.5,1.0,0,6174.281,0,meta-llama/Llama-3.1-8B-Instruct,0e9e39f249a16976918f6564b8830bc894c89659,Senpai,6275.576,True,complete,42,1.0,none,97.977,"[""INGEN-OFFICIAL-SENPAI-20260804::SENPAI-EXP-0045::child-001""]",W05::chunk-512_topk-1_rerank-none::W03-EXP-SENPAI-015,1,chunk-512_topk-1_rerank-none
0.0,4e93bf668239846a6bcd8a18b0aed802e73687a991ecceb69b7f8e7a50e5a008,3cfc3d94aa816055bf2c35b8f333ac051b58296116c74fce4fdae03c8f2767f4,512,True,parsed,W03-EXP-SENPAI-016,w05_senpai_from_w03_expanded,1.0.0,0.333333,0.7272727272727273,0,8698.7,0,meta-llama/Llama-3.1-8B-Instruct,0e9e39f249a16976918f6564b8830bc894c89659,Senpai,8774.199,True,complete,42,0.833333,none,72.046,"[""INGEN-OFFICIAL-SENPAI-20260804::SENPAI-EXP-0155::child-001""]",W05::chunk-512_topk-1_rerank-none::W03-EXP-SENPAI-016,1,chunk-512_topk-1_rerank-none
0.0,ed5f5cf14f342426cf17860e27124c9c8ab7151070960219fcd5c5b0c291368f,59e51d67295d82c19da575e2197d784e99c249917e499417d5a4986156acc38c,512,True,parsed,W03-EXP-SENPAI-017,w05_senpai_from_w03_expanded,1.0.0,0.5,1.0,0,6528.574,0,meta-llama/Llama-3.1-8B-Instruct,0e9e39f249a16976918f6564b8830bc894c89659,Senpai,6608.483,True,complete,42,0.4,none,76.573,"[""INGEN-OFFICIAL-SENPAI-20260804::SENPAI-EXP-0010::child-001""]",W05::chunk-512_topk-1_rerank-none::W03-EXP-SENPAI-017,1,chunk-512_topk-1_rerank-none
0.0,359d6583ea913abcdf21bea1603b2ffa3d8f478982a3de11d5cec6383888e955,2b97aeccdf327605c468909508829ec8dd4a807a5d1922aeb5598c9e3f1f7434,512,True,parsed,W03-EXP-SENPAI-018,w05_senpai_from_w03_expanded,1.0.0,0.5,,0,344.564,0,meta-llama/Llama-3.1-8B-Instruct,0e9e39f249a16976918f6564b8830bc894c89659,Senpai,450.918,True,metric_failure_retained,42,0.333333,none,102.137,"[""INGEN-OFFICIAL-SENPAI-20260804::SENPAI-EXP-0110::child-001""]",W05::chunk-512_topk-1_rerank-none::W03-EXP-SENPAI-018,1,chunk-512_topk-1_rerank-none
0.6420888700587454,41760f1e33f99f2c89f332cebae37b864de94b40f94a194de64b7b0b841f8cd4,048762f7f97616809e0f85423dfbdbe3aa3a5291bd886dc64eb795578d5ed301,512,True,parsed,W03-EXP-SENPAI-019,w05_senpai_from_w03_expanded,1.0.0,0.5,1.0,0,2424.098,0,meta-llama/Llama-3.1-8B-Instruct,0e9e39f249a16976918f6564b8830bc894c89659,Senpai,2491.964,True,complete,42,1.0,none,64.21,"[""INGEN-OFFICIAL-SENPAI-20260804::SENPAI-EXP-0114::child-001""]",W05::chunk-512_topk-1_rerank-none::W03-EXP-SENPAI-019,1,chunk-512_topk-1_rerank-none
0.8953677972022275,f23de19b7761baf1e86913f02dc44f08c0df962872e7430876a51d5986db620b,a2f3e8ad7b44a69564af85536a9a379aafb0d325c37ff73537c2d9483b12c7be,512,True,parsed,W03-EXP-SENPAI-020,w05_senpai_from_w03_expanded,1.0.0,0.333333,0.75,0,2069.41,0,meta-llama/Llama-3.1-8B-Instruct,0e9e39f249a16976918f6564b8830bc894c89659,Senpai,2143.482,True,complete,42,1.0,none,71.132,"[""INGEN-OFFICIAL-SENPAI-20260804::SENPAI-EXP-0086::child-001""]",W05::chunk-512_topk-1_rerank-none::W03-EXP-SENPAI-020,1,chunk-512_topk-1_rerank-none
0.0,f9cec7c6c714f692ae1d10752d14c295389551f486ce18e0cac60946247dba76,bda30fd184f8d73a8845c18564cb3e842660ba516cc8cc8b5cb4f7270c4cb780,512,True,parsed,W03-EXP-SENPAI-001,w05_senpai_from_w03_expanded,1.0.0,1.0,0.4,0,3582.236,0,meta-llama/Llama-3.1-8B-Instruct,0e9e39f249a16976918f6564b8830bc894c89659,Senpai,3688.43,True,complete,42,1.0,none,98.488,"[""INGEN-OFFICIAL-SENPAI-20260804::SENPAI-EXP-0001::child-001"", ""INGEN-OFFICIAL-SENPAI-20260804::SENPAI-EXP-0108::child-001"", ""INGEN-OFFICIAL-SENPAI-20260804::SENPAI-EXP-0107::child-001"", ""INGEN-OFFICIAL-SENPAI-20260804::SENPAI-EXP-0105::child-001"", ""INGEN-OFFICIAL-SENPAI-20260804::SENPAI-EXP-0106::child-001""]",W05::chunk-512_topk-5_rerank-none::W03-EXP-SENPAI-001,5,chunk-512_topk-5_rerank-none
0.9771038554107029,7e53a9aab8f085ebb6c1d91eac5bb71061fef7a152b9fbd22e7af2ae0c29c951,0261243599508f265963cf15d0aefc2c622d828f09e16d008f5467dd51bb265c,512,True,parsed,W03-EXP-SENPAI-002,w05_senpai_from_w03_expanded,1.0.0,1.0,1.0,0,7360.14,0,meta-llama/Llama-3.1-8B-Instruct,0e9e39f249a16976918f6564b8830bc894c89659,Senpai,7454.831,True,complete,42,1.0,none,87.297,"[""INGEN-OFFICIAL-SENPAI-20260804::SENPAI-EXP-0002::child-001"", ""INGEN-OFFICIAL-SENPAI-20260804::SENPAI-EXP-0005::child-001"", ""INGEN-OFFICIAL-SENPAI-20260804::SENPAI-EXP-0148::child-001"", ""INGEN-OFFICIAL-SENPAI-20260804::SENPAI-EXP-0025::child-001"", ""INGEN-OFFICIAL-SENPAI-20260804::SENPAI-EXP-0156::child-001""]",W05::chunk-512_topk-5_rerank-none::W03-EXP-SENPAI-002,5,chunk-512_topk-5_rerank-none
0.9547218835020277,8465703140eccb7c3c322940648bd2d92b5325547eb5fadbf3b76fff3826bc43,1c8525dfdb7b5342ee316a15f1c941f1d521b68cd26421846e84c0428b464331,512,True,parsed,W03-EXP-SENPAI-003,w05_senpai_from_w03_expanded,1.0.0,1.0,1.0,0,2353.785,0,meta-llama/Llama-3.1-8B-Instruct,0e9e39f249a16976918f6564b8830bc894c89659,Senpai,2437.518,True,complete,42,0.75,none,77.437,"[""INGEN-OFFICIAL-SENPAI-20260804::SENPAI-EXP-0003::child-001"", ""INGEN-OFFICIAL-SENPAI-20260804::SENPAI-EXP-0127::child-001"", ""INGEN-OFFICIAL-SENPAI-20260804::SENPAI-EXP-0107::child-001"", ""INGEN-OFFICIAL-SENPAI-20260804::SENPAI-EXP-0102::child-001"", ""INGEN-OFFICIAL-SENPAI-20260804::SENPAI-EXP-0037::child-001""]",W05::chunk-512_topk-5_rerank-none::W03-EXP-SENPAI-003,5,chunk-512_topk-5_rerank-none
0.8780203751385506,bbb7399210e8d8c5790b86b2a9327c331567ff6b8b1ff6b24efbf4e1c62e8a2e,51f675361ad09aa3c8f16768fd98c7369c4059cec414a98be47485cba45d3668,512,True,parsed,W03-EXP-SENPAI-004,w05_senpai_from_w03_expanded,1.0.0,1.0,1.0,0,2576.168,0,meta-llama/Llama-3.1-8B-Instruct,0e9e39f249a16976918f6564b8830bc894c89659,Senpai,2688.537,True,complete,42,1.0,none,103.436,"[""INGEN-OFFICIAL-SENPAI-20260804::SENPAI-EXP-0017::child-001"", ""INGEN-OFFICIAL-SENPAI-20260804::SENPAI-EXP-0004::child-001"", ""INGEN-OFFICIAL-SENPAI-20260804::SENPAI-EXP-0006::child-001"", ""INGEN-OFFICIAL-SENPAI-20260804::SENPAI-EXP-0111::child-001"", ""INGEN-OFFICIAL-SENPAI-20260804::SENPAI-EXP-0120::child-001""]",W05::chunk-512_topk-5_rerank-none::W03-EXP-SENPAI-004,5,chunk-512_topk-5_rerank-none
0.8140493296117217,f2a0a31be10b2222e1e2967905eddc612b2afa62f8c7d50f0eff361141839185,79fb0d35ff3c229a8baada206fdbdc1b67586ceb64594f459465fda483eb7270,512,True,parsed,W03-EXP-SENPAI-005,w05_senpai_from_w03_expanded,1.0.0,0.5,1.0,0,3186.744,0,meta-llama/Llama-3.1-8B-Instruct,0e9e39f249a16976918f6564b8830bc894c89659,Senpai,3290.189,True,complete,42,0.8,none,95.935,"[""INGEN-OFFICIAL-SENPAI-20260804::SENPAI-EXP-0006::child-001"", ""INGEN-OFFICIAL-SENPAI-20260804::SENPAI-EXP-0128::child-001"", ""INGEN-OFFICIAL-SENPAI-20260804::SENPAI-EXP-0162::child-001"", ""INGEN-OFFICIAL-SENPAI-20260804::SENPAI-EXP-0170::child-001"", ""INGEN-OFFICIAL-SENPAI-20260804::SENPAI-EXP-0053::child-001""]",W05::chunk-512_topk-5_rerank-none::W03-EXP-SENPAI-005,5,chunk-512_topk-5_rerank-none
0.6175768547722235,e79d5c6a7cc7210374efa2f1fd4a9d5acf6f472c7628c5c8f6447012b195257d,6c12cd16acc88f801a3adb7bbcb5faa3f9e64f07d5a3954eb5238f8a8ba736b1,512,True,parsed,W03-EXP-SENPAI-006,w05_senpai_from_w03_expanded,1.0.0,1.0,0.6666666666666666,0,11496.774,0,meta-llama/Llama-3.1-8B-Instruct,0e9e39f249a16976918f6564b8830bc894c89659,Senpai,11613.341,True,complete,42,1.0,none,108.564,"[""INGEN-OFFICIAL-SENPAI-20260804::SENPAI-EXP-0045::child-001"", ""INGEN-OFFICIAL-SENPAI-20260804::SENPAI-EXP-0034::child-001"", ""INGEN-OFFICIAL-SENPAI-20260804::SENPAI-EXP-0151::child-001"", ""INGEN-OFFICIAL-SENPAI-20260804::SENPAI-EXP-0085::child-001"", ""INGEN-OFFICIAL-SENPAI-20260804::SENPAI-EXP-0039::child-001""]",W05::chunk-512_topk-5_rerank-none::W03-EXP-SENPAI-006,5,chunk-512_topk-5_rerank-none
0.6147632215026491,c0abe55cb8c2c99a9932d6e0a8fe6bce2dd7b87b3d670a5c77689fe8974cfa99,f7d2a9f1a389030788dff3130ad3cc40a8f7e5af348cf884db8bc4ca445db66c,512,True,parsed,W03-EXP-SENPAI-007,w05_senpai_from_w03_expanded,1.0.0,1.0,1.0,0,1179.195,0,meta-llama/Llama-3.1-8B-Instruct,0e9e39f249a16976918f6564b8830bc894c89659,Senpai,1276.874,True,complete,42,0.6,none,91.854,"[""INGEN-OFFICIAL-SENPAI-20260804::SENPAI-EXP-0035::child-001"", ""INGEN-OFFICIAL-SENPAI-20260804::SENPAI-EXP-0039::child-001"", ""INGEN-OFFICIAL-SENPAI-20260804::SENPAI-EXP-0044::child-001"", ""INGEN-OFFICIAL-SENPAI-20260804::SENPAI-EXP-0034::child-001"", ""INGEN-OFFICIAL-SENPAI-20260804::SENPAI-EXP-0067::child-001""]",W05::chunk-512_topk-5_rerank-none::W03-EXP-SENPAI-007,5,chunk-512_topk-5_rerank-none
0.633595547371105,c27a40df2480aba8c3631438d574d8ae488b2a9431b7d4dba348dbcba062e47b,82161795e62ddf4d7128ebd2a5e5089ed56eb7c8c2aa80795e4d24f8766ba42f,512,True,parsed,W03-EXP-SENPAI-008,w05_senpai_from_w03_expanded,1.0.0,0.666667,1.0,0,9425.912,0,meta-llama/Llama-3.1-8B-Instruct,0e9e39f249a16976918f6564b8830bc894c89659,Senpai,9527.384,True,complete,42,1.0,none,92.38,"[""INGEN-OFFICIAL-SENPAI-20260804::SENPAI-EXP-0147::child-001"", ""INGEN-OFFICIAL-SENPAI-20260804::SENPAI-EXP-0036::child-001"", ""INGEN-OFFICIAL-SENPAI-20260804::SENPAI-EXP-0042::child-001"", ""INGEN-OFFICIAL-SENPAI-20260804::SENPAI-EXP-0007::child-001"", ""INGEN-OFFICIAL-SENPAI-20260804::SENPAI-EXP-0114::child-001""]",W05::chunk-512_topk-5_rerank-none::W03-EXP-SENPAI-008,5,chunk-512_topk-5_rerank-none
0.708600306812247,190ba71b613c1f7f039dadda5aa6d7c94b07b88ba4306e2d353ae2cc387c4986,14aa05371ba7dddcc4d045a967be86bb97f8a5bf3c11a8463d0efefcf51c5363,512,True,parsed,W03-EXP-SENPAI-009,w05_senpai_from_w03_expanded,1.0.0,1.0,1.0,0,6667.348,0,meta-llama/Llama-3.1-8B-Instruct,0e9e39f249a16976918f6564b8830bc894c89659,Senpai,6768.206,True,complete,42,1.0,none,90.757,"[""INGEN-OFFICIAL-SENPAI-20260804::SENPAI-EXP-0037::child-001"", ""INGEN-OFFICIAL-SENPAI-20260804::SENPAI-EXP-0038::child-001"", ""INGEN-OFFICIAL-SENPAI-20260804::SENPAI-EXP-0063::child-001"", ""INGEN-OFFICIAL-SENPAI-20260804::SENPAI-EXP-0127::child-001"", ""INGEN-OFFICIAL-SENPAI-20260804::SENPAI-EXP-0085::child-001""]",W05::chunk-512_topk-5_rerank-none::W03-EXP-SENPAI-009,5,chunk-512_topk-5_rerank-none
0.0,25c08d4dd8078e20a739a66aa9d659cf20730052045760a7b7a50730b3d11cf5,397c35f0d16a72d2a1da664909bdd5b402348514e4ab1cbea1924e748b04ad0c,512,True,parsed,W03-EXP-SENPAI-010,w05_senpai_from_w03_expanded,1.0.0,1.0,1.0,0,9144.421,0,meta-llama/Llama-3.1-8B-Instruct,0e9e39f249a16976918f6564b8830bc894c89659,Senpai,9241.833,True,complete,42,1.0,none,86.894,"[""INGEN-OFFICIAL-SENPAI-20260804::SENPAI-EXP-0038::child-001"", ""INGEN-OFFICIAL-SENPAI-20260804::SENPAI-EXP-0048::child-001"", ""INGEN-OFFICIAL-SENPAI-20260804::SENPAI-EXP-0066::child-001"", ""INGEN-OFFICIAL-SENPAI-20260804::SENPAI-EXP-0151::child-001"", ""INGEN-OFFICIAL-SENPAI-20260804::SENPAI-EXP-0063::child-001""]",W05::chunk-512_topk-5_rerank-none::W03-EXP-SENPAI-010,5,chunk-512_topk-5_rerank-none
0.0,8ee6024053627d35b951ddb18cbc5cdce8366bb682c5d2ddd4881b323bb06934,f503bc72d2cf0bf76a79969c5c22eb0672b318c35b91091cf0740e3f679e22c6,512,True,parsed,W03-EXP-SENPAI-011,w05_senpai_from_w03_expanded,1.0.0,1.0,1.0,0,6323.909,0,meta-llama/Llama-3.1-8B-Instruct,0e9e39f249a16976918f6564b8830bc894c89659,Senpai,6451.155,True,complete,42,1.0,none,114.537,"[""INGEN-OFFICIAL-SENPAI-20260804::SENPAI-EXP-0039::child-001"", ""INGEN-OFFICIAL-SENPAI-20260804::SENPAI-EXP-0013::child-001"", ""INGEN-OFFICIAL-SENPAI-20260804::SENPAI-EXP-0151::child-001"", ""INGEN-OFFICIAL-SENPAI-20260804::SENPAI-EXP-0165::child-001"", ""INGEN-OFFICIAL-SENPAI-20260804::SENPAI-EXP-0012::child-001""]",W05::chunk-512_topk-5_rerank-none::W03-EXP-SENPAI-011,5,chunk-512_topk-5_rerank-none
0.5848137742373049,6de068d0fcc2c9feb362a4fa551d3c109fbfcb375ab13a77a16285be3abe2999,1bc9bb7f0a7c90bc5c4435ce8970e45053488fd87bd9fb30a15d2dd9acf71bab,512,True,parsed,W03-EXP-SENPAI-012,w05_senpai_from_w03_expanded,1.0.0,0.666667,1.0,0,9023.867,0,meta-llama/Llama-3.1-8B-Instruct,0e9e39f249a16976918f6564b8830bc894c89659,Senpai,9139.818,True,complete,42,1.0,none,107.021,"[""INGEN-OFFICIAL-SENPAI-20260804::SENPAI-EXP-0111::child-001"", ""INGEN-OFFICIAL-SENPAI-20260804::SENPAI-EXP-0023::child-001"", ""INGEN-OFFICIAL-SENPAI-20260804::SENPAI-EXP-0006::child-001"", ""INGEN-OFFICIAL-SENPAI-20260804::SENPAI-EXP-0115::child-001"", ""INGEN-OFFICIAL-SENPAI-20260804::SENPAI-EXP-0043::child-001""]",W05::chunk-512_topk-5_rerank-none::W03-EXP-SENPAI-012,5,chunk-512_topk-5_rerank-none
0.0,f02f9065a9bb0cd848d7f22461440c2cf57869842b3923e107a70ee82537ea2b,84c870afd66f4e0be06df739e595a2326342fbb85b049a33210b02de89e3c587,512,True,parsed,W03-EXP-SENPAI-013,w05_senpai_from_w03_expanded,1.0.0,0.25,0.75,0,8385.971,0,meta-llama/Llama-3.1-8B-Instruct,0e9e39f249a16976918f6564b8830bc894c89659,Senpai,8504.445,True,complete,42,1.0,none,108.735,"[""INGEN-OFFICIAL-SENPAI-20260804::SENPAI-EXP-0157::child-001"", ""INGEN-OFFICIAL-SENPAI-20260804::SENPAI-EXP-0019::child-001"", ""INGEN-OFFICIAL-SENPAI-20260804::SENPAI-EXP-0127::child-001"", ""INGEN-OFFICIAL-SENPAI-20260804::SENPAI-EXP-0119::child-001"", ""INGEN-OFFICIAL-SENPAI-20260804::SENPAI-EXP-0120::child-001""]",W05::chunk-512_topk-5_rerank-none::W03-EXP-SENPAI-013,5,chunk-512_topk-5_rerank-none
0.7738095312285477,825068e6ee3eba801ed1ab7b2df17ee13f5680f296adf0d6e9a94353e986b280,3da6c5fe9ff4bd188b9acabd10b0f265afc7b22a621f338c8884a3c916584b8a,512,True,parsed,W03-EXP-SENPAI-014,w05_senpai_from_w03_expanded,1.0.0,0.666667,0.6666666666666666,0,3553.802,0,meta-llama/Llama-3.1-8B-Instruct,0e9e39f249a16976918f6564b8830bc894c89659,Senpai,3670.647,True,complete,42,0.833333,none,107.642,"[""INGEN-OFFICIAL-SENPAI-20260804::SENPAI-EXP-0143::child-001"", ""INGEN-OFFICIAL-SENPAI-20260804::SENPAI-EXP-0144::child-001"", ""INGEN-OFFICIAL-SENPAI-20260804::SENPAI-EXP-0142::child-001"", ""INGEN-OFFICIAL-SENPAI-20260804::SENPAI-EXP-0129::child-001"", ""INGEN-OFFICIAL-SENPAI-20260804::SENPAI-EXP-0132::child-001""]",W05::chunk-512_topk-5_rerank-none::W03-EXP-SENPAI-014,5,chunk-512_topk-5_rerank-none
0.7736057668039505,3db2844bb516d523e582d2448d2aaf650d16cfb4d34edd9bcbaf4cb36507fdae,37c374d0536fc2d58eb9cf0e1feddb56d5dbc2872be7a366b386881341bdc1be,512,True,parsed,W03-EXP-SENPAI-015,w05_senpai_from_w03_expanded,1.0.0,1.0,1.0,0,7406.911,0,meta-llama/Llama-3.1-8B-Instruct,0e9e39f249a16976918f6564b8830bc894c89659,Senpai,7525.246,True,complete,42,1.0,none,110.146,"[""INGEN-OFFICIAL-SENPAI-20260804::SENPAI-EXP-0045::child-001"", ""INGEN-OFFICIAL-SENPAI-20260804::SENPAI-EXP-0020::child-001"", ""INGEN-OFFICIAL-SENPAI-20260804::SENPAI-EXP-0031::child-001"", ""INGEN-OFFICIAL-SENPAI-20260804::SENPAI-EXP-0169::child-001"", ""INGEN-OFFICIAL-SENPAI-20260804::SENPAI-EXP-0125::child-001""]",W05::chunk-512_topk-5_rerank-none::W03-EXP-SENPAI-015,5,chunk-512_topk-5_rerank-none
0.8005838085113567,3053ef904b30cc4e73555a71f5439b645c322bf73eab0f16b20802ba1f67b722,09f191eab03d8697834618d538256ebdcfdbdbe6fcb7e88b9a406bd09fe1689b,512,True,parsed,W03-EXP-SENPAI-016,w05_senpai_from_w03_expanded,1.0.0,1.0,1.0,0,11526.968,0,meta-llama/Llama-3.1-8B-Instruct,0e9e39f249a16976918f6564b8830bc894c89659,Senpai,11618.26,True,complete,42,0.666667,none,82.293,"[""INGEN-OFFICIAL-SENPAI-20260804::SENPAI-EXP-0155::child-001"", ""INGEN-OFFICIAL-SENPAI-20260804::SENPAI-EXP-0153::child-001"", ""INGEN-OFFICIAL-SENPAI-20260804::SENPAI-EXP-0154::child-001"", ""INGEN-OFFICIAL-SENPAI-20260804::SENPAI-EXP-0098::child-001"", ""INGEN-OFFICIAL-SENPAI-20260804::SENPAI-EXP-0051::child-001""]",W05::chunk-512_topk-5_rerank-none::W03-EXP-SENPAI-016,5,chunk-512_topk-5_rerank-none
0.9138539452357449,6e1993bd3803b880abbd167c0fa1980a63e0749e6ac7251c13146004b46085d9,b3fbdd8ab8a1370e6dd41b415e886fe08500a7573aa199f9fe34d830fb072ad7,512,True,parsed,W03-EXP-SENPAI-017,w05_senpai_from_w03_expanded,1.0.0,1.0,1.0,0,6436.44,0,meta-llama/Llama-3.1-8B-Instruct,0e9e39f249a16976918f6564b8830bc894c89659,Senpai,6545.552,True,complete,42,1.0,none,101.994,"[""INGEN-OFFICIAL-SENPAI-20260804::SENPAI-EXP-0010::child-001"", ""INGEN-OFFICIAL-SENPAI-20260804::SENPAI-EXP-0026::child-001"", ""INGEN-OFFICIAL-SENPAI-20260804::SENPAI-EXP-0155::child-001"", ""INGEN-OFFICIAL-SENPAI-20260804::SENPAI-EXP-0118::child-001"", ""INGEN-OFFICIAL-SENPAI-20260804::SENPAI-EXP-0121::child-001""]",W05::chunk-512_topk-5_rerank-none::W03-EXP-SENPAI-017,5,chunk-512_topk-5_rerank-none
0.9623297514999786,e80511c1aa2ece11204e97c859b30cd5f15025edbfd1f01a69f6c8c864aafd0e,8c844c57ece52f8bbe72fd790976ed81964fcb0018af0a58bcfed48ce7f0cdce,512,True,parsed,W03-EXP-SENPAI-018,w05_senpai_from_w03_expanded,1.0.0,1.0,1.0,0,8980.983,0,meta-llama/Llama-3.1-8B-Instruct,0e9e39f249a16976918f6564b8830bc894c89659,Senpai,9066.162,True,complete,42,1.0,none,76.563,"[""INGEN-OFFICIAL-SENPAI-20260804::SENPAI-EXP-0110::child-001"", ""INGEN-OFFICIAL-SENPAI-20260804::SENPAI-EXP-0109::child-001"", ""INGEN-OFFICIAL-SENPAI-20260804::SENPAI-EXP-0022::child-001"", ""INGEN-OFFICIAL-SENPAI-20260804::SENPAI-EXP-0021::child-001"", ""INGEN-OFFICIAL-SENPAI-20260804::SENPAI-EXP-0170::child-001""]",W05::chunk-512_topk-5_rerank-none::W03-EXP-SENPAI-018,5,chunk-512_topk-5_rerank-none
0.7495356799246661,8108ada7e0eb7a90ceca19c04b20d8cb91dbc6a503d6eb5174f439bd731cfe2a,961bb4dcfe7450d83b0ef778162bc8d2efcd69d81656653c6e21e0394a2ff73e,512,True,parsed,W03-EXP-SENPAI-019,w05_senpai_from_w03_expanded,1.0.0,0.5,1.0,0,8081.624,0,meta-llama/Llama-3.1-8B-Instruct,0e9e39f249a16976918f6564b8830bc894c89659,Senpai,8199.785,True,complete,42,1.0,none,107.712,"[""INGEN-OFFICIAL-SENPAI-20260804::SENPAI-EXP-0114::child-001"", ""INGEN-OFFICIAL-SENPAI-20260804::SENPAI-EXP-0025::child-001"", ""INGEN-OFFICIAL-SENPAI-20260804::SENPAI-EXP-0007::child-001"", ""INGEN-OFFICIAL-SENPAI-20260804::SENPAI-EXP-0147::child-001"", ""INGEN-OFFICIAL-SENPAI-20260804::SENPAI-EXP-0042::child-001""]",W05::chunk-512_topk-5_rerank-none::W03-EXP-SENPAI-019,5,chunk-512_topk-5_rerank-none
0.874207682658631,19883fa6150198b3bed8aa2d4f4fadb842705442a7eedb8e6db8355e3e9a337d,f909e22feb1a5f51427fc4064729e47614b26aacaf5cc52e817f917112db7a08,512,True,parsed,W03-EXP-SENPAI-020,w05_senpai_from_w03_expanded,1.0.0,1.0,0.6666666666666666,0,6753.552,0,meta-llama/Llama-3.1-8B-Instruct,0e9e39f249a16976918f6564b8830bc894c89659,Senpai,6862.695,True,complete,42,1.0,none,102.297,"[""INGEN-OFFICIAL-SENPAI-20260804::SENPAI-EXP-0086::child-001"", ""INGEN-OFFICIAL-SENPAI-20260804::SENPAI-EXP-0087::child-001"", ""INGEN-OFFICIAL-SENPAI-20260804::SENPAI-EXP-0001::child-001"", ""INGEN-OFFICIAL-SENPAI-20260804::SENPAI-EXP-0056::child-001"", ""INGEN-OFFICIAL-SENPAI-20260804::SENPAI-EXP-0052::child-001""]",W05::chunk-512_topk-5_rerank-none::W03-EXP-SENPAI-020,5,chunk-512_topk-5_rerank-none
0.0,57a17e21d323689379f4b2ddcab39b300f7be956ad236f7e5e05a36da6a54307,9ed2e740ab688a1a8b3aef33a689841f1e777fdd55a3fd1b8320feed8d3fbaea,1024,True,parsed,W03-EXP-SENPAI-001,w05_senpai_from_w03_expanded,1.0.0,1.0,0.5,0,5671.314,0,meta-llama/Llama-3.1-8B-Instruct,0e9e39f249a16976918f6564b8830bc894c89659,Senpai,6117.25,True,complete,42,1.0,cross_encoder,442.01,"[""INGEN-OFFICIAL-SENPAI-20260804::SENPAI-EXP-0001::child-001"", ""INGEN-OFFICIAL-SENPAI-20260804::SENPAI-EXP-0108::child-001"", ""INGEN-OFFICIAL-SENPAI-20260804::SENPAI-EXP-0028::child-001""]",W05::chunk-1024_topk-3_rerank-ce::W03-EXP-SENPAI-001,3,chunk-1024_topk-3_rerank-ce
0.9771038554107029,07f87d63c466ea9cddc3669acb31a723be40c093add13b63af3691c16b808f2b,25cb894b67ec8071b6893ffd909becb897a0c60438247b1159caf8b1b41ba742,1024,True,parsed,W03-EXP-SENPAI-002,w05_senpai_from_w03_expanded,1.0.0,1.0,1.0,0,5999.553,0,meta-llama/Llama-3.1-8B-Instruct,0e9e39f249a16976918f6564b8830bc894c89659,Senpai,6403.848,True,complete,42,1.0,cross_encoder,400.248,"[""INGEN-OFFICIAL-SENPAI-20260804::SENPAI-EXP-0002::child-001"", ""INGEN-OFFICIAL-SENPAI-20260804::SENPAI-EXP-0156::child-001"", ""INGEN-OFFICIAL-SENPAI-20260804::SENPAI-EXP-0005::child-001""]",W05::chunk-1024_topk-3_rerank-ce::W03-EXP-SENPAI-002,3,chunk-1024_topk-3_rerank-ce
0.9547218835020277,5c12800df7e819eafee6eadb86d8fcb9664ae0f8b8aecbf727029bbaacf80324,1c8525dfdb7b5342ee316a15f1c941f1d521b68cd26421846e84c0428b464331,1024,True,parsed,W03-EXP-SENPAI-003,w05_senpai_from_w03_expanded,1.0.0,1.0,0.8571428571428571,0,2293.745,0,meta-llama/Llama-3.1-8B-Instruct,0e9e39f249a16976918f6564b8830bc894c89659,Senpai,2710.043,True,complete,42,0.75,cross_encoder,412.745,"[""INGEN-OFFICIAL-SENPAI-20260804::SENPAI-EXP-0003::child-001"", ""INGEN-OFFICIAL-SENPAI-20260804::SENPAI-EXP-0004::child-001"", ""INGEN-OFFICIAL-SENPAI-20260804::SENPAI-EXP-0107::child-001""]",W05::chunk-1024_topk-3_rerank-ce::W03-EXP-SENPAI-003,3,chunk-1024_topk-3_rerank-ce
0.6719689180866171,a10ed768bc66bda75b064f83490639a54b86f5b997e49ae97f338b970748edd2,51904fd20409c07111abb78f8c84b5a190be953495f9e26eb09d64a3e3fce9d4,1024,True,parsed,W03-EXP-SENPAI-004,w05_senpai_from_w03_expanded,1.0.0,1.0,1.0,0,4828.918,0,meta-llama/Llama-3.1-8B-Instruct,0e9e39f249a16976918f6564b8830bc894c89659,Senpai,5239.861,True,complete,42,1.0,cross_encoder,405.657,"[""INGEN-OFFICIAL-SENPAI-20260804::SENPAI-EXP-0017::child-001"", ""INGEN-OFFICIAL-SENPAI-20260804::SENPAI-EXP-0004::child-001"", ""INGEN-OFFICIAL-SENPAI-20260804::SENPAI-EXP-0016::child-001""]",W05::chunk-1024_topk-3_rerank-ce::W03-EXP-SENPAI-004,3,chunk-1024_topk-3_rerank-ce
0.923831879977166,fbe2f25234d449d16711dffdde59b3bf3c48030f617728ea162bce23011a67d0,46d03d0bb20621fb5401ec5829b6af08e6368ba9ee43438b2598593d1309299f,1024,True,parsed,W03-EXP-SENPAI-005,w05_senpai_from_w03_expanded,1.0.0,0.5,1.0,0,2349.144,0,meta-llama/Llama-3.1-8B-Instruct,0e9e39f249a16976918f6564b8830bc894c89659,Senpai,2738.808,True,complete,42,0.8,cross_encoder,386.188,"[""INGEN-OFFICIAL-SENPAI-20260804::SENPAI-EXP-0006::child-001"", ""INGEN-OFFICIAL-SENPAI-20260804::SENPAI-EXP-0030::child-001"", ""INGEN-OFFICIAL-SENPAI-20260804::SENPAI-EXP-0128::child-001""]",W05::chunk-1024_topk-3_rerank-ce::W03-EXP-SENPAI-005,3,chunk-1024_topk-3_rerank-ce
0.630941517715588,6442d173a288e50982121c808c62c1d4709553c8fd79eb68dfded55cadbd0dd8,3057dd673989b989e336afa5068dd297b96bb518a4986e2ae52ddcaab80a1b5a,1024,True,parsed,W03-EXP-SENPAI-006,w05_senpai_from_w03_expanded,1.0.0,1.0,1.0,0,4177.98,0,meta-llama/Llama-3.1-8B-Instruct,0e9e39f249a16976918f6564b8830bc894c89659,Senpai,4594.165,True,complete,42,1.0,cross_encoder,412.608,"[""INGEN-OFFICIAL-SENPAI-20260804::SENPAI-EXP-0045::child-001"", ""INGEN-OFFICIAL-SENPAI-20260804::SENPAI-EXP-0034::child-001"", ""INGEN-OFFICIAL-SENPAI-20260804::SENPAI-EXP-0020::child-001""]",W05::chunk-1024_topk-3_rerank-ce::W03-EXP-SENPAI-006,3,chunk-1024_topk-3_rerank-ce
0.7702734471217486,eea00f9b58a504d580a372ae1622e77cdc6c405f132b4ea93663d967e52287d2,faf32ab8bdc6fd3874d6415e4ac8c7d26dd78e1110c63faaf87a9deb1c088d61,1024,True,parsed,W03-EXP-SENPAI-007,w05_senpai_from_w03_expanded,1.0.0,1.0,1.0,0,1844.102,0,meta-llama/Llama-3.1-8B-Instruct,0e9e39f249a16976918f6564b8830bc894c89659,Senpai,2278.377,False,complete,42,0.8,cross_encoder,429.897,"[""INGEN-OFFICIAL-SENPAI-20260804::SENPAI-EXP-0035::child-001"", ""INGEN-OFFICIAL-SENPAI-20260804::SENPAI-EXP-0041::child-001"", ""INGEN-OFFICIAL-SENPAI-20260804::SENPAI-EXP-0039::child-001""]",W05::chunk-1024_topk-3_rerank-ce::W03-EXP-SENPAI-007,3,chunk-1024_topk-3_rerank-ce
0.6781124688539951,2b614ec9fb139ac82a440f9ba0137a7d957a911c8a7874d5d81554a6edb27014,fcad55f3b01726bcff9d7731a8532ef3e4ae60c9b058eb89bc25666a0824108c,1024,True,parsed,W03-EXP-SENPAI-008,w05_senpai_from_w03_expanded,1.0.0,0.666667,1.0,0,5619.992,0,meta-llama/Llama-3.1-8B-Instruct,0e9e39f249a16976918f6564b8830bc894c89659,Senpai,6063.045,True,complete,42,1.0,cross_encoder,437.647,"[""INGEN-OFFICIAL-SENPAI-20260804::SENPAI-EXP-0042::child-001"", ""INGEN-OFFICIAL-SENPAI-20260804::SENPAI-EXP-0036::child-001"", ""INGEN-OFFICIAL-SENPAI-20260804::SENPAI-EXP-0147::child-001""]",W05::chunk-1024_topk-3_rerank-ce::W03-EXP-SENPAI-008,3,chunk-1024_topk-3_rerank-ce
0.8335558582246213,738fab35026d4f837c3231f17c822190090ed23632d9e06734edc01ad619eb82,f6111fcc9d16bc8f737bdfdceba7f455615a7e311ee0f9f3d72f238453431493,1024,True,parsed,W03-EXP-SENPAI-009,w05_senpai_from_w03_expanded,1.0.0,1.0,1.0,0,1422.482,0,meta-llama/Llama-3.1-8B-Instruct,0e9e39f249a16976918f6564b8830bc894c89659,Senpai,1841.509,True,complete,42,1.0,cross_encoder,415.247,"[""INGEN-OFFICIAL-SENPAI-20260804::SENPAI-EXP-0037::child-001"", ""INGEN-OFFICIAL-SENPAI-20260804::SENPAI-EXP-0042::child-001"", ""INGEN-OFFICIAL-SENPAI-20260804::SENPAI-EXP-0038::child-001""]",W05::chunk-1024_topk-3_rerank-ce::W03-EXP-SENPAI-009,3,chunk-1024_topk-3_rerank-ce
0.0,39ce21734f45585a2d561dbdd4dad9a5c0f24975c76198602f9dbf287b3f1d55,7843d6192115825a704b3a9a9b4a4fe461b9227befe3fdb38e2e26377004f20a,1024,True,parsed,W03-EXP-SENPAI-010,w05_senpai_from_w03_expanded,1.0.0,1.0,1.0,0,8120.46,0,meta-llama/Llama-3.1-8B-Instruct,0e9e39f249a16976918f6564b8830bc894c89659,Senpai,8499.653,True,complete,42,1.0,cross_encoder,375.128,"[""INGEN-OFFICIAL-SENPAI-20260804::SENPAI-EXP-0038::child-001"", ""INGEN-OFFICIAL-SENPAI-20260804::SENPAI-EXP-0048::child-001"", ""INGEN-OFFICIAL-SENPAI-20260804::SENPAI-EXP-0151::child-001""]",W05::chunk-1024_topk-3_rerank-ce::W03-EXP-SENPAI-010,3,chunk-1024_topk-3_rerank-ce
0.9203043373871896,700c30572dc84e388db8fad154c00b72f7232a7c2471f4f6fa6ffe87d261f295,7acd44c5efabf7ee0f3b0e5e1d9ea4f1c4b9d3e39654f2b50956008c4689c948,1024,True,parsed,W03-EXP-SENPAI-011,w05_senpai_from_w03_expanded,1.0.0,1.0,1.0,0,4994.427,0,meta-llama/Llama-3.1-8B-Instruct,0e9e39f249a16976918f6564b8830bc894c89659,Senpai,5425.133,True,complete,42,1.0,cross_encoder,426.336,"[""INGEN-OFFICIAL-SENPAI-20260804::SENPAI-EXP-0039::child-001"", ""INGEN-OFFICIAL-SENPAI-20260804::SENPAI-EXP-0013::child-001"", ""INGEN-OFFICIAL-SENPAI-20260804::SENPAI-EXP-0045::child-001""]",W05::chunk-1024_topk-3_rerank-ce::W03-EXP-SENPAI-011,3,chunk-1024_topk-3_rerank-ce
0.6446726927602956,e1052ba646d377bbae98a84fbdc6e2a1cd144adb23a24b4d20e45ee65059f844,e23d3600b36f6a05500fa4bb854c383427483b72301e659edd0ff08c8dcacb1d,1024,True,parsed,W03-EXP-SENPAI-012,w05_senpai_from_w03_expanded,1.0.0,0.333333,1.0,0,4967.788,0,meta-llama/Llama-3.1-8B-Instruct,0e9e39f249a16976918f6564b8830bc894c89659,Senpai,5397.264,True,complete,42,1.0,cross_encoder,424.529,"[""INGEN-OFFICIAL-SENPAI-20260804::SENPAI-EXP-0111::child-001"", ""INGEN-OFFICIAL-SENPAI-20260804::SENPAI-EXP-0023::child-001"", ""INGEN-OFFICIAL-SENPAI-20260804::SENPAI-EXP-0044::child-001""]",W05::chunk-1024_topk-3_rerank-ce::W03-EXP-SENPAI-012,3,chunk-1024_topk-3_rerank-ce
0.0,94f4f66ce1307156c8c1d048f620d1df085ffdbeaf36e9ce9e2291e1522f55a3,e7dfe168e62f997b13301b818a45c44fb2f54aa15996858fdf7871feb8299613,1024,True,parsed,W03-EXP-SENPAI-013,w05_senpai_from_w03_expanded,1.0.0,0.25,0.8333333333333334,0,5380.663,0,meta-llama/Llama-3.1-8B-Instruct,0e9e39f249a16976918f6564b8830bc894c89659,Senpai,5808.757,True,complete,42,0.714286,cross_encoder,423.871,"[""INGEN-OFFICIAL-SENPAI-20260804::SENPAI-EXP-0157::child-001"", ""INGEN-OFFICIAL-SENPAI-20260804::SENPAI-EXP-0019::child-001"", ""INGEN-OFFICIAL-SENPAI-20260804::SENPAI-EXP-0044::child-001""]",W05::chunk-1024_topk-3_rerank-ce::W03-EXP-SENPAI-013,3,chunk-1024_topk-3_rerank-ce
0.7605056845459263,ae4bb976307546388b0181f8eeebe555fa8e78f59b27c48384938fb51b66644f,6c0373996ba10fa2972f842dd3e59a20fc6ce397db1d449a0d556f955909b7a5,1024,True,parsed,W03-EXP-SENPAI-014,w05_senpai_from_w03_expanded,1.0.0,0.0,1.0,0,4775.246,0,meta-llama/Llama-3.1-8B-Instruct,0e9e39f249a16976918f6564b8830bc894c89659,Senpai,5184.164,True,complete,42,0.333333,cross_encoder,404.673,"[""INGEN-OFFICIAL-SENPAI-20260804::SENPAI-EXP-0143::child-001"", ""INGEN-OFFICIAL-SENPAI-20260804::SENPAI-EXP-0157::child-001"", ""INGEN-OFFICIAL-SENPAI-20260804::SENPAI-EXP-0144::child-001""]",W05::chunk-1024_topk-3_rerank-ce::W03-EXP-SENPAI-014,3,chunk-1024_topk-3_rerank-ce
0.512492956915269,ea14850c6864c7397966292a9d01125b60430481bbd7b6132d7dd2674340cb25,5e5d1ffef91e4758850888a89ecf8cf9e048e358ef5b5df5f493ad0fbff8384e,1024,True,parsed,W03-EXP-SENPAI-015,w05_senpai_from_w03_expanded,1.0.0,1.0,1.0,0,7574.03,0,meta-llama/Llama-3.1-8B-Instruct,0e9e39f249a16976918f6564b8830bc894c89659,Senpai,7935.295,True,complete,42,1.0,cross_encoder,357.481,"[""INGEN-OFFICIAL-SENPAI-20260804::SENPAI-EXP-0045::child-001"", ""INGEN-OFFICIAL-SENPAI-20260804::SENPAI-EXP-0020::child-001"", ""INGEN-OFFICIAL-SENPAI-20260804::SENPAI-EXP-0031::child-001""]",W05::chunk-1024_topk-3_rerank-ce::W03-EXP-SENPAI-015,3,chunk-1024_topk-3_rerank-ce
0.8321150122766899,9ec0d916e0137c08bd38e151d79ece40296ea8f5b5892f0383efddade8758140,0e57dddde6ba55c1a89fc3f7d93e6d265334c366d5478da25016893ae7404614,1024,True,parsed,W03-EXP-SENPAI-016,w05_senpai_from_w03_expanded,1.0.0,1.0,1.0,0,11459.992,0,meta-llama/Llama-3.1-8B-Instruct,0e9e39f249a16976918f6564b8830bc894c89659,Senpai,11886.111,True,complete,42,1.0,cross_encoder,420.729,"[""INGEN-OFFICIAL-SENPAI-20260804::SENPAI-EXP-0153::child-001"", ""INGEN-OFFICIAL-SENPAI-20260804::SENPAI-EXP-0154::child-001"", ""INGEN-OFFICIAL-SENPAI-20260804::SENPAI-EXP-0155::child-001""]",W05::chunk-1024_topk-3_rerank-ce::W03-EXP-SENPAI-016,3,chunk-1024_topk-3_rerank-ce
0.9186945673558321,afbd00bbe6aede22e9a98aabce564ccaed5b0b4c95abf9cdd0c663703d3538bf,da8b98940a0b59332bc052d22e1c032bfe5816c6c6e2d966f8bd0ad42efa2339,1024,True,parsed,W03-EXP-SENPAI-017,w05_senpai_from_w03_expanded,1.0.0,1.0,1.0,0,8575.332,0,meta-llama/Llama-3.1-8B-Instruct,0e9e39f249a16976918f6564b8830bc894c89659,Senpai,9065.768,True,complete,42,1.0,cross_encoder,484.98,"[""INGEN-OFFICIAL-SENPAI-20260804::SENPAI-EXP-0010::child-001"", ""INGEN-OFFICIAL-SENPAI-20260804::SENPAI-EXP-0026::child-001"", ""INGEN-OFFICIAL-SENPAI-20260804::SENPAI-EXP-0155::child-001""]",W05::chunk-1024_topk-3_rerank-ce::W03-EXP-SENPAI-017,3,chunk-1024_topk-3_rerank-ce
0.0,374be3e0ca9fc38fac2ab011c103c1cb8e6ad075af7f03d3f68b93415d10e3ac,2b97aeccdf327605c468909508829ec8dd4a807a5d1922aeb5598c9e3f1f7434,1024,True,parsed,W03-EXP-SENPAI-018,w05_senpai_from_w03_expanded,1.0.0,1.0,,0,383.44,0,meta-llama/Llama-3.1-8B-Instruct,0e9e39f249a16976918f6564b8830bc894c89659,Senpai,862.76,True,metric_failure_retained,42,0.333333,cross_encoder,475.51,"[""INGEN-OFFICIAL-SENPAI-20260804::SENPAI-EXP-0109::child-001"", ""INGEN-OFFICIAL-SENPAI-20260804::SENPAI-EXP-0110::child-001"", ""INGEN-OFFICIAL-SENPAI-20260804::SENPAI-EXP-0021::child-001""]",W05::chunk-1024_topk-3_rerank-ce::W03-EXP-SENPAI-018,3,chunk-1024_topk-3_rerank-ce
0.8652454750857409,53e191aa9805fa76792f0aab9b177a571598c3177e9267fde66d889891658def,0d939799cc3d51cae700d4e289b2535d8afef126933a69bf0ee90bed17b54307,1024,True,parsed,W03-EXP-SENPAI-019,w05_senpai_from_w03_expanded,1.0.0,0.5,0.8,0,5322.908,0,meta-llama/Llama-3.1-8B-Instruct,0e9e39f249a16976918f6564b8830bc894c89659,Senpai,5770.349,True,complete,42,1.0,cross_encoder,443.169,"[""INGEN-OFFICIAL-SENPAI-20260804::SENPAI-EXP-0114::child-001"", ""INGEN-OFFICIAL-SENPAI-20260804::SENPAI-EXP-0025::child-001"", ""INGEN-OFFICIAL-SENPAI-20260804::SENPAI-EXP-0007::child-001""]",W05::chunk-1024_topk-3_rerank-ce::W03-EXP-SENPAI-019,3,chunk-1024_topk-3_rerank-ce
0.8885123915630272,cadbe46bee6f3e974bc6e94df114fb29154c0f91d5dd3e27d1ba91655b8c2edb,0aae3ff10f32c58085158dc7afa049c9b9f24ecc2d18a1db6ded5ac068afb480,1024,True,parsed,W03-EXP-SENPAI-020,w05_senpai_from_w03_expanded,1.0.0,1.0,0.75,0,6618.026,0,meta-llama/Llama-3.1-8B-Instruct,0e9e39f249a16976918f6564b8830bc894c89659,Senpai,6887.756,True,complete,42,1.0,cross_encoder,266.078,"[""INGEN-OFFICIAL-SENPAI-20260804::SENPAI-EXP-0086::child-001"", ""INGEN-OFFICIAL-SENPAI-20260804::SENPAI-EXP-0087::child-001"", ""INGEN-OFFICIAL-SENPAI-20260804::SENPAI-EXP-0001::child-001""]",W05::chunk-1024_topk-3_rerank-ce::W03-EXP-SENPAI-020,3,chunk-1024_topk-3_rerank-ce
0.0,8a903f12df693f40aa50f9109195e6cd02b51bc86e6e5fd7ef49a58383a8be30,8673d0b54b70c8a09dbda8d321c4165275ea758914ad8fa38bea50e7e0f82802,256,True,parsed,W03-EXP-SENPAI-001,w05_senpai_from_w03_expanded,1.0.0,1.0,1.0,0,2412.174,0,meta-llama/Llama-3.1-8B-Instruct,0e9e39f249a16976918f6564b8830bc894c89659,Senpai,2862.714,True,complete,42,1.0,cross_encoder,447.585,"[""INGEN-OFFICIAL-SENPAI-20260804::SENPAI-EXP-0001::child-001""]",W05::chunk-256_topk-1_rerank-ce::W03-EXP-SENPAI-001,1,chunk-256_topk-1_rerank-ce
0.670964825212831,15395cf8559af29dbfb5933eecd9ad65e3d34b24654ad1dcd500824293523abb,394bb06bfee188eb8b11802ef0a636f2850d17fe89027b9b393a25ea293d5265,256,True,parsed,W03-EXP-SENPAI-002,w05_senpai_from_w03_expanded,1.0.0,0.5,0.8333333333333334,0,5913.617,0,meta-llama/Llama-3.1-8B-Instruct,0e9e39f249a16976918f6564b8830bc894c89659,Senpai,6358.021,True,complete,42,0.4,cross_encoder,441.071,"[""INGEN-OFFICIAL-SENPAI-20260804::SENPAI-EXP-0002::child-001""]",W05::chunk-256_topk-1_rerank-ce::W03-EXP-SENPAI-002,1,chunk-256_topk-1_rerank-ce
0.9287563855622488,24a020f21e490fc452ef7048a2d5503fdcde1715ece2de0981de4e631b479c60,cc04f4b4b2715af40495674f6f9b21e264e016378d8edd9b84a86bb9260d0612,256,True,parsed,W03-EXP-SENPAI-003,w05_senpai_from_w03_expanded,1.0.0,1.0,1.0,0,2224.342,0,meta-llama/Llama-3.1-8B-Instruct,0e9e39f249a16976918f6564b8830bc894c89659,Senpai,2635.978,True,complete,42,0.75,cross_encoder,408.694,"[""INGEN-OFFICIAL-SENPAI-20260804::SENPAI-EXP-0003::child-001""]",W05::chunk-256_topk-1_rerank-ce::W03-EXP-SENPAI-003,1,chunk-256_topk-1_rerank-ce
0.8680726624114742,332d545996c7b38a342d0fb20dc836bbda332b033577795fd7f353bd19056a7e,5ea0c11d058602b989984b1cc73f80d518f9204fc116c9907175e0b507b17e1c,256,True,parsed,W03-EXP-SENPAI-004,w05_senpai_from_w03_expanded,1.0.0,0.5,1.0,0,2220.044,0,meta-llama/Llama-3.1-8B-Instruct,0e9e39f249a16976918f6564b8830bc894c89659,Senpai,2630.763,True,complete,42,1.0,cross_encoder,408.167,"[""INGEN-OFFICIAL-SENPAI-20260804::SENPAI-EXP-0017::child-001""]",W05::chunk-256_topk-1_rerank-ce::W03-EXP-SENPAI-004,1,chunk-256_topk-1_rerank-ce
0.0,468e3a140ee9b082db733e108c574fcb9bdfaa3aa764a46cb7c48cd55ad9cb6e,56abfbe8761457e112ac2143297732c3eb3417b196d236baae1f4fc9e0e95995,256,True,parsed,W03-EXP-SENPAI-005,w05_senpai_from_w03_expanded,1.0.0,0.5,0.7142857142857143,0,2455.014,0,meta-llama/Llama-3.1-8B-Instruct,0e9e39f249a16976918f6564b8830bc894c89659,Senpai,2885.155,True,complete,42,0.8,cross_encoder,427.292,"[""INGEN-OFFICIAL-SENPAI-20260804::SENPAI-EXP-0006::child-001""]",W05::chunk-256_topk-1_rerank-ce::W03-EXP-SENPAI-005,1,chunk-256_topk-1_rerank-ce
0.6417997682762698,2e0924848adc5a07828e67938a6a272d72b939b26d1c9c5c7639bc67defefa10,6f59f36ba16c86818a1d6f4db245db98a6a7d52bb432e53b5f4d2a80d51fd3ab,256,True,parsed,W03-EXP-SENPAI-006,w05_senpai_from_w03_expanded,1.0.0,0.5,0.42857142857142855,0,6295.244,0,meta-llama/Llama-3.1-8B-Instruct,0e9e39f249a16976918f6564b8830bc894c89659,Senpai,6724.582,True,complete,42,1.0,cross_encoder,426.341,"[""INGEN-OFFICIAL-SENPAI-20260804::SENPAI-EXP-0045::child-001""]",W05::chunk-256_topk-1_rerank-ce::W03-EXP-SENPAI-006,1,chunk-256_topk-1_rerank-ce
0.7744184293706335,e8f8b20ce685c5eed5713b4d0e724a1d8f1028779082cd6aa43d3c0488228d49,cad3e25fcbdf254ca07a04fbf119c73a5465e278bb78f8219ce70de87ba1fa35,256,True,parsed,W03-EXP-SENPAI-007,w05_senpai_from_w03_expanded,1.0.0,1.0,1.0,0,1065.057,0,meta-llama/Llama-3.1-8B-Instruct,0e9e39f249a16976918f6564b8830bc894c89659,Senpai,1523.17,True,complete,42,1.0,cross_encoder,455.632,"[""INGEN-OFFICIAL-SENPAI-20260804::SENPAI-EXP-0035::child-001""]",W05::chunk-256_topk-1_rerank-ce::W03-EXP-SENPAI-007,1,chunk-256_topk-1_rerank-ce
0.5353222925748553,59b0e282c553058f55d23d99eb71f64fa1f7f2311aa6d32f9d3ee113d9388b2f,eb3648140615a78afa73d560c32eb1334b492a198662a149fbbac196c6587864,256,True,parsed,W03-EXP-SENPAI-008,w05_senpai_from_w03_expanded,1.0.0,0.333333,1.0,0,6601.173,0,meta-llama/Llama-3.1-8B-Instruct,0e9e39f249a16976918f6564b8830bc894c89659,Senpai,7025.625,True,complete,42,1.0,cross_encoder,421.607,"[""INGEN-OFFICIAL-SENPAI-20260804::SENPAI-EXP-0042::child-001""]",W05::chunk-256_topk-1_rerank-ce::W03-EXP-SENPAI-008,1,chunk-256_topk-1_rerank-ce
0.7168437854028668,280111a7c449230a621678262b6f74e46b22dbbdf324dd59e708ed3d3150f8eb,f23831944a92eb7b4631cd292c68a0932d3162248a119bfa516bf2e673af5dfc,256,True,parsed,W03-EXP-SENPAI-009,w05_senpai_from_w03_expanded,1.0.0,1.0,1.0,0,4092.523,0,meta-llama/Llama-3.1-8B-Instruct,0e9e39f249a16976918f6564b8830bc894c89659,Senpai,4501.138,True,complete,42,1.0,cross_encoder,405.986,"[""INGEN-OFFICIAL-SENPAI-20260804::SENPAI-EXP-0037::child-001""]",W05::chunk-256_topk-1_rerank-ce::W03-EXP-SENPAI-009,1,chunk-256_topk-1_rerank-ce
0.0,dccf9a9febf1210fce5c2bbbc1e4bfa8de31d1f26f68411bf643c19cf6b82c7b,b1566469811a639441c803823707d37869243aee262bf7342e18f7d764752bce,256,True,parsed,W03-EXP-SENPAI-010,w05_senpai_from_w03_expanded,1.0.0,0.5,1.0,0,2912.359,0,meta-llama/Llama-3.1-8B-Instruct,0e9e39f249a16976918f6564b8830bc894c89659,Senpai,3325.045,True,complete,42,0.833333,cross_encoder,410.337,"[""INGEN-OFFICIAL-SENPAI-20260804::SENPAI-EXP-0038::child-001""]",W05::chunk-256_topk-1_rerank-ce::W03-EXP-SENPAI-010,1,chunk-256_topk-1_rerank-ce
0.0,a3f60ee81b5d12881016f4d7d2972e5abcb47e4c2af0792b58d6d8b7c786c3ff,bc089e94877939b251edf15a0f42902654f108b7bbb12a48880afdbbccfa635c,256,True,parsed,W03-EXP-SENPAI-011,w05_senpai_from_w03_expanded,1.0.0,1.0,0.5,0,2390.684,0,meta-llama/Llama-3.1-8B-Instruct,0e9e39f249a16976918f6564b8830bc894c89659,Senpai,2827.591,True,complete,42,0.7,cross_encoder,434.558,"[""INGEN-OFFICIAL-SENPAI-20260804::SENPAI-EXP-0039::child-001""]",W05::chunk-256_topk-1_rerank-ce::W03-EXP-SENPAI-011,1,chunk-256_topk-1_rerank-ce
0.0,12d353378f8e2213ecc7f5070c0c1937ca7e2cf4cc54a1356c9470c7bbf98489,2b97aeccdf327605c468909508829ec8dd4a807a5d1922aeb5598c9e3f1f7434,256,True,parsed,W03-EXP-SENPAI-012,w05_senpai_from_w03_expanded,1.0.0,0.333333,,0,345.624,0,meta-llama/Llama-3.1-8B-Instruct,0e9e39f249a16976918f6564b8830bc894c89659,Senpai,749.506,True,metric_failure_retained,42,0.857143,cross_encoder,401.266,"[""INGEN-OFFICIAL-SENPAI-20260804::SENPAI-EXP-0111::child-001""]",W05::chunk-256_topk-1_rerank-ce::W03-EXP-SENPAI-012,1,chunk-256_topk-1_rerank-ce
0.0,e2ddedf0ddf4a372fa00bc4b8e53d6adef80a5e03860fe57f18f50df6d3f5675,d3e90304bb6b59eb63ddd5f053951481c27ff876bd2bea1063fa2700b9909bfa,256,True,parsed,W03-EXP-SENPAI-013,w05_senpai_from_w03_expanded,1.0.0,0.0,1.0,0,3608.445,0,meta-llama/Llama-3.1-8B-Instruct,0e9e39f249a16976918f6564b8830bc894c89659,Senpai,4007.669,True,complete,42,0.428571,cross_encoder,396.457,"[""INGEN-OFFICIAL-SENPAI-20260804::SENPAI-EXP-0157::child-001""]",W05::chunk-256_topk-1_rerank-ce::W03-EXP-SENPAI-013,1,chunk-256_topk-1_rerank-ce
0.780822116826759,830e1dc7e439c65a0ffd2546d3c3893625136c369d4b835c74e9af4622f4a58f,d940740372731b60c2aef8f6515c09c97cf4cb97dfecf4c2836b914968efb495,256,True,parsed,W03-EXP-SENPAI-014,w05_senpai_from_w03_expanded,1.0.0,0.0,0.6666666666666666,0,3022.687,0,meta-llama/Llama-3.1-8B-Instruct,0e9e39f249a16976918f6564b8830bc894c89659,Senpai,3488.123,True,complete,42,0.5,cross_encoder,463.031,"[""INGEN-OFFICIAL-SENPAI-20260804::SENPAI-EXP-0143::child-001""]",W05::chunk-256_topk-1_rerank-ce::W03-EXP-SENPAI-014,1,chunk-256_topk-1_rerank-ce
0.4910733516669005,e67fe4fb879c1e6fc8288ddf177e816330ef8a9f2ec343cc9c4e3226a3be3a5d,d1869da6195992e6bd5d09de39b811bc872dfb1f2bae246ddfcb52ff498ff525,256,True,parsed,W03-EXP-SENPAI-015,w05_senpai_from_w03_expanded,1.0.0,0.5,1.0,0,6179.315,0,meta-llama/Llama-3.1-8B-Instruct,0e9e39f249a16976918f6564b8830bc894c89659,Senpai,6498.293,True,complete,42,1.0,cross_encoder,316.085,"[""INGEN-OFFICIAL-SENPAI-20260804::SENPAI-EXP-0045::child-001""]",W05::chunk-256_topk-1_rerank-ce::W03-EXP-SENPAI-015,1,chunk-256_topk-1_rerank-ce
0.8138371387087471,624e1631497c558ce5d81553a1763dc34ff667228f00fc7d135ab212d217e5ab,f9c99f85a07d616b36873045c1781ec70ff03cf6ea0c56aa5c3ce3df32636f8e,256,True,parsed,W03-EXP-SENPAI-016,w05_senpai_from_w03_expanded,1.0.0,0.333333,0.75,0,9999.203,0,meta-llama/Llama-3.1-8B-Instruct,0e9e39f249a16976918f6564b8830bc894c89659,Senpai,10432.377,True,complete,42,0.333333,cross_encoder,429.769,"[""INGEN-OFFICIAL-SENPAI-20260804::SENPAI-EXP-0153::child-001""]",W05::chunk-256_topk-1_rerank-ce::W03-EXP-SENPAI-016,1,chunk-256_topk-1_rerank-ce
0.0,ed5f5cf14f342426cf17860e27124c9c8ab7151070960219fcd5c5b0c291368f,59e51d67295d82c19da575e2197d784e99c249917e499417d5a4986156acc38c,256,True,parsed,W03-EXP-SENPAI-017,w05_senpai_from_w03_expanded,1.0.0,0.5,1.0,0,6530.021,0,meta-llama/Llama-3.1-8B-Instruct,0e9e39f249a16976918f6564b8830bc894c89659,Senpai,6960.059,True,complete,42,0.4,cross_encoder,427.452,"[""INGEN-OFFICIAL-SENPAI-20260804::SENPAI-EXP-0010::child-001""]",W05::chunk-256_topk-1_rerank-ce::W03-EXP-SENPAI-017,1,chunk-256_topk-1_rerank-ce
0.0,3ce1b3c5578ebee3efb6906abebcf2280ed2af023db307ed75a86ef44073b470,2b97aeccdf327605c468909508829ec8dd4a807a5d1922aeb5598c9e3f1f7434,256,True,parsed,W03-EXP-SENPAI-018,w05_senpai_from_w03_expanded,1.0.0,0.5,,0,342.254,0,meta-llama/Llama-3.1-8B-Instruct,0e9e39f249a16976918f6564b8830bc894c89659,Senpai,769.245,True,metric_failure_retained,42,0.333333,cross_encoder,424.71,"[""INGEN-OFFICIAL-SENPAI-20260804::SENPAI-EXP-0109::child-001""]",W05::chunk-256_topk-1_rerank-ce::W03-EXP-SENPAI-018,1,chunk-256_topk-1_rerank-ce
0.6420888700587454,41760f1e33f99f2c89f332cebae37b864de94b40f94a194de64b7b0b841f8cd4,048762f7f97616809e0f85423dfbdbe3aa3a5291bd886dc64eb795578d5ed301,256,True,parsed,W03-EXP-SENPAI-019,w05_senpai_from_w03_expanded,1.0.0,0.5,1.0,0,2422.299,0,meta-llama/Llama-3.1-8B-Instruct,0e9e39f249a16976918f6564b8830bc894c89659,Senpai,2824.5,True,complete,42,1.0,cross_encoder,399.733,"[""INGEN-OFFICIAL-SENPAI-20260804::SENPAI-EXP-0114::child-001""]",W05::chunk-256_topk-1_rerank-ce::W03-EXP-SENPAI-019,1,chunk-256_topk-1_rerank-ce
0.8953677972022275,f23de19b7761baf1e86913f02dc44f08c0df962872e7430876a51d5986db620b,a2f3e8ad7b44a69564af85536a9a379aafb0d325c37ff73537c2d9483b12c7be,256,True,parsed,W03-EXP-SENPAI-020,w05_senpai_from_w03_expanded,1.0.0,0.333333,0.75,0,2042.555,0,meta-llama/Llama-3.1-8B-Instruct,0e9e39f249a16976918f6564b8830bc894c89659,Senpai,2329.583,True,complete,42,1.0,cross_encoder,284.748,"[""INGEN-OFFICIAL-SENPAI-20260804::SENPAI-EXP-0086::child-001""]",W05::chunk-256_topk-1_rerank-ce::W03-EXP-SENPAI-020,1,chunk-256_topk-1_rerank-ce
0.0,c31136228c599b49181f163d6914377a14315b7eca0bbe2a5661cb72496f2cbd,0d04fe6a9321c7535073ae979cdf0bcdd8c31caf0869c130324b8de083b9a94f,512,True,parsed,W03-EXP-SENPAI-001,w05_senpai_from_w03_expanded,1.0.0,1.0,0.0,0,7250.181,0,meta-llama/Llama-3.1-8B-Instruct,0e9e39f249a16976918f6564b8830bc894c89659,Senpai,7656.388,True,complete,42,1.0,cross_encoder,402.081,"[""INGEN-OFFICIAL-SENPAI-20260804::SENPAI-EXP-0001::child-001"", ""INGEN-OFFICIAL-SENPAI-20260804::SENPAI-EXP-0108::child-001"", ""INGEN-OFFICIAL-SENPAI-20260804::SENPAI-EXP-0028::child-001"", ""INGEN-OFFICIAL-SENPAI-20260804::SENPAI-EXP-0107::child-001"", ""INGEN-OFFICIAL-SENPAI-20260804::SENPAI-EXP-0027::child-001""]",W05::chunk-512_topk-5_rerank-ce::W03-EXP-SENPAI-001,5,chunk-512_topk-5_rerank-ce
0.9771038554107029,aca5c97d9b68cfae550fd17ccf8a451b0b83074e1df43d8e51a8c7ba51677f58,f7eb042b77605302228f46a682ed7faba9032a2cc79e4997b929584f009882cd,512,True,parsed,W03-EXP-SENPAI-002,w05_senpai_from_w03_expanded,1.0.0,1.0,1.0,0,5886.411,0,meta-llama/Llama-3.1-8B-Instruct,0e9e39f249a16976918f6564b8830bc894c89659,Senpai,6415.526,True,complete,42,1.0,cross_encoder,524.283,"[""INGEN-OFFICIAL-SENPAI-20260804::SENPAI-EXP-0002::child-001"", ""INGEN-OFFICIAL-SENPAI-20260804::SENPAI-EXP-0156::child-001"", ""INGEN-OFFICIAL-SENPAI-20260804::SENPAI-EXP-0005::child-001"", ""INGEN-OFFICIAL-SENPAI-20260804::SENPAI-EXP-0148::child-001"", ""INGEN-OFFICIAL-SENPAI-20260804::SENPAI-EXP-0113::child-001""]",W05::chunk-512_topk-5_rerank-ce::W03-EXP-SENPAI-002,5,chunk-512_topk-5_rerank-ce
0.5433989331702845,5bf681192262232ea511eddb74f34732cd55cd08c521aade9540b76b0d14ef5a,473e29102ebb1fc5c9588fcc751f90630c7b8d14b715480007f85a254c37548c,512,True,parsed,W03-EXP-SENPAI-003,w05_senpai_from_w03_expanded,1.0.0,1.0,1.0,0,1891.835,0,meta-llama/Llama-3.1-8B-Instruct,0e9e39f249a16976918f6564b8830bc894c89659,Senpai,2358.132,True,complete,42,0.75,cross_encoder,462.339,"[""INGEN-OFFICIAL-SENPAI-20260804::SENPAI-EXP-0003::child-001"", ""INGEN-OFFICIAL-SENPAI-20260804::SENPAI-EXP-0004::child-001"", ""INGEN-OFFICIAL-SENPAI-20260804::SENPAI-EXP-0107::child-001"", ""INGEN-OFFICIAL-SENPAI-20260804::SENPAI-EXP-0127::child-001"", ""INGEN-OFFICIAL-SENPAI-20260804::SENPAI-EXP-0037::child-001""]",W05::chunk-512_topk-5_rerank-ce::W03-EXP-SENPAI-003,5,chunk-512_topk-5_rerank-ce
0.8348243166071905,09cbf5cbbe7b4d0db0f239d324ea66a2b6e2c53f841f8dad8144bb899afcfade,51f675361ad09aa3c8f16768fd98c7369c4059cec414a98be47485cba45d3668,512,True,parsed,W03-EXP-SENPAI-004,w05_senpai_from_w03_expanded,1.0.0,1.0,1.0,0,2572.195,0,meta-llama/Llama-3.1-8B-Instruct,0e9e39f249a16976918f6564b8830bc894c89659,Senpai,3001.694,True,complete,42,1.0,cross_encoder,425.117,"[""INGEN-OFFICIAL-SENPAI-20260804::SENPAI-EXP-0017::child-001"", ""INGEN-OFFICIAL-SENPAI-20260804::SENPAI-EXP-0004::child-001"", ""INGEN-OFFICIAL-SENPAI-20260804::SENPAI-EXP-0016::child-001"", ""INGEN-OFFICIAL-SENPAI-20260804::SENPAI-EXP-0030::child-001"", ""INGEN-OFFICIAL-SENPAI-20260804::SENPAI-EXP-0036::child-001""]",W05::chunk-512_topk-5_rerank-ce::W03-EXP-SENPAI-004,5,chunk-512_topk-5_rerank-ce
0.6668037361061145,6fb3c358052eda41c006bcf640907e304f10848246bc7d3b91f5cc175ad7d165,e88d70ca590fee07bd67da4b56be6979618d13c65c8543ec97802f3b013968a3,512,True,parsed,W03-EXP-SENPAI-005,w05_senpai_from_w03_expanded,1.0.0,0.5,1.0,0,11390.161,0,meta-llama/Llama-3.1-8B-Instruct,0e9e39f249a16976918f6564b8830bc894c89659,Senpai,11846.653,True,complete,42,1.0,cross_encoder,452.567,"[""INGEN-OFFICIAL-SENPAI-20260804::SENPAI-EXP-0006::child-001"", ""INGEN-OFFICIAL-SENPAI-20260804::SENPAI-EXP-0030::child-001"", ""INGEN-OFFICIAL-SENPAI-20260804::SENPAI-EXP-0128::child-001"", ""INGEN-OFFICIAL-SENPAI-20260804::SENPAI-EXP-0160::child-001"", ""INGEN-OFFICIAL-SENPAI-20260804::SENPAI-EXP-0162::child-001""]",W05::chunk-512_topk-5_rerank-ce::W03-EXP-SENPAI-005,5,chunk-512_topk-5_rerank-ce
0.6375376829896622,505d1b50bb5ad06ca4972d9d4ec100d7abdcbc21fe8e9b586ab3b62970ea4c84,90b0448cb506e39dc0eff87a171241f88d0e64e8452df72a4ac09eebfda5540a,512,True,parsed,W03-EXP-SENPAI-006,w05_senpai_from_w03_expanded,1.0.0,1.0,1.0,0,10368.745,0,meta-llama/Llama-3.1-8B-Instruct,0e9e39f249a16976918f6564b8830bc894c89659,Senpai,10754.783,True,complete,42,1.0,cross_encoder,380.945,"[""INGEN-OFFICIAL-SENPAI-20260804::SENPAI-EXP-0045::child-001"", ""INGEN-OFFICIAL-SENPAI-20260804::SENPAI-EXP-0034::child-001"", ""INGEN-OFFICIAL-SENPAI-20260804::SENPAI-EXP-0020::child-001"", ""INGEN-OFFICIAL-SENPAI-20260804::SENPAI-EXP-0151::child-001"", ""INGEN-OFFICIAL-SENPAI-20260804::SENPAI-EXP-0031::child-001""]",W05::chunk-512_topk-5_rerank-ce::W03-EXP-SENPAI-006,5,chunk-512_topk-5_rerank-ce
0.7744184293706335,0c870ee7d5264471f87d437e77c808fa5c5cd2d157e77aa1896bbe14a3a2ea6f,a64cf8b8c76bbeab1a2808241bb923d8bec136a804ae2d6947bd06d6c4c6dcbf,512,True,parsed,W03-EXP-SENPAI-007,w05_senpai_from_w03_expanded,1.0.0,1.0,1.0,0,1903.712,0,meta-llama/Llama-3.1-8B-Instruct,0e9e39f249a16976918f6564b8830bc894c89659,Senpai,2376.302,True,complete,42,0.8,cross_encoder,468.599,"[""INGEN-OFFICIAL-SENPAI-20260804::SENPAI-EXP-0035::child-001"", ""INGEN-OFFICIAL-SENPAI-20260804::SENPAI-EXP-0041::child-001"", ""INGEN-OFFICIAL-SENPAI-20260804::SENPAI-EXP-0039::child-001"", ""INGEN-OFFICIAL-SENPAI-20260804::SENPAI-EXP-0034::child-001"", ""INGEN-OFFICIAL-SENPAI-20260804::SENPAI-EXP-0127::child-001""]",W05::chunk-512_topk-5_rerank-ce::W03-EXP-SENPAI-007,5,chunk-512_topk-5_rerank-ce
0.5277894482333708,9b1f5b24117ce82fe7e9e0dd14646d763f51e74a54048aae958865a808399b59,64f989262e7374e0152a034824674b45db6f7dc97df89fe6506f457cf5372d6d,512,True,parsed,W03-EXP-SENPAI-008,w05_senpai_from_w03_expanded,1.0.0,1.0,1.0,0,9548.971,0,meta-llama/Llama-3.1-8B-Instruct,0e9e39f249a16976918f6564b8830bc894c89659,Senpai,10089.422,True,complete,42,1.0,cross_encoder,536.182,"[""INGEN-OFFICIAL-SENPAI-20260804::SENPAI-EXP-0042::child-001"", ""INGEN-OFFICIAL-SENPAI-20260804::SENPAI-EXP-0036::child-001"", ""INGEN-OFFICIAL-SENPAI-20260804::SENPAI-EXP-0147::child-001"", ""INGEN-OFFICIAL-SENPAI-20260804::SENPAI-EXP-0040::child-001"", ""INGEN-OFFICIAL-SENPAI-20260804::SENPAI-EXP-0007::child-001""]",W05::chunk-512_topk-5_rerank-ce::W03-EXP-SENPAI-008,5,chunk-512_topk-5_rerank-ce
0.692651982995265,07ae05250cc75616e2030d73cf3201da3cc483599918886d28015ecac618390f,14398972eb3c7cb2d3fa3e4196b2818f5ab66b5113fcb1274394dd662d48ff1a,512,True,parsed,W03-EXP-SENPAI-009,w05_senpai_from_w03_expanded,1.0.0,1.0,1.0,0,3814.311,0,meta-llama/Llama-3.1-8B-Instruct,0e9e39f249a16976918f6564b8830bc894c89659,Senpai,4320.76,True,complete,42,1.0,cross_encoder,502.571,"[""INGEN-OFFICIAL-SENPAI-20260804::SENPAI-EXP-0037::child-001"", ""INGEN-OFFICIAL-SENPAI-20260804::SENPAI-EXP-0042::child-001"", ""INGEN-OFFICIAL-SENPAI-20260804::SENPAI-EXP-0038::child-001"", ""INGEN-OFFICIAL-SENPAI-20260804::SENPAI-EXP-0045::child-001"", ""INGEN-OFFICIAL-SENPAI-20260804::SENPAI-EXP-0039::child-001""]",W05::chunk-512_topk-5_rerank-ce::W03-EXP-SENPAI-009,5,chunk-512_topk-5_rerank-ce
0.0,0d1f725d00a8eec1b4cf61ac581b4246225e497872cf8e5162a1be3f1f76af02,101bea2fb475987837bbda0d7f4af4483c3a13485374502b749be1fc6ed7dce2,512,True,parsed,W03-EXP-SENPAI-010,w05_senpai_from_w03_expanded,1.0.0,1.0,0.5714285714285714,0,7047.202,0,meta-llama/Llama-3.1-8B-Instruct,0e9e39f249a16976918f6564b8830bc894c89659,Senpai,7476.212,True,complete,42,1.0,cross_encoder,425.172,"[""INGEN-OFFICIAL-SENPAI-20260804::SENPAI-EXP-0038::child-001"", ""INGEN-OFFICIAL-SENPAI-20260804::SENPAI-EXP-0048::child-001"", ""INGEN-OFFICIAL-SENPAI-20260804::SENPAI-EXP-0151::child-001"", ""INGEN-OFFICIAL-SENPAI-20260804::SENPAI-EXP-0066::child-001"", ""INGEN-OFFICIAL-SENPAI-20260804::SENPAI-EXP-0063::child-001""]",W05::chunk-512_topk-5_rerank-ce::W03-EXP-SENPAI-010,5,chunk-512_topk-5_rerank-ce
0.0,e514d35eda2478ea16b21c47cdd9c6fec31ccd5c58b46dbae5681e6196daacad,b9bb52cce189a5489b79f006af2b7e8feb711dbfb44f8120be8fea5bd6d10709,512,True,parsed,W03-EXP-SENPAI-011,w05_senpai_from_w03_expanded,1.0.0,1.0,0.6666666666666666,0,5602.99,0,meta-llama/Llama-3.1-8B-Instruct,0e9e39f249a16976918f6564b8830bc894c89659,Senpai,6072.885,True,complete,42,1.0,cross_encoder,465.954,"[""INGEN-OFFICIAL-SENPAI-20260804::SENPAI-EXP-0039::child-001"", ""INGEN-OFFICIAL-SENPAI-20260804::SENPAI-EXP-0013::child-001"", ""INGEN-OFFICIAL-SENPAI-20260804::SENPAI-EXP-0045::child-001"", ""INGEN-OFFICIAL-SENPAI-20260804::SENPAI-EXP-0012::child-001"", ""INGEN-OFFICIAL-SENPAI-20260804::SENPAI-EXP-0034::child-001""]",W05::chunk-512_topk-5_rerank-ce::W03-EXP-SENPAI-011,5,chunk-512_topk-5_rerank-ce
0.6507816654734201,afe071cf12a5449c361b38bd4c0bcbec14c485a4dfd3926585aa46412f868187,f8593809fa41546a9a34183c43c00642d872b076bfeb1e3f30aa75534384ccf3,512,True,parsed,W03-EXP-SENPAI-012,w05_senpai_from_w03_expanded,1.0.0,1.0,1.0,0,4694.263,0,meta-llama/Llama-3.1-8B-Instruct,0e9e39f249a16976918f6564b8830bc894c89659,Senpai,5154.482,True,complete,42,1.0,cross_encoder,456.173,"[""INGEN-OFFICIAL-SENPAI-20260804::SENPAI-EXP-0111::child-001"", ""INGEN-OFFICIAL-SENPAI-20260804::SENPAI-EXP-0023::child-001"", ""INGEN-OFFICIAL-SENPAI-20260804::SENPAI-EXP-0044::child-001"", ""INGEN-OFFICIAL-SENPAI-20260804::SENPAI-EXP-0150::child-001"", ""INGEN-OFFICIAL-SENPAI-20260804::SENPAI-EXP-0043::child-001""]",W05::chunk-512_topk-5_rerank-ce::W03-EXP-SENPAI-012,5,chunk-512_topk-5_rerank-ce
0.6324894407052387,5a66ac8aefef1fab4d3bc879f70311783306395e5a0f538d159bdcdf95ad30e4,a6e6c4a82f4e6fb482778c7cd627356337753e183a59c33e56fbc6402d3b16b4,512,True,parsed,W03-EXP-SENPAI-013,w05_senpai_from_w03_expanded,1.0.0,0.25,1.0,0,11498.183,0,meta-llama/Llama-3.1-8B-Instruct,0e9e39f249a16976918f6564b8830bc894c89659,Senpai,11914.12,True,complete,42,1.0,cross_encoder,411.347,"[""INGEN-OFFICIAL-SENPAI-20260804::SENPAI-EXP-0157::child-001"", ""INGEN-OFFICIAL-SENPAI-20260804::SENPAI-EXP-0019::child-001"", ""INGEN-OFFICIAL-SENPAI-20260804::SENPAI-EXP-0044::child-001"", ""INGEN-OFFICIAL-SENPAI-20260804::SENPAI-EXP-0120::child-001"", ""INGEN-OFFICIAL-SENPAI-20260804::SENPAI-EXP-0149::child-001""]",W05::chunk-512_topk-5_rerank-ce::W03-EXP-SENPAI-013,5,chunk-512_topk-5_rerank-ce
0.0,c4e3bcfa9fc102a783ff9d5b6dbbd6fa530db4a3e62a270ba178cbaa28ea6171,098a04e961152b0f32a4ba379413b03ee5f763e933bc150663139b06f252fdce,512,True,parsed,W03-EXP-SENPAI-014,w05_senpai_from_w03_expanded,1.0.0,0.333333,0.0,0,1194.717,0,meta-llama/Llama-3.1-8B-Instruct,0e9e39f249a16976918f6564b8830bc894c89659,Senpai,1601.441,True,complete,42,0.833333,cross_encoder,402.77,"[""INGEN-OFFICIAL-SENPAI-20260804::SENPAI-EXP-0143::child-001"", ""INGEN-OFFICIAL-SENPAI-20260804::SENPAI-EXP-0157::child-001"", ""INGEN-OFFICIAL-SENPAI-20260804::SENPAI-EXP-0144::child-001"", ""INGEN-OFFICIAL-SENPAI-20260804::SENPAI-EXP-0145::child-001"", ""INGEN-OFFICIAL-SENPAI-20260804::SENPAI-EXP-0142::child-001""]",W05::chunk-512_topk-5_rerank-ce::W03-EXP-SENPAI-014,5,chunk-512_topk-5_rerank-ce
0.7276090342515532,d7211aaba0909f4e682b0cb5c7e77d4342bb0812f61c69fad5980bf8619b295e,b39e47d144ce18357016e79de353c92e67dc3b3069e518213e89c27719253c22,512,True,parsed,W03-EXP-SENPAI-015,w05_senpai_from_w03_expanded,1.0.0,1.0,1.0,0,11534.985,0,meta-llama/Llama-3.1-8B-Instruct,0e9e39f249a16976918f6564b8830bc894c89659,Senpai,11873.437,True,complete,42,1.0,cross_encoder,333.349,"[""INGEN-OFFICIAL-SENPAI-20260804::SENPAI-EXP-0045::child-001"", ""INGEN-OFFICIAL-SENPAI-20260804::SENPAI-EXP-0020::child-001"", ""INGEN-OFFICIAL-SENPAI-20260804::SENPAI-EXP-0031::child-001"", ""INGEN-OFFICIAL-SENPAI-20260804::SENPAI-EXP-0027::child-001"", ""INGEN-OFFICIAL-SENPAI-20260804::SENPAI-EXP-0169::child-001""]",W05::chunk-512_topk-5_rerank-ce::W03-EXP-SENPAI-015,5,chunk-512_topk-5_rerank-ce
0.7485291066771854,5df760f84996cf661c506d8727d67d7520d8e9dd1fe6bdb81da08bfd21cd42ee,6fb5c8324ce5abbef0ac14c2fd7864d45fe236597454c50c2c55965d617de836,512,True,parsed,W03-EXP-SENPAI-016,w05_senpai_from_w03_expanded,1.0.0,1.0,1.0,0,11611.858,0,meta-llama/Llama-3.1-8B-Instruct,0e9e39f249a16976918f6564b8830bc894c89659,Senpai,12064.334,True,complete,42,1.0,cross_encoder,444.573,"[""INGEN-OFFICIAL-SENPAI-20260804::SENPAI-EXP-0153::child-001"", ""INGEN-OFFICIAL-SENPAI-20260804::SENPAI-EXP-0154::child-001"", ""INGEN-OFFICIAL-SENPAI-20260804::SENPAI-EXP-0155::child-001"", ""INGEN-OFFICIAL-SENPAI-20260804::SENPAI-EXP-0102::child-001"", ""INGEN-OFFICIAL-SENPAI-20260804::SENPAI-EXP-0105::child-001""]",W05::chunk-512_topk-5_rerank-ce::W03-EXP-SENPAI-016,5,chunk-512_topk-5_rerank-ce
0.8968449859520756,9e3bf2a8ded98b25095abc3632d6cbbeccead36235a6523b2a393dd092198062,1d6869fa63dcece76cf3cf64e4b1d8f30f33738ad3a937d3f22154ca89d13172,512,True,parsed,W03-EXP-SENPAI-017,w05_senpai_from_w03_expanded,1.0.0,1.0,1.0,0,9609.292,0,meta-llama/Llama-3.1-8B-Instruct,0e9e39f249a16976918f6564b8830bc894c89659,Senpai,10053.261,True,complete,42,1.0,cross_encoder,438.329,"[""INGEN-OFFICIAL-SENPAI-20260804::SENPAI-EXP-0010::child-001"", ""INGEN-OFFICIAL-SENPAI-20260804::SENPAI-EXP-0026::child-001"", ""INGEN-OFFICIAL-SENPAI-20260804::SENPAI-EXP-0155::child-001"", ""INGEN-OFFICIAL-SENPAI-20260804::SENPAI-EXP-0039::child-001"", ""INGEN-OFFICIAL-SENPAI-20260804::SENPAI-EXP-0045::child-001""]",W05::chunk-512_topk-5_rerank-ce::W03-EXP-SENPAI-017,5,chunk-512_topk-5_rerank-ce
0.9623297514999786,f65a0a42e1fed25d99845adcba2cbb4d49f4b4bda460672ad10399ec9dcfc6de,88577067fde1e8100f12150ba8e1c61d0a3c29d5c2bb1d9d1cc1ddfeabe813f7,512,True,parsed,W03-EXP-SENPAI-018,w05_senpai_from_w03_expanded,1.0.0,1.0,1.0,0,11432.586,0,meta-llama/Llama-3.1-8B-Instruct,0e9e39f249a16976918f6564b8830bc894c89659,Senpai,11851.269,True,complete,42,1.0,cross_encoder,413.333,"[""INGEN-OFFICIAL-SENPAI-20260804::SENPAI-EXP-0109::child-001"", ""INGEN-OFFICIAL-SENPAI-20260804::SENPAI-EXP-0110::child-001"", ""INGEN-OFFICIAL-SENPAI-20260804::SENPAI-EXP-0021::child-001"", ""INGEN-OFFICIAL-SENPAI-20260804::SENPAI-EXP-0022::child-001"", ""INGEN-OFFICIAL-SENPAI-20260804::SENPAI-EXP-0040::child-001""]",W05::chunk-512_topk-5_rerank-ce::W03-EXP-SENPAI-018,5,chunk-512_topk-5_rerank-ce
0.9488366264698835,d3238fb8aef752f471c8d3f6ac610569c189ca934767fa0ebab9dc08f4487451,e904d5bbc1219fb899c79871469e487efa15893c9e057f6ce9101a091bb1ff01,512,True,parsed,W03-EXP-SENPAI-019,w05_senpai_from_w03_expanded,1.0.0,1.0,1.0,0,11443.679,0,meta-llama/Llama-3.1-8B-Instruct,0e9e39f249a16976918f6564b8830bc894c89659,Senpai,11848.613,True,complete,42,1.0,cross_encoder,399.629,"[""INGEN-OFFICIAL-SENPAI-20260804::SENPAI-EXP-0114::child-001"", ""INGEN-OFFICIAL-SENPAI-20260804::SENPAI-EXP-0025::child-001"", ""INGEN-OFFICIAL-SENPAI-20260804::SENPAI-EXP-0007::child-001"", ""INGEN-OFFICIAL-SENPAI-20260804::SENPAI-EXP-0042::child-001"", ""INGEN-OFFICIAL-SENPAI-20260804::SENPAI-EXP-0040::child-001""]",W05::chunk-512_topk-5_rerank-ce::W03-EXP-SENPAI-019,5,chunk-512_topk-5_rerank-ce
0.8977383620557733,82a9b4a74ed5a4ae3ac2d55e2d6598d08524bd132bbb36d4cc75a5137b1e216c,948379d0074356e7d4afba824001f2b91641e3fd10a3d54d879e712740aff65c,512,True,parsed,W03-EXP-SENPAI-020,w05_senpai_from_w03_expanded,1.0.0,1.0,0.75,0,7624.954,0,meta-llama/Llama-3.1-8B-Instruct,0e9e39f249a16976918f6564b8830bc894c89659,Senpai,7933.335,True,complete,42,1.0,cross_encoder,303.966,"[""INGEN-OFFICIAL-SENPAI-20260804::SENPAI-EXP-0086::child-001"", ""INGEN-OFFICIAL-SENPAI-20260804::SENPAI-EXP-0087::child-001"", ""INGEN-OFFICIAL-SENPAI-20260804::SENPAI-EXP-0001::child-001"", ""INGEN-OFFICIAL-SENPAI-20260804::SENPAI-EXP-0089::child-001"", ""INGEN-OFFICIAL-SENPAI-20260804::SENPAI-EXP-0027::child-001""]",W05::chunk-512_topk-5_rerank-ce::W03-EXP-SENPAI-020,5,chunk-512_topk-5_rerank-ce
0.0,1ad616fc564b71ba32e4b4751cca6fb88a15385f5338df37ec4a50aa95abef77,bee857641b772663039f58f11225f0c7e2bb5f8850ee53b6f187f9120cb1435c,256,False,parsed,W03-EXP-SENPAI-001,w05_senpai_from_w03_expanded,1.0.0,1.0,0.3333333333333333,0,5767.275,0,meta-llama/Llama-3.1-8B-Instruct,0e9e39f249a16976918f6564b8830bc894c89659,Senpai,5887.66,False,complete,42,1.0,none,114.543,"[""INGEN-OFFICIAL-SENPAI-20260804::SENPAI-EXP-0001::child-001"", ""INGEN-OFFICIAL-SENPAI-20260804::SENPAI-EXP-0108::child-001"", ""INGEN-OFFICIAL-SENPAI-20260804::SENPAI-EXP-0107::child-001""]",W05::chunk-256_topk-3_rerank-none::W03-EXP-SENPAI-001,3,chunk-256_topk-3_rerank-none
0.7653361796409527,c88beec4c9bbf18921a379eab115451229ebb650d27a8ef3fb15084f2c3f938c,617e2e3eaa1c9dd9f2189a39c18fd990c27fe82e6f8704542772aad0c6c79044,256,False,parsed,W03-EXP-SENPAI-002,w05_senpai_from_w03_expanded,1.0.0,1.0,1.0,0,4764.846,0,meta-llama/Llama-3.1-8B-Instruct,0e9e39f249a16976918f6564b8830bc894c89659,Senpai,4899.934,False,complete,42,1.0,none,128.024,"[""INGEN-OFFICIAL-SENPAI-20260804::SENPAI-EXP-0002::child-001"", ""INGEN-OFFICIAL-SENPAI-20260804::SENPAI-EXP-0005::child-001"", ""INGEN-OFFICIAL-SENPAI-20260804::SENPAI-EXP-0148::child-001""]",W05::chunk-256_topk-3_rerank-none::W03-EXP-SENPAI-002,3,chunk-256_topk-3_rerank-none
0.5433989331702845,6e2cda6f91d6cb680d69793f23fa5abf9e04c5ddf8d5b32ab321b78ec385e5a5,473e29102ebb1fc5c9588fcc751f90630c7b8d14b715480007f85a254c37548c,256,True,parsed,W03-EXP-SENPAI-003,w05_senpai_from_w03_expanded,1.0.0,1.0,1.0,0,1844.509,0,meta-llama/Llama-3.1-8B-Instruct,0e9e39f249a16976918f6564b8830bc894c89659,Senpai,1958.834,False,complete,42,0.75,none,108.718,"[""INGEN-OFFICIAL-SENPAI-20260804::SENPAI-EXP-0003::child-001"", ""INGEN-OFFICIAL-SENPAI-20260804::SENPAI-EXP-0127::child-001"", ""INGEN-OFFICIAL-SENPAI-20260804::SENPAI-EXP-0107::child-001""]",W05::chunk-256_topk-3_rerank-none::W03-EXP-SENPAI-003,3,chunk-256_topk-3_rerank-none
0.9840438653741107,16ab69d81216b346d060c6dd62712edd0168525704fc6449c0af608edd7577d4,daf2c1d28ba8c4f1fbbb90821c21f38470ee75bc372a98494fd0e88cd6fccf0b,256,False,parsed,W03-EXP-SENPAI-004,w05_senpai_from_w03_expanded,1.0.0,1.0,1.0,0,2645.229,0,meta-llama/Llama-3.1-8B-Instruct,0e9e39f249a16976918f6564b8830bc894c89659,Senpai,2741.163,False,complete,42,1.0,none,90.27,"[""INGEN-OFFICIAL-SENPAI-20260804::SENPAI-EXP-0017::child-001"", ""INGEN-OFFICIAL-SENPAI-20260804::SENPAI-EXP-0004::child-001"", ""INGEN-OFFICIAL-SENPAI-20260804::SENPAI-EXP-0006::child-001""]",W05::chunk-256_topk-3_rerank-none::W03-EXP-SENPAI-004,3,chunk-256_topk-3_rerank-none
0.9257859847740599,b8313ad5d21d9e7d96b1276460ec66dc691a2702100309cf37950e9c39f6abba,6b722ee7eda0bd8b7b2e8606f20c8021fc534a0d1731871bbf8096bdfc4e0b4c,256,False,parsed,W03-EXP-SENPAI-005,w05_senpai_from_w03_expanded,1.0.0,0.5,1.0,0,3824.148,0,meta-llama/Llama-3.1-8B-Instruct,0e9e39f249a16976918f6564b8830bc894c89659,Senpai,3913.404,False,complete,42,0.8,none,84.209,"[""INGEN-OFFICIAL-SENPAI-20260804::SENPAI-EXP-0006::child-001"", ""INGEN-OFFICIAL-SENPAI-20260804::SENPAI-EXP-0128::child-001"", ""INGEN-OFFICIAL-SENPAI-20260804::SENPAI-EXP-0162::child-001""]",W05::chunk-256_topk-3_rerank-none::W03-EXP-SENPAI-005,3,chunk-256_topk-3_rerank-none
0.6164179050292681,cb1b22985a382d7d143e399c403fa2a9009cbeb1b9fa94e8514fa1f9131a94c7,f9a093b4a824483583de9039cfc42b7c6b805de2f4d15637c52e50bc1f5b2f72,256,False,parsed,W03-EXP-SENPAI-006,w05_senpai_from_w03_expanded,1.0.0,1.0,1.0,0,4737.954,0,meta-llama/Llama-3.1-8B-Instruct,0e9e39f249a16976918f6564b8830bc894c89659,Senpai,4862.34,False,complete,42,0.666667,none,117.832,"[""INGEN-OFFICIAL-SENPAI-20260804::SENPAI-EXP-0045::child-001"", ""INGEN-OFFICIAL-SENPAI-20260804::SENPAI-EXP-0034::child-001"", ""INGEN-OFFICIAL-SENPAI-20260804::SENPAI-EXP-0151::child-001""]",W05::chunk-256_topk-3_rerank-none::W03-EXP-SENPAI-006,3,chunk-256_topk-3_rerank-none
0.7702734471217486,ec1878b58e9ad854516e5ab7f5d0f2ddef70352aab8c34332bfa24d6fe401889,faf32ab8bdc6fd3874d6415e4ac8c7d26dd78e1110c63faaf87a9deb1c088d61,256,True,parsed,W03-EXP-SENPAI-007,w05_senpai_from_w03_expanded,1.0.0,1.0,1.0,0,1831.126,0,meta-llama/Llama-3.1-8B-Instruct,0e9e39f249a16976918f6564b8830bc894c89659,Senpai,1957.004,False,complete,42,0.8,none,119.094,"[""INGEN-OFFICIAL-SENPAI-20260804::SENPAI-EXP-0035::child-001"", ""INGEN-OFFICIAL-SENPAI-20260804::SENPAI-EXP-0039::child-001"", ""INGEN-OFFICIAL-SENPAI-20260804::SENPAI-EXP-0044::child-001""]",W05::chunk-256_topk-3_rerank-none::W03-EXP-SENPAI-007,3,chunk-256_topk-3_rerank-none
0.0,629a7b56584dca4f1f00cbdaf7164e1235c61b296f026055759121c3d80241f0,40c3067a0fd3b5fc3fd9094c14992b9b8be9d65b341ef8be580a70557ed6634f,256,False,parsed,W03-EXP-SENPAI-008,w05_senpai_from_w03_expanded,1.0.0,0.666667,1.0,0,4962.828,0,meta-llama/Llama-3.1-8B-Instruct,0e9e39f249a16976918f6564b8830bc894c89659,Senpai,5075.099,False,complete,42,1.0,none,106.692,"[""INGEN-OFFICIAL-SENPAI-20260804::SENPAI-EXP-0147::child-001"", ""INGEN-OFFICIAL-SENPAI-20260804::SENPAI-EXP-0036::child-001"", ""INGEN-OFFICIAL-SENPAI-20260804::SENPAI-EXP-0042::child-001""]",W05::chunk-256_topk-3_rerank-none::W03-EXP-SENPAI-008,3,chunk-256_topk-3_rerank-none
0.708600306812247,6161a0bfcd40a1bed14010d4fb3d20a8816b5236283a678dea15d3f3ec920fc9,14aa05371ba7dddcc4d045a967be86bb97f8a5bf3c11a8463d0efefcf51c5363,256,True,parsed,W03-EXP-SENPAI-009,w05_senpai_from_w03_expanded,1.0.0,1.0,1.0,0,6585.669,0,meta-llama/Llama-3.1-8B-Instruct,0e9e39f249a16976918f6564b8830bc894c89659,Senpai,6706.184,False,complete,42,1.0,none,114.215,"[""INGEN-OFFICIAL-SENPAI-20260804::SENPAI-EXP-0037::child-001"", ""INGEN-OFFICIAL-SENPAI-20260804::SENPAI-EXP-0038::child-001"", ""INGEN-OFFICIAL-SENPAI-20260804::SENPAI-EXP-0063::child-001""]",W05::chunk-256_topk-3_rerank-none::W03-EXP-SENPAI-009,3,chunk-256_topk-3_rerank-none
0.0,3f8cda36f981a7d4ebcfcc5d7b8211fad3b8f0b89b1b027f3363a4a3afef49d2,af27689027e07e4f2ea1061f5be774925ed78aa25e0d6fc71a95f1d8cb3a4577,256,False,parsed,W03-EXP-SENPAI-010,w05_senpai_from_w03_expanded,1.0.0,0.5,0.6666666666666666,0,6031.439,0,meta-llama/Llama-3.1-8B-Instruct,0e9e39f249a16976918f6564b8830bc894c89659,Senpai,6152.894,False,complete,42,0.833333,none,114.779,"[""INGEN-OFFICIAL-SENPAI-20260804::SENPAI-EXP-0038::child-001"", ""INGEN-OFFICIAL-SENPAI-20260804::SENPAI-EXP-0048::child-001"", ""INGEN-OFFICIAL-SENPAI-20260804::SENPAI-EXP-0066::child-001""]",W05::chunk-256_topk-3_rerank-none::W03-EXP-SENPAI-010,3,chunk-256_topk-3_rerank-none
0.0,72f24a9761f430ad3f04036d8cf4afe246255efb571e248894b35051fbd969dc,819c3ebc6a4aca544535316e08d2415bae80f773b2d162c74aa9bbe990fff388,256,False,parsed,W03-EXP-SENPAI-011,w05_senpai_from_w03_expanded,1.0.0,1.0,0.6666666666666666,0,4190.605,0,meta-llama/Llama-3.1-8B-Instruct,0e9e39f249a16976918f6564b8830bc894c89659,Senpai,4312.32,False,complete,42,0.8,none,114.822,"[""INGEN-OFFICIAL-SENPAI-20260804::SENPAI-EXP-0039::child-001"", ""INGEN-OFFICIAL-SENPAI-20260804::SENPAI-EXP-0013::child-001"", ""INGEN-OFFICIAL-SENPAI-20260804::SENPAI-EXP-0151::child-001""]",W05::chunk-256_topk-3_rerank-none::W03-EXP-SENPAI-011,3,chunk-256_topk-3_rerank-none
0.7095887541909267,cfba1abee16b2370ce219098d36b21d1875512dc3cba49ea9976df0ef38b83ca,a2a31d2864f83968699eeb23ed64a06d82fc20aa5602cf605b238f1258982193,256,False,parsed,W03-EXP-SENPAI-012,w05_senpai_from_w03_expanded,1.0.0,0.333333,0.8,0,7377.181,0,meta-llama/Llama-3.1-8B-Instruct,0e9e39f249a16976918f6564b8830bc894c89659,Senpai,7508.789,False,complete,42,1.0,none,125.054,"[""INGEN-OFFICIAL-SENPAI-20260804::SENPAI-EXP-0111::child-001"", ""INGEN-OFFICIAL-SENPAI-20260804::SENPAI-EXP-0023::child-001"", ""INGEN-OFFICIAL-SENPAI-20260804::SENPAI-EXP-0006::child-001""]",W05::chunk-256_topk-3_rerank-none::W03-EXP-SENPAI-012,3,chunk-256_topk-3_rerank-none
0.8072454938457673,1bf160d1703d00e11e482936c9a5fd455fe811085010015ab294166dbbb21b08,d50c00831497e781bf051cf137b0a66b4f6a482b2b6f222d8d50123584e1936d,256,False,parsed,W03-EXP-SENPAI-013,w05_senpai_from_w03_expanded,1.0.0,0.25,1.0,0,8395.226,0,meta-llama/Llama-3.1-8B-Instruct,0e9e39f249a16976918f6564b8830bc894c89659,Senpai,8520.983,False,complete,42,1.0,none,118.304,"[""INGEN-OFFICIAL-SENPAI-20260804::SENPAI-EXP-0157::child-001"", ""INGEN-OFFICIAL-SENPAI-20260804::SENPAI-EXP-0019::child-001"", ""INGEN-OFFICIAL-SENPAI-20260804::SENPAI-EXP-0127::child-001""]",W05::chunk-256_topk-3_rerank-none::W03-EXP-SENPAI-013,3,chunk-256_topk-3_rerank-none
0.644115914789995,74f2cc6251c54a600366c17510a3d236b23ac7f7feb3147d6795cf491e4d9488,ee15fb3201d77786b3fb84def38e38447e220e0032da3e2bc2a92949169c72af,256,False,parsed,W03-EXP-SENPAI-014,w05_senpai_from_w03_expanded,1.0.0,0.333333,0.8,0,6211.914,0,meta-llama/Llama-3.1-8B-Instruct,0e9e39f249a16976918f6564b8830bc894c89659,Senpai,6329.347,False,complete,42,0.333333,none,111.004,"[""INGEN-OFFICIAL-SENPAI-20260804::SENPAI-EXP-0143::child-001"", ""INGEN-OFFICIAL-SENPAI-20260804::SENPAI-EXP-0144::child-001"", ""INGEN-OFFICIAL-SENPAI-20260804::SENPAI-EXP-0142::child-001""]",W05::chunk-256_topk-3_rerank-none::W03-EXP-SENPAI-014,3,chunk-256_topk-3_rerank-none
0.512492956915269,ea14850c6864c7397966292a9d01125b60430481bbd7b6132d7dd2674340cb25,5e5d1ffef91e4758850888a89ecf8cf9e048e358ef5b5df5f493ad0fbff8384e,256,True,parsed,W03-EXP-SENPAI-015,w05_senpai_from_w03_expanded,1.0.0,1.0,1.0,0,7553.085,0,meta-llama/Llama-3.1-8B-Instruct,0e9e39f249a16976918f6564b8830bc894c89659,Senpai,7689.715,True,complete,42,1.0,none,130.03,"[""INGEN-OFFICIAL-SENPAI-20260804::SENPAI-EXP-0045::child-001"", ""INGEN-OFFICIAL-SENPAI-20260804::SENPAI-EXP-0020::child-001"", ""INGEN-OFFICIAL-SENPAI-20260804::SENPAI-EXP-0031::child-001""]",W05::chunk-256_topk-3_rerank-none::W03-EXP-SENPAI-015,3,chunk-256_topk-3_rerank-none
0.7427301942108316,127825fb5250542cee42355468273c5bbd83a9556921ad7f420935fdcb045685,1cb5296cca9f81e029a54f5a7420caa70824bcd0b20e5054f400a781a2cf5536,256,False,parsed,W03-EXP-SENPAI-016,w05_senpai_from_w03_expanded,1.0.0,1.0,1.0,0,11438.767,0,meta-llama/Llama-3.1-8B-Instruct,0e9e39f249a16976918f6564b8830bc894c89659,Senpai,11563.649,False,complete,42,0.666667,none,117.411,"[""INGEN-OFFICIAL-SENPAI-20260804::SENPAI-EXP-0155::child-001"", ""INGEN-OFFICIAL-SENPAI-20260804::SENPAI-EXP-0153::child-001"", ""INGEN-OFFICIAL-SENPAI-20260804::SENPAI-EXP-0154::child-001""]",W05::chunk-256_topk-3_rerank-none::W03-EXP-SENPAI-016,3,chunk-256_topk-3_rerank-none
0.9186945673558321,afbd00bbe6aede22e9a98aabce564ccaed5b0b4c95abf9cdd0c663703d3538bf,da8b98940a0b59332bc052d22e1c032bfe5816c6c6e2d966f8bd0ad42efa2339,256,True,parsed,W03-EXP-SENPAI-017,w05_senpai_from_w03_expanded,1.0.0,1.0,1.0,0,8542.772,0,meta-llama/Llama-3.1-8B-Instruct,0e9e39f249a16976918f6564b8830bc894c89659,Senpai,8638.663,True,complete,42,1.0,none,90.984,"[""INGEN-OFFICIAL-SENPAI-20260804::SENPAI-EXP-0010::child-001"", ""INGEN-OFFICIAL-SENPAI-20260804::SENPAI-EXP-0026::child-001"", ""INGEN-OFFICIAL-SENPAI-20260804::SENPAI-EXP-0155::child-001""]",W05::chunk-256_topk-3_rerank-none::W03-EXP-SENPAI-017,3,chunk-256_topk-3_rerank-none
0.0,a64f7f8ff30d93abf2d0581e16d20be55548248914a9dcf48982b690208b9dd1,2b97aeccdf327605c468909508829ec8dd4a807a5d1922aeb5598c9e3f1f7434,256,True,parsed,W03-EXP-SENPAI-018,w05_senpai_from_w03_expanded,1.0.0,1.0,,0,382.003,0,meta-llama/Llama-3.1-8B-Instruct,0e9e39f249a16976918f6564b8830bc894c89659,Senpai,485.304,False,metric_failure_retained,42,0.333333,none,98.653,"[""INGEN-OFFICIAL-SENPAI-20260804::SENPAI-EXP-0110::child-001"", ""INGEN-OFFICIAL-SENPAI-20260804::SENPAI-EXP-0109::child-001"", ""INGEN-OFFICIAL-SENPAI-20260804::SENPAI-EXP-0022::child-001""]",W05::chunk-256_topk-3_rerank-none::W03-EXP-SENPAI-018,3,chunk-256_topk-3_rerank-none
0.8652454750857409,53e191aa9805fa76792f0aab9b177a571598c3177e9267fde66d889891658def,0d939799cc3d51cae700d4e289b2535d8afef126933a69bf0ee90bed17b54307,256,True,parsed,W03-EXP-SENPAI-019,w05_senpai_from_w03_expanded,1.0.0,0.5,0.8,0,5299.912,0,meta-llama/Llama-3.1-8B-Instruct,0e9e39f249a16976918f6564b8830bc894c89659,Senpai,5401.145,True,complete,42,1.0,none,95.653,"[""INGEN-OFFICIAL-SENPAI-20260804::SENPAI-EXP-0114::child-001"", ""INGEN-OFFICIAL-SENPAI-20260804::SENPAI-EXP-0025::child-001"", ""INGEN-OFFICIAL-SENPAI-20260804::SENPAI-EXP-0007::child-001""]",W05::chunk-256_topk-3_rerank-none::W03-EXP-SENPAI-019,3,chunk-256_topk-3_rerank-none
0.8885123915630272,cadbe46bee6f3e974bc6e94df114fb29154c0f91d5dd3e27d1ba91655b8c2edb,0aae3ff10f32c58085158dc7afa049c9b9f24ecc2d18a1db6ded5ac068afb480,256,True,parsed,W03-EXP-SENPAI-020,w05_senpai_from_w03_expanded,1.0.0,1.0,0.75,0,6606.816,0,meta-llama/Llama-3.1-8B-Instruct,0e9e39f249a16976918f6564b8830bc894c89659,Senpai,6744.855,True,complete,42,1.0,none,130.669,"[""INGEN-OFFICIAL-SENPAI-20260804::SENPAI-EXP-0086::child-001"", ""INGEN-OFFICIAL-SENPAI-20260804::SENPAI-EXP-0087::child-001"", ""INGEN-OFFICIAL-SENPAI-20260804::SENPAI-EXP-0001::child-001""]",W05::chunk-256_topk-3_rerank-none::W03-EXP-SENPAI-020,3,chunk-256_topk-3_rerank-none
0.0,1ad616fc564b71ba32e4b4751cca6fb88a15385f5338df37ec4a50aa95abef77,bee857641b772663039f58f11225f0c7e2bb5f8850ee53b6f187f9120cb1435c,1024,True,parsed,W03-EXP-SENPAI-001,w05_senpai_from_w03_expanded,1.0.0,1.0,0.3333333333333333,0,5776.829,0,meta-llama/Llama-3.1-8B-Instruct,0e9e39f249a16976918f6564b8830bc894c89659,Senpai,5912.695,True,complete,42,1.0,none,128.806,"[""INGEN-OFFICIAL-SENPAI-20260804::SENPAI-EXP-0001::child-001"", ""INGEN-OFFICIAL-SENPAI-20260804::SENPAI-EXP-0108::child-001"", ""INGEN-OFFICIAL-SENPAI-20260804::SENPAI-EXP-0107::child-001""]",W05::chunk-1024_topk-3_rerank-none::W03-EXP-SENPAI-001,3,chunk-1024_topk-3_rerank-none
0.7653361796409527,c88beec4c9bbf18921a379eab115451229ebb650d27a8ef3fb15084f2c3f938c,617e2e3eaa1c9dd9f2189a39c18fd990c27fe82e6f8704542772aad0c6c79044,1024,True,parsed,W03-EXP-SENPAI-002,w05_senpai_from_w03_expanded,1.0.0,1.0,1.0,0,4767.398,0,meta-llama/Llama-3.1-8B-Instruct,0e9e39f249a16976918f6564b8830bc894c89659,Senpai,4881.98,True,complete,42,1.0,none,108.663,"[""INGEN-OFFICIAL-SENPAI-20260804::SENPAI-EXP-0002::child-001"", ""INGEN-OFFICIAL-SENPAI-20260804::SENPAI-EXP-0005::child-001"", ""INGEN-OFFICIAL-SENPAI-20260804::SENPAI-EXP-0148::child-001""]",W05::chunk-1024_topk-3_rerank-none::W03-EXP-SENPAI-002,3,chunk-1024_topk-3_rerank-none
0.5433989331702845,6e2cda6f91d6cb680d69793f23fa5abf9e04c5ddf8d5b32ab321b78ec385e5a5,473e29102ebb1fc5c9588fcc751f90630c7b8d14b715480007f85a254c37548c,1024,True,parsed,W03-EXP-SENPAI-003,w05_senpai_from_w03_expanded,1.0.0,1.0,1.0,0,1834.384,0,meta-llama/Llama-3.1-8B-Instruct,0e9e39f249a16976918f6564b8830bc894c89659,Senpai,1932.757,True,complete,42,0.75,none,93.734,"[""INGEN-OFFICIAL-SENPAI-20260804::SENPAI-EXP-0003::child-001"", ""INGEN-OFFICIAL-SENPAI-20260804::SENPAI-EXP-0127::child-001"", ""INGEN-OFFICIAL-SENPAI-20260804::SENPAI-EXP-0107::child-001""]",W05::chunk-1024_topk-3_rerank-none::W03-EXP-SENPAI-003,3,chunk-1024_topk-3_rerank-none
0.9840438653741107,16ab69d81216b346d060c6dd62712edd0168525704fc6449c0af608edd7577d4,daf2c1d28ba8c4f1fbbb90821c21f38470ee75bc372a98494fd0e88cd6fccf0b,1024,True,parsed,W03-EXP-SENPAI-004,w05_senpai_from_w03_expanded,1.0.0,1.0,1.0,0,2641.819,0,meta-llama/Llama-3.1-8B-Instruct,0e9e39f249a16976918f6564b8830bc894c89659,Senpai,2719.264,True,complete,42,1.0,none,72.554,"[""INGEN-OFFICIAL-SENPAI-20260804::SENPAI-EXP-0017::child-001"", ""INGEN-OFFICIAL-SENPAI-20260804::SENPAI-EXP-0004::child-001"", ""INGEN-OFFICIAL-SENPAI-20260804::SENPAI-EXP-0006::child-001""]",W05::chunk-1024_topk-3_rerank-none::W03-EXP-SENPAI-004,3,chunk-1024_topk-3_rerank-none
0.9257859847740599,b8313ad5d21d9e7d96b1276460ec66dc691a2702100309cf37950e9c39f6abba,6b722ee7eda0bd8b7b2e8606f20c8021fc534a0d1731871bbf8096bdfc4e0b4c,1024,True,parsed,W03-EXP-SENPAI-005,w05_senpai_from_w03_expanded,1.0.0,0.5,1.0,0,3794.118,0,meta-llama/Llama-3.1-8B-Instruct,0e9e39f249a16976918f6564b8830bc894c89659,Senpai,3897.608,True,complete,42,0.8,none,98.046,"[""INGEN-OFFICIAL-SENPAI-20260804::SENPAI-EXP-0006::child-001"", ""INGEN-OFFICIAL-SENPAI-20260804::SENPAI-EXP-0128::child-001"", ""INGEN-OFFICIAL-SENPAI-20260804::SENPAI-EXP-0162::child-001""]",W05::chunk-1024_topk-3_rerank-none::W03-EXP-SENPAI-005,3,chunk-1024_topk-3_rerank-none
0.6164179050292681,cb1b22985a382d7d143e399c403fa2a9009cbeb1b9fa94e8514fa1f9131a94c7,f9a093b4a824483583de9039cfc42b7c6b805de2f4d15637c52e50bc1f5b2f72,1024,True,parsed,W03-EXP-SENPAI-006,w05_senpai_from_w03_expanded,1.0.0,1.0,1.0,0,4725.429,0,meta-llama/Llama-3.1-8B-Instruct,0e9e39f249a16976918f6564b8830bc894c89659,Senpai,4833.211,True,complete,42,0.666667,none,101.21,"[""INGEN-OFFICIAL-SENPAI-20260804::SENPAI-EXP-0045::child-001"", ""INGEN-OFFICIAL-SENPAI-20260804::SENPAI-EXP-0034::child-001"", ""INGEN-OFFICIAL-SENPAI-20260804::SENPAI-EXP-0151::child-001""]",W05::chunk-1024_topk-3_rerank-none::W03-EXP-SENPAI-006,3,chunk-1024_topk-3_rerank-none
0.7702734471217486,ec1878b58e9ad854516e5ab7f5d0f2ddef70352aab8c34332bfa24d6fe401889,faf32ab8bdc6fd3874d6415e4ac8c7d26dd78e1110c63faaf87a9deb1c088d61,1024,True,parsed,W03-EXP-SENPAI-007,w05_senpai_from_w03_expanded,1.0.0,1.0,1.0,0,1828.074,0,meta-llama/Llama-3.1-8B-Instruct,0e9e39f249a16976918f6564b8830bc894c89659,Senpai,1919.293,True,complete,42,0.8,none,86.438,"[""INGEN-OFFICIAL-SENPAI-20260804::SENPAI-EXP-0035::child-001"", ""INGEN-OFFICIAL-SENPAI-20260804::SENPAI-EXP-0039::child-001"", ""INGEN-OFFICIAL-SENPAI-20260804::SENPAI-EXP-0044::child-001""]",W05::chunk-1024_topk-3_rerank-none::W03-EXP-SENPAI-007,3,chunk-1024_topk-3_rerank-none
0.0,629a7b56584dca4f1f00cbdaf7164e1235c61b296f026055759121c3d80241f0,40c3067a0fd3b5fc3fd9094c14992b9b8be9d65b341ef8be580a70557ed6634f,1024,True,parsed,W03-EXP-SENPAI-008,w05_senpai_from_w03_expanded,1.0.0,0.666667,1.0,0,4961.132,0,meta-llama/Llama-3.1-8B-Instruct,0e9e39f249a16976918f6564b8830bc894c89659,Senpai,5062.955,True,complete,42,1.0,none,96.109,"[""INGEN-OFFICIAL-SENPAI-20260804::SENPAI-EXP-0147::child-001"", ""INGEN-OFFICIAL-SENPAI-20260804::SENPAI-EXP-0036::child-001"", ""INGEN-OFFICIAL-SENPAI-20260804::SENPAI-EXP-0042::child-001""]",W05::chunk-1024_topk-3_rerank-none::W03-EXP-SENPAI-008,3,chunk-1024_topk-3_rerank-none
0.708600306812247,6161a0bfcd40a1bed14010d4fb3d20a8816b5236283a678dea15d3f3ec920fc9,14aa05371ba7dddcc4d045a967be86bb97f8a5bf3c11a8463d0efefcf51c5363,1024,True,parsed,W03-EXP-SENPAI-009,w05_senpai_from_w03_expanded,1.0.0,1.0,1.0,0,6569.391,0,meta-llama/Llama-3.1-8B-Instruct,0e9e39f249a16976918f6564b8830bc894c89659,Senpai,6650.378,True,complete,42,1.0,none,77.262,"[""INGEN-OFFICIAL-SENPAI-20260804::SENPAI-EXP-0037::child-001"", ""INGEN-OFFICIAL-SENPAI-20260804::SENPAI-EXP-0038::child-001"", ""INGEN-OFFICIAL-SENPAI-20260804::SENPAI-EXP-0063::child-001""]",W05::chunk-1024_topk-3_rerank-none::W03-EXP-SENPAI-009,3,chunk-1024_topk-3_rerank-none
0.0,3f8cda36f981a7d4ebcfcc5d7b8211fad3b8f0b89b1b027f3363a4a3afef49d2,af27689027e07e4f2ea1061f5be774925ed78aa25e0d6fc71a95f1d8cb3a4577,1024,True,parsed,W03-EXP-SENPAI-010,w05_senpai_from_w03_expanded,1.0.0,0.5,0.6666666666666666,0,6018.002,0,meta-llama/Llama-3.1-8B-Instruct,0e9e39f249a16976918f6564b8830bc894c89659,Senpai,6153.133,True,complete,42,0.833333,none,128.535,"[""INGEN-OFFICIAL-SENPAI-20260804::SENPAI-EXP-0038::child-001"", ""INGEN-OFFICIAL-SENPAI-20260804::SENPAI-EXP-0048::child-001"", ""INGEN-OFFICIAL-SENPAI-20260804::SENPAI-EXP-0066::child-001""]",W05::chunk-1024_topk-3_rerank-none::W03-EXP-SENPAI-010,3,chunk-1024_topk-3_rerank-none
0.0,72f24a9761f430ad3f04036d8cf4afe246255efb571e248894b35051fbd969dc,819c3ebc6a4aca544535316e08d2415bae80f773b2d162c74aa9bbe990fff388,1024,True,parsed,W03-EXP-SENPAI-011,w05_senpai_from_w03_expanded,1.0.0,1.0,0.6666666666666666,0,4174.592,0,meta-llama/Llama-3.1-8B-Instruct,0e9e39f249a16976918f6564b8830bc894c89659,Senpai,4293.245,True,complete,42,0.8,none,112.512,"[""INGEN-OFFICIAL-SENPAI-20260804::SENPAI-EXP-0039::child-001"", ""INGEN-OFFICIAL-SENPAI-20260804::SENPAI-EXP-0013::child-001"", ""INGEN-OFFICIAL-SENPAI-20260804::SENPAI-EXP-0151::child-001""]",W05::chunk-1024_topk-3_rerank-none::W03-EXP-SENPAI-011,3,chunk-1024_topk-3_rerank-none
0.7095887541909267,cfba1abee16b2370ce219098d36b21d1875512dc3cba49ea9976df0ef38b83ca,a2a31d2864f83968699eeb23ed64a06d82fc20aa5602cf605b238f1258982193,1024,True,parsed,W03-EXP-SENPAI-012,w05_senpai_from_w03_expanded,1.0.0,0.333333,0.8,0,7362.659,0,meta-llama/Llama-3.1-8B-Instruct,0e9e39f249a16976918f6564b8830bc894c89659,Senpai,7481.963,True,complete,42,1.0,none,112.718,"[""INGEN-OFFICIAL-SENPAI-20260804::SENPAI-EXP-0111::child-001"", ""INGEN-OFFICIAL-SENPAI-20260804::SENPAI-EXP-0023::child-001"", ""INGEN-OFFICIAL-SENPAI-20260804::SENPAI-EXP-0006::child-001""]",W05::chunk-1024_topk-3_rerank-none::W03-EXP-SENPAI-012,3,chunk-1024_topk-3_rerank-none
0.8072454938457673,1bf160d1703d00e11e482936c9a5fd455fe811085010015ab294166dbbb21b08,d50c00831497e781bf051cf137b0a66b4f6a482b2b6f222d8d50123584e1936d,1024,True,parsed,W03-EXP-SENPAI-013,w05_senpai_from_w03_expanded,1.0.0,0.25,1.0,0,8387.808,0,meta-llama/Llama-3.1-8B-Instruct,0e9e39f249a16976918f6564b8830bc894c89659,Senpai,8496.298,True,complete,42,1.0,none,102.319,"[""INGEN-OFFICIAL-SENPAI-20260804::SENPAI-EXP-0157::child-001"", ""INGEN-OFFICIAL-SENPAI-20260804::SENPAI-EXP-0019::child-001"", ""INGEN-OFFICIAL-SENPAI-20260804::SENPAI-EXP-0127::child-001""]",W05::chunk-1024_topk-3_rerank-none::W03-EXP-SENPAI-013,3,chunk-1024_topk-3_rerank-none
0.644115914789995,74f2cc6251c54a600366c17510a3d236b23ac7f7feb3147d6795cf491e4d9488,ee15fb3201d77786b3fb84def38e38447e220e0032da3e2bc2a92949169c72af,1024,True,parsed,W03-EXP-SENPAI-014,w05_senpai_from_w03_expanded,1.0.0,0.333333,0.8,0,6202.816,0,meta-llama/Llama-3.1-8B-Instruct,0e9e39f249a16976918f6564b8830bc894c89659,Senpai,6301.102,True,complete,42,0.333333,none,93.655,"[""INGEN-OFFICIAL-SENPAI-20260804::SENPAI-EXP-0143::child-001"", ""INGEN-OFFICIAL-SENPAI-20260804::SENPAI-EXP-0144::child-001"", ""INGEN-OFFICIAL-SENPAI-20260804::SENPAI-EXP-0142::child-001""]",W05::chunk-1024_topk-3_rerank-none::W03-EXP-SENPAI-014,3,chunk-1024_topk-3_rerank-none
0.512492956915269,ea14850c6864c7397966292a9d01125b60430481bbd7b6132d7dd2674340cb25,5e5d1ffef91e4758850888a89ecf8cf9e048e358ef5b5df5f493ad0fbff8384e,1024,True,parsed,W03-EXP-SENPAI-015,w05_senpai_from_w03_expanded,1.0.0,1.0,1.0,0,7562.715,0,meta-llama/Llama-3.1-8B-Instruct,0e9e39f249a16976918f6564b8830bc894c89659,Senpai,7686.809,True,complete,42,1.0,none,117.999,"[""INGEN-OFFICIAL-SENPAI-20260804::SENPAI-EXP-0045::child-001"", ""INGEN-OFFICIAL-SENPAI-20260804::SENPAI-EXP-0020::child-001"", ""INGEN-OFFICIAL-SENPAI-20260804::SENPAI-EXP-0031::child-001""]",W05::chunk-1024_topk-3_rerank-none::W03-EXP-SENPAI-015,3,chunk-1024_topk-3_rerank-none
0.7427301942108316,127825fb5250542cee42355468273c5bbd83a9556921ad7f420935fdcb045685,1cb5296cca9f81e029a54f5a7420caa70824bcd0b20e5054f400a781a2cf5536,1024,True,parsed,W03-EXP-SENPAI-016,w05_senpai_from_w03_expanded,1.0.0,1.0,1.0,0,11428.805,0,meta-llama/Llama-3.1-8B-Instruct,0e9e39f249a16976918f6564b8830bc894c89659,Senpai,11542.487,True,complete,42,0.666667,none,105.743,"[""INGEN-OFFICIAL-SENPAI-20260804::SENPAI-EXP-0155::child-001"", ""INGEN-OFFICIAL-SENPAI-20260804::SENPAI-EXP-0153::child-001"", ""INGEN-OFFICIAL-SENPAI-20260804::SENPAI-EXP-0154::child-001""]",W05::chunk-1024_topk-3_rerank-none::W03-EXP-SENPAI-016,3,chunk-1024_topk-3_rerank-none
0.9186945673558321,afbd00bbe6aede22e9a98aabce564ccaed5b0b4c95abf9cdd0c663703d3538bf,da8b98940a0b59332bc052d22e1c032bfe5816c6c6e2d966f8bd0ad42efa2339,1024,True,parsed,W03-EXP-SENPAI-017,w05_senpai_from_w03_expanded,1.0.0,1.0,1.0,0,8556.147,0,meta-llama/Llama-3.1-8B-Instruct,0e9e39f249a16976918f6564b8830bc894c89659,Senpai,8704.785,True,complete,42,1.0,none,139.963,"[""INGEN-OFFICIAL-SENPAI-20260804::SENPAI-EXP-0010::child-001"", ""INGEN-OFFICIAL-SENPAI-20260804::SENPAI-EXP-0026::child-001"", ""INGEN-OFFICIAL-SENPAI-20260804::SENPAI-EXP-0155::child-001""]",W05::chunk-1024_topk-3_rerank-none::W03-EXP-SENPAI-017,3,chunk-1024_topk-3_rerank-none
0.0,a64f7f8ff30d93abf2d0581e16d20be55548248914a9dcf48982b690208b9dd1,2b97aeccdf327605c468909508829ec8dd4a807a5d1922aeb5598c9e3f1f7434,1024,True,parsed,W03-EXP-SENPAI-018,w05_senpai_from_w03_expanded,1.0.0,1.0,,0,382.268,0,meta-llama/Llama-3.1-8B-Instruct,0e9e39f249a16976918f6564b8830bc894c89659,Senpai,501.468,True,metric_failure_retained,42,0.333333,none,113.86,"[""INGEN-OFFICIAL-SENPAI-20260804::SENPAI-EXP-0110::child-001"", ""INGEN-OFFICIAL-SENPAI-20260804::SENPAI-EXP-0109::child-001"", ""INGEN-OFFICIAL-SENPAI-20260804::SENPAI-EXP-0022::child-001""]",W05::chunk-1024_topk-3_rerank-none::W03-EXP-SENPAI-018,3,chunk-1024_topk-3_rerank-none
0.8652454750857409,53e191aa9805fa76792f0aab9b177a571598c3177e9267fde66d889891658def,0d939799cc3d51cae700d4e289b2535d8afef126933a69bf0ee90bed17b54307,1024,True,parsed,W03-EXP-SENPAI-019,w05_senpai_from_w03_expanded,1.0.0,0.5,0.8,0,5297.065,0,meta-llama/Llama-3.1-8B-Instruct,0e9e39f249a16976918f6564b8830bc894c89659,Senpai,5402.181,True,complete,42,1.0,none,99.789,"[""INGEN-OFFICIAL-SENPAI-20260804::SENPAI-EXP-0114::child-001"", ""INGEN-OFFICIAL-SENPAI-20260804::SENPAI-EXP-0025::child-001"", ""INGEN-OFFICIAL-SENPAI-20260804::SENPAI-EXP-0007::child-001""]",W05::chunk-1024_topk-3_rerank-none::W03-EXP-SENPAI-019,3,chunk-1024_topk-3_rerank-none
0.8885123915630272,cadbe46bee6f3e974bc6e94df114fb29154c0f91d5dd3e27d1ba91655b8c2edb,0aae3ff10f32c58085158dc7afa049c9b9f24ecc2d18a1db6ded5ac068afb480,1024,True,parsed,W03-EXP-SENPAI-020,w05_senpai_from_w03_expanded,1.0.0,1.0,0.75,0,6599.861,0,meta-llama/Llama-3.1-8B-Instruct,0e9e39f249a16976918f6564b8830bc894c89659,Senpai,6712.991,True,complete,42,1.0,none,107.465,"[""INGEN-OFFICIAL-SENPAI-20260804::SENPAI-EXP-0086::child-001"", ""INGEN-OFFICIAL-SENPAI-20260804::SENPAI-EXP-0087::child-001"", ""INGEN-OFFICIAL-SENPAI-20260804::SENPAI-EXP-0001::child-001""]",W05::chunk-1024_topk-3_rerank-none::W03-EXP-SENPAI-020,3,chunk-1024_topk-3_rerank-none
0.0,c31136228c599b49181f163d6914377a14315b7eca0bbe2a5661cb72496f2cbd,0d04fe6a9321c7535073ae979cdf0bcdd8c31caf0869c130324b8de083b9a94f,1024,True,parsed,W03-EXP-SENPAI-001,w05_senpai_from_w03_expanded,1.0.0,1.0,0.0,0,7248.066,0,meta-llama/Llama-3.1-8B-Instruct,0e9e39f249a16976918f6564b8830bc894c89659,Senpai,7693.756,True,complete,42,1.0,cross_encoder,441.717,"[""INGEN-OFFICIAL-SENPAI-20260804::SENPAI-EXP-0001::child-001"", ""INGEN-OFFICIAL-SENPAI-20260804::SENPAI-EXP-0108::child-001"", ""INGEN-OFFICIAL-SENPAI-20260804::SENPAI-EXP-0028::child-001"", ""INGEN-OFFICIAL-SENPAI-20260804::SENPAI-EXP-0107::child-001"", ""INGEN-OFFICIAL-SENPAI-20260804::SENPAI-EXP-0027::child-001""]",W05::chunk-1024_topk-5_rerank-ce::W03-EXP-SENPAI-001,5,chunk-1024_topk-5_rerank-ce
0.9771038554107029,aca5c97d9b68cfae550fd17ccf8a451b0b83074e1df43d8e51a8c7ba51677f58,f7eb042b77605302228f46a682ed7faba9032a2cc79e4997b929584f009882cd,1024,True,parsed,W03-EXP-SENPAI-002,w05_senpai_from_w03_expanded,1.0.0,1.0,1.0,0,5892.009,0,meta-llama/Llama-3.1-8B-Instruct,0e9e39f249a16976918f6564b8830bc894c89659,Senpai,6321.639,True,complete,42,1.0,cross_encoder,424.978,"[""INGEN-OFFICIAL-SENPAI-20260804::SENPAI-EXP-0002::child-001"", ""INGEN-OFFICIAL-SENPAI-20260804::SENPAI-EXP-0156::child-001"", ""INGEN-OFFICIAL-SENPAI-20260804::SENPAI-EXP-0005::child-001"", ""INGEN-OFFICIAL-SENPAI-20260804::SENPAI-EXP-0148::child-001"", ""INGEN-OFFICIAL-SENPAI-20260804::SENPAI-EXP-0113::child-001""]",W05::chunk-1024_topk-5_rerank-ce::W03-EXP-SENPAI-002,5,chunk-1024_topk-5_rerank-ce
0.5433989331702845,5bf681192262232ea511eddb74f34732cd55cd08c521aade9540b76b0d14ef5a,473e29102ebb1fc5c9588fcc751f90630c7b8d14b715480007f85a254c37548c,1024,True,parsed,W03-EXP-SENPAI-003,w05_senpai_from_w03_expanded,1.0.0,1.0,1.0,0,1894.36,0,meta-llama/Llama-3.1-8B-Instruct,0e9e39f249a16976918f6564b8830bc894c89659,Senpai,2308.402,True,complete,42,0.75,cross_encoder,410.13,"[""INGEN-OFFICIAL-SENPAI-20260804::SENPAI-EXP-0003::child-001"", ""INGEN-OFFICIAL-SENPAI-20260804::SENPAI-EXP-0004::child-001"", ""INGEN-OFFICIAL-SENPAI-20260804::SENPAI-EXP-0107::child-001"", ""INGEN-OFFICIAL-SENPAI-20260804::SENPAI-EXP-0127::child-001"", ""INGEN-OFFICIAL-SENPAI-20260804::SENPAI-EXP-0037::child-001""]",W05::chunk-1024_topk-5_rerank-ce::W03-EXP-SENPAI-003,5,chunk-1024_topk-5_rerank-ce
0.8348243166071905,09cbf5cbbe7b4d0db0f239d324ea66a2b6e2c53f841f8dad8144bb899afcfade,51f675361ad09aa3c8f16768fd98c7369c4059cec414a98be47485cba45d3668,1024,True,parsed,W03-EXP-SENPAI-004,w05_senpai_from_w03_expanded,1.0.0,1.0,1.0,0,2570.395,0,meta-llama/Llama-3.1-8B-Instruct,0e9e39f249a16976918f6564b8830bc894c89659,Senpai,2973.676,True,complete,42,1.0,cross_encoder,399.372,"[""INGEN-OFFICIAL-SENPAI-20260804::SENPAI-EXP-0017::child-001"", ""INGEN-OFFICIAL-SENPAI-20260804::SENPAI-EXP-0004::child-001"", ""INGEN-OFFICIAL-SENPAI-20260804::SENPAI-EXP-0016::child-001"", ""INGEN-OFFICIAL-SENPAI-20260804::SENPAI-EXP-0030::child-001"", ""INGEN-OFFICIAL-SENPAI-20260804::SENPAI-EXP-0036::child-001""]",W05::chunk-1024_topk-5_rerank-ce::W03-EXP-SENPAI-004,5,chunk-1024_topk-5_rerank-ce
0.6668037361061145,6fb3c358052eda41c006bcf640907e304f10848246bc7d3b91f5cc175ad7d165,e88d70ca590fee07bd67da4b56be6979618d13c65c8543ec97802f3b013968a3,1024,True,parsed,W03-EXP-SENPAI-005,w05_senpai_from_w03_expanded,1.0.0,0.5,1.0,0,11362.164,0,meta-llama/Llama-3.1-8B-Instruct,0e9e39f249a16976918f6564b8830bc894c89659,Senpai,11781.925,True,complete,42,1.0,cross_encoder,416.077,"[""INGEN-OFFICIAL-SENPAI-20260804::SENPAI-EXP-0006::child-001"", ""INGEN-OFFICIAL-SENPAI-20260804::SENPAI-EXP-0030::child-001"", ""INGEN-OFFICIAL-SENPAI-20260804::SENPAI-EXP-0128::child-001"", ""INGEN-OFFICIAL-SENPAI-20260804::SENPAI-EXP-0160::child-001"", ""INGEN-OFFICIAL-SENPAI-20260804::SENPAI-EXP-0162::child-001""]",W05::chunk-1024_topk-5_rerank-ce::W03-EXP-SENPAI-005,5,chunk-1024_topk-5_rerank-ce
0.6375376829896622,505d1b50bb5ad06ca4972d9d4ec100d7abdcbc21fe8e9b586ab3b62970ea4c84,90b0448cb506e39dc0eff87a171241f88d0e64e8452df72a4ac09eebfda5540a,1024,True,parsed,W03-EXP-SENPAI-006,w05_senpai_from_w03_expanded,1.0.0,1.0,1.0,0,10332.284,0,meta-llama/Llama-3.1-8B-Instruct,0e9e39f249a16976918f6564b8830bc894c89659,Senpai,10754.287,True,complete,42,1.0,cross_encoder,417.803,"[""INGEN-OFFICIAL-SENPAI-20260804::SENPAI-EXP-0045::child-001"", ""INGEN-OFFICIAL-SENPAI-20260804::SENPAI-EXP-0034::child-001"", ""INGEN-OFFICIAL-SENPAI-20260804::SENPAI-EXP-0020::child-001"", ""INGEN-OFFICIAL-SENPAI-20260804::SENPAI-EXP-0151::child-001"", ""INGEN-OFFICIAL-SENPAI-20260804::SENPAI-EXP-0031::child-001""]",W05::chunk-1024_topk-5_rerank-ce::W03-EXP-SENPAI-006,5,chunk-1024_topk-5_rerank-ce
0.7744184293706335,0c870ee7d5264471f87d437e77c808fa5c5cd2d157e77aa1896bbe14a3a2ea6f,a64cf8b8c76bbeab1a2808241bb923d8bec136a804ae2d6947bd06d6c4c6dcbf,1024,True,parsed,W03-EXP-SENPAI-007,w05_senpai_from_w03_expanded,1.0.0,1.0,1.0,0,1902.873,0,meta-llama/Llama-3.1-8B-Instruct,0e9e39f249a16976918f6564b8830bc894c89659,Senpai,2325.024,True,complete,42,0.8,cross_encoder,418.407,"[""INGEN-OFFICIAL-SENPAI-20260804::SENPAI-EXP-0035::child-001"", ""INGEN-OFFICIAL-SENPAI-20260804::SENPAI-EXP-0041::child-001"", ""INGEN-OFFICIAL-SENPAI-20260804::SENPAI-EXP-0039::child-001"", ""INGEN-OFFICIAL-SENPAI-20260804::SENPAI-EXP-0034::child-001"", ""INGEN-OFFICIAL-SENPAI-20260804::SENPAI-EXP-0127::child-001""]",W05::chunk-1024_topk-5_rerank-ce::W03-EXP-SENPAI-007,5,chunk-1024_topk-5_rerank-ce
0.5277894482333708,9b1f5b24117ce82fe7e9e0dd14646d763f51e74a54048aae958865a808399b59,64f989262e7374e0152a034824674b45db6f7dc97df89fe6506f457cf5372d6d,1024,True,parsed,W03-EXP-SENPAI-008,w05_senpai_from_w03_expanded,1.0.0,1.0,1.0,0,9534.38,0,meta-llama/Llama-3.1-8B-Instruct,0e9e39f249a16976918f6564b8830bc894c89659,Senpai,9917.985,True,complete,42,1.0,cross_encoder,379.793,"[""INGEN-OFFICIAL-SENPAI-20260804::SENPAI-EXP-0042::child-001"", ""INGEN-OFFICIAL-SENPAI-20260804::SENPAI-EXP-0036::child-001"", ""INGEN-OFFICIAL-SENPAI-20260804::SENPAI-EXP-0147::child-001"", ""INGEN-OFFICIAL-SENPAI-20260804::SENPAI-EXP-0040::child-001"", ""INGEN-OFFICIAL-SENPAI-20260804::SENPAI-EXP-0007::child-001""]",W05::chunk-1024_topk-5_rerank-ce::W03-EXP-SENPAI-008,5,chunk-1024_topk-5_rerank-ce
0.692651982995265,07ae05250cc75616e2030d73cf3201da3cc483599918886d28015ecac618390f,14398972eb3c7cb2d3fa3e4196b2818f5ab66b5113fcb1274394dd662d48ff1a,1024,True,parsed,W03-EXP-SENPAI-009,w05_senpai_from_w03_expanded,1.0.0,1.0,1.0,0,3806.227,0,meta-llama/Llama-3.1-8B-Instruct,0e9e39f249a16976918f6564b8830bc894c89659,Senpai,4218.338,True,complete,42,1.0,cross_encoder,408.722,"[""INGEN-OFFICIAL-SENPAI-20260804::SENPAI-EXP-0037::child-001"", ""INGEN-OFFICIAL-SENPAI-20260804::SENPAI-EXP-0042::child-001"", ""INGEN-OFFICIAL-SENPAI-20260804::SENPAI-EXP-0038::child-001"", ""INGEN-OFFICIAL-SENPAI-20260804::SENPAI-EXP-0045::child-001"", ""INGEN-OFFICIAL-SENPAI-20260804::SENPAI-EXP-0039::child-001""]",W05::chunk-1024_topk-5_rerank-ce::W03-EXP-SENPAI-009,5,chunk-1024_topk-5_rerank-ce
0.0,0d1f725d00a8eec1b4cf61ac581b4246225e497872cf8e5162a1be3f1f76af02,101bea2fb475987837bbda0d7f4af4483c3a13485374502b749be1fc6ed7dce2,1024,True,parsed,W03-EXP-SENPAI-010,w05_senpai_from_w03_expanded,1.0.0,1.0,0.5714285714285714,0,7032.885,0,meta-llama/Llama-3.1-8B-Instruct,0e9e39f249a16976918f6564b8830bc894c89659,Senpai,7435.053,True,complete,42,1.0,cross_encoder,398.729,"[""INGEN-OFFICIAL-SENPAI-20260804::SENPAI-EXP-0038::child-001"", ""INGEN-OFFICIAL-SENPAI-20260804::SENPAI-EXP-0048::child-001"", ""INGEN-OFFICIAL-SENPAI-20260804::SENPAI-EXP-0151::child-001"", ""INGEN-OFFICIAL-SENPAI-20260804::SENPAI-EXP-0066::child-001"", ""INGEN-OFFICIAL-SENPAI-20260804::SENPAI-EXP-0063::child-001""]",W05::chunk-1024_topk-5_rerank-ce::W03-EXP-SENPAI-010,5,chunk-1024_topk-5_rerank-ce
0.0,e514d35eda2478ea16b21c47cdd9c6fec31ccd5c58b46dbae5681e6196daacad,b9bb52cce189a5489b79f006af2b7e8feb711dbfb44f8120be8fea5bd6d10709,1024,True,parsed,W03-EXP-SENPAI-011,w05_senpai_from_w03_expanded,1.0.0,1.0,0.6666666666666666,0,5592.311,0,meta-llama/Llama-3.1-8B-Instruct,0e9e39f249a16976918f6564b8830bc894c89659,Senpai,5989.953,True,complete,42,1.0,cross_encoder,392.836,"[""INGEN-OFFICIAL-SENPAI-20260804::SENPAI-EXP-0039::child-001"", ""INGEN-OFFICIAL-SENPAI-20260804::SENPAI-EXP-0013::child-001"", ""INGEN-OFFICIAL-SENPAI-20260804::SENPAI-EXP-0045::child-001"", ""INGEN-OFFICIAL-SENPAI-20260804::SENPAI-EXP-0012::child-001"", ""INGEN-OFFICIAL-SENPAI-20260804::SENPAI-EXP-0034::child-001""]",W05::chunk-1024_topk-5_rerank-ce::W03-EXP-SENPAI-011,5,chunk-1024_topk-5_rerank-ce
0.6507816654734201,afe071cf12a5449c361b38bd4c0bcbec14c485a4dfd3926585aa46412f868187,f8593809fa41546a9a34183c43c00642d872b076bfeb1e3f30aa75534384ccf3,1024,True,parsed,W03-EXP-SENPAI-012,w05_senpai_from_w03_expanded,1.0.0,1.0,1.0,0,4694.533,0,meta-llama/Llama-3.1-8B-Instruct,0e9e39f249a16976918f6564b8830bc894c89659,Senpai,5070.141,True,complete,42,1.0,cross_encoder,371.732,"[""INGEN-OFFICIAL-SENPAI-20260804::SENPAI-EXP-0111::child-001"", ""INGEN-OFFICIAL-SENPAI-20260804::SENPAI-EXP-0023::child-001"", ""INGEN-OFFICIAL-SENPAI-20260804::SENPAI-EXP-0044::child-001"", ""INGEN-OFFICIAL-SENPAI-20260804::SENPAI-EXP-0150::child-001"", ""INGEN-OFFICIAL-SENPAI-20260804::SENPAI-EXP-0043::child-001""]",W05::chunk-1024_topk-5_rerank-ce::W03-EXP-SENPAI-012,5,chunk-1024_topk-5_rerank-ce
0.6324894407052387,5a66ac8aefef1fab4d3bc879f70311783306395e5a0f538d159bdcdf95ad30e4,a6e6c4a82f4e6fb482778c7cd627356337753e183a59c33e56fbc6402d3b16b4,1024,True,parsed,W03-EXP-SENPAI-013,w05_senpai_from_w03_expanded,1.0.0,0.25,1.0,0,11495.917,0,meta-llama/Llama-3.1-8B-Instruct,0e9e39f249a16976918f6564b8830bc894c89659,Senpai,11912.861,True,complete,42,1.0,cross_encoder,412.123,"[""INGEN-OFFICIAL-SENPAI-20260804::SENPAI-EXP-0157::child-001"", ""INGEN-OFFICIAL-SENPAI-20260804::SENPAI-EXP-0019::child-001"", ""INGEN-OFFICIAL-SENPAI-20260804::SENPAI-EXP-0044::child-001"", ""INGEN-OFFICIAL-SENPAI-20260804::SENPAI-EXP-0120::child-001"", ""INGEN-OFFICIAL-SENPAI-20260804::SENPAI-EXP-0149::child-001""]",W05::chunk-1024_topk-5_rerank-ce::W03-EXP-SENPAI-013,5,chunk-1024_topk-5_rerank-ce
0.0,c4e3bcfa9fc102a783ff9d5b6dbbd6fa530db4a3e62a270ba178cbaa28ea6171,098a04e961152b0f32a4ba379413b03ee5f763e933bc150663139b06f252fdce,1024,True,parsed,W03-EXP-SENPAI-014,w05_senpai_from_w03_expanded,1.0.0,0.333333,0.0,0,1193.133,0,meta-llama/Llama-3.1-8B-Instruct,0e9e39f249a16976918f6564b8830bc894c89659,Senpai,1592.263,True,complete,42,0.833333,cross_encoder,394.684,"[""INGEN-OFFICIAL-SENPAI-20260804::SENPAI-EXP-0143::child-001"", ""INGEN-OFFICIAL-SENPAI-20260804::SENPAI-EXP-0157::child-001"", ""INGEN-OFFICIAL-SENPAI-20260804::SENPAI-EXP-0144::child-001"", ""INGEN-OFFICIAL-SENPAI-20260804::SENPAI-EXP-0145::child-001"", ""INGEN-OFFICIAL-SENPAI-20260804::SENPAI-EXP-0142::child-001""]",W05::chunk-1024_topk-5_rerank-ce::W03-EXP-SENPAI-014,5,chunk-1024_topk-5_rerank-ce
0.7276090342515532,d7211aaba0909f4e682b0cb5c7e77d4342bb0812f61c69fad5980bf8619b295e,b39e47d144ce18357016e79de353c92e67dc3b3069e518213e89c27719253c22,1024,True,parsed,W03-EXP-SENPAI-015,w05_senpai_from_w03_expanded,1.0.0,1.0,1.0,0,11478.387,0,meta-llama/Llama-3.1-8B-Instruct,0e9e39f249a16976918f6564b8830bc894c89659,Senpai,11858.971,True,complete,42,1.0,cross_encoder,376.078,"[""INGEN-OFFICIAL-SENPAI-20260804::SENPAI-EXP-0045::child-001"", ""INGEN-OFFICIAL-SENPAI-20260804::SENPAI-EXP-0020::child-001"", ""INGEN-OFFICIAL-SENPAI-20260804::SENPAI-EXP-0031::child-001"", ""INGEN-OFFICIAL-SENPAI-20260804::SENPAI-EXP-0027::child-001"", ""INGEN-OFFICIAL-SENPAI-20260804::SENPAI-EXP-0169::child-001""]",W05::chunk-1024_topk-5_rerank-ce::W03-EXP-SENPAI-015,5,chunk-1024_topk-5_rerank-ce
0.7485291066771854,5df760f84996cf661c506d8727d67d7520d8e9dd1fe6bdb81da08bfd21cd42ee,6fb5c8324ce5abbef0ac14c2fd7864d45fe236597454c50c2c55965d617de836,1024,True,parsed,W03-EXP-SENPAI-016,w05_senpai_from_w03_expanded,1.0.0,1.0,1.0,0,11567.9,0,meta-llama/Llama-3.1-8B-Instruct,0e9e39f249a16976918f6564b8830bc894c89659,Senpai,11964.973,True,complete,42,1.0,cross_encoder,389.928,"[""INGEN-OFFICIAL-SENPAI-20260804::SENPAI-EXP-0153::child-001"", ""INGEN-OFFICIAL-SENPAI-20260804::SENPAI-EXP-0154::child-001"", ""INGEN-OFFICIAL-SENPAI-20260804::SENPAI-EXP-0155::child-001"", ""INGEN-OFFICIAL-SENPAI-20260804::SENPAI-EXP-0102::child-001"", ""INGEN-OFFICIAL-SENPAI-20260804::SENPAI-EXP-0105::child-001""]",W05::chunk-1024_topk-5_rerank-ce::W03-EXP-SENPAI-016,5,chunk-1024_topk-5_rerank-ce
0.8968449859520756,9e3bf2a8ded98b25095abc3632d6cbbeccead36235a6523b2a393dd092198062,1d6869fa63dcece76cf3cf64e4b1d8f30f33738ad3a937d3f22154ca89d13172,1024,True,parsed,W03-EXP-SENPAI-017,w05_senpai_from_w03_expanded,1.0.0,1.0,1.0,0,9599.961,0,meta-llama/Llama-3.1-8B-Instruct,0e9e39f249a16976918f6564b8830bc894c89659,Senpai,10003.612,True,complete,42,1.0,cross_encoder,399.323,"[""INGEN-OFFICIAL-SENPAI-20260804::SENPAI-EXP-0010::child-001"", ""INGEN-OFFICIAL-SENPAI-20260804::SENPAI-EXP-0026::child-001"", ""INGEN-OFFICIAL-SENPAI-20260804::SENPAI-EXP-0155::child-001"", ""INGEN-OFFICIAL-SENPAI-20260804::SENPAI-EXP-0039::child-001"", ""INGEN-OFFICIAL-SENPAI-20260804::SENPAI-EXP-0045::child-001""]",W05::chunk-1024_topk-5_rerank-ce::W03-EXP-SENPAI-017,5,chunk-1024_topk-5_rerank-ce
0.9623297514999786,f65a0a42e1fed25d99845adcba2cbb4d49f4b4bda460672ad10399ec9dcfc6de,88577067fde1e8100f12150ba8e1c61d0a3c29d5c2bb1d9d1cc1ddfeabe813f7,1024,True,parsed,W03-EXP-SENPAI-018,w05_senpai_from_w03_expanded,1.0.0,1.0,1.0,0,11401.932,0,meta-llama/Llama-3.1-8B-Instruct,0e9e39f249a16976918f6564b8830bc894c89659,Senpai,11835.278,True,complete,42,1.0,cross_encoder,428.838,"[""INGEN-OFFICIAL-SENPAI-20260804::SENPAI-EXP-0109::child-001"", ""INGEN-OFFICIAL-SENPAI-20260804::SENPAI-EXP-0110::child-001"", ""INGEN-OFFICIAL-SENPAI-20260804::SENPAI-EXP-0021::child-001"", ""INGEN-OFFICIAL-SENPAI-20260804::SENPAI-EXP-0022::child-001"", ""INGEN-OFFICIAL-SENPAI-20260804::SENPAI-EXP-0040::child-001""]",W05::chunk-1024_topk-5_rerank-ce::W03-EXP-SENPAI-018,5,chunk-1024_topk-5_rerank-ce
0.9488366264698835,d3238fb8aef752f471c8d3f6ac610569c189ca934767fa0ebab9dc08f4487451,e904d5bbc1219fb899c79871469e487efa15893c9e057f6ce9101a091bb1ff01,1024,True,parsed,W03-EXP-SENPAI-019,w05_senpai_from_w03_expanded,1.0.0,1.0,1.0,0,11433.123,0,meta-llama/Llama-3.1-8B-Instruct,0e9e39f249a16976918f6564b8830bc894c89659,Senpai,11837.861,True,complete,42,1.0,cross_encoder,399.951,"[""INGEN-OFFICIAL-SENPAI-20260804::SENPAI-EXP-0114::child-001"", ""INGEN-OFFICIAL-SENPAI-20260804::SENPAI-EXP-0025::child-001"", ""INGEN-OFFICIAL-SENPAI-20260804::SENPAI-EXP-0007::child-001"", ""INGEN-OFFICIAL-SENPAI-20260804::SENPAI-EXP-0042::child-001"", ""INGEN-OFFICIAL-SENPAI-20260804::SENPAI-EXP-0040::child-001""]",W05::chunk-1024_topk-5_rerank-ce::W03-EXP-SENPAI-019,5,chunk-1024_topk-5_rerank-ce
0.8977383620557733,82a9b4a74ed5a4ae3ac2d55e2d6598d08524bd132bbb36d4cc75a5137b1e216c,948379d0074356e7d4afba824001f2b91641e3fd10a3d54d879e712740aff65c,1024,True,parsed,W03-EXP-SENPAI-020,w05_senpai_from_w03_expanded,1.0.0,1.0,0.75,0,7656.406,0,meta-llama/Llama-3.1-8B-Instruct,0e9e39f249a16976918f6564b8830bc894c89659,Senpai,7925.124,True,complete,42,1.0,cross_encoder,264.301,"[""INGEN-OFFICIAL-SENPAI-20260804::SENPAI-EXP-0086::child-001"", ""INGEN-OFFICIAL-SENPAI-20260804::SENPAI-EXP-0087::child-001"", ""INGEN-OFFICIAL-SENPAI-20260804::SENPAI-EXP-0001::child-001"", ""INGEN-OFFICIAL-SENPAI-20260804::SENPAI-EXP-0089::child-001"", ""INGEN-OFFICIAL-SENPAI-20260804::SENPAI-EXP-0027::child-001""]",W05::chunk-1024_topk-5_rerank-ce::W03-EXP-SENPAI-020,5,chunk-1024_topk-5_rerank-ce
0.0,1ad616fc564b71ba32e4b4751cca6fb88a15385f5338df37ec4a50aa95abef77,bee857641b772663039f58f11225f0c7e2bb5f8850ee53b6f187f9120cb1435c,512,True,parsed,W03-EXP-SENPAI-001,w05_senpai_from_w03_expanded,1.0.0,1.0,0.3333333333333333,0,5766.678,0,meta-llama/Llama-3.1-8B-Instruct,0e9e39f249a16976918f6564b8830bc894c89659,Senpai,5901.626,True,complete,42,1.0,none,128.094,"[""INGEN-OFFICIAL-SENPAI-20260804::SENPAI-EXP-0001::child-001"", ""INGEN-OFFICIAL-SENPAI-20260804::SENPAI-EXP-0108::child-001"", ""INGEN-OFFICIAL-SENPAI-20260804::SENPAI-EXP-0107::child-001""]",W05::chunk-512_topk-3_rerank-none::W03-EXP-SENPAI-001,3,chunk-512_topk-3_rerank-none
0.7653361796409527,c88beec4c9bbf18921a379eab115451229ebb650d27a8ef3fb15084f2c3f938c,617e2e3eaa1c9dd9f2189a39c18fd990c27fe82e6f8704542772aad0c6c79044,512,True,parsed,W03-EXP-SENPAI-002,w05_senpai_from_w03_expanded,1.0.0,1.0,1.0,0,4762.131,0,meta-llama/Llama-3.1-8B-Instruct,0e9e39f249a16976918f6564b8830bc894c89659,Senpai,4890.673,True,complete,42,1.0,none,121.898,"[""INGEN-OFFICIAL-SENPAI-20260804::SENPAI-EXP-0002::child-001"", ""INGEN-OFFICIAL-SENPAI-20260804::SENPAI-EXP-0005::child-001"", ""INGEN-OFFICIAL-SENPAI-20260804::SENPAI-EXP-0148::child-001""]",W05::chunk-512_topk-3_rerank-none::W03-EXP-SENPAI-002,3,chunk-512_topk-3_rerank-none
0.5433989331702845,6e2cda6f91d6cb680d69793f23fa5abf9e04c5ddf8d5b32ab321b78ec385e5a5,473e29102ebb1fc5c9588fcc751f90630c7b8d14b715480007f85a254c37548c,512,True,parsed,W03-EXP-SENPAI-003,w05_senpai_from_w03_expanded,1.0.0,1.0,1.0,0,1832.446,0,meta-llama/Llama-3.1-8B-Instruct,0e9e39f249a16976918f6564b8830bc894c89659,Senpai,1944.567,True,complete,42,0.75,none,106.824,"[""INGEN-OFFICIAL-SENPAI-20260804::SENPAI-EXP-0003::child-001"", ""INGEN-OFFICIAL-SENPAI-20260804::SENPAI-EXP-0127::child-001"", ""INGEN-OFFICIAL-SENPAI-20260804::SENPAI-EXP-0107::child-001""]",W05::chunk-512_topk-3_rerank-none::W03-EXP-SENPAI-003,3,chunk-512_topk-3_rerank-none
0.9840438653741107,16ab69d81216b346d060c6dd62712edd0168525704fc6449c0af608edd7577d4,daf2c1d28ba8c4f1fbbb90821c21f38470ee75bc372a98494fd0e88cd6fccf0b,512,True,parsed,W03-EXP-SENPAI-004,w05_senpai_from_w03_expanded,1.0.0,1.0,1.0,0,2644.583,0,meta-llama/Llama-3.1-8B-Instruct,0e9e39f249a16976918f6564b8830bc894c89659,Senpai,2760.967,True,complete,42,1.0,none,109.68,"[""INGEN-OFFICIAL-SENPAI-20260804::SENPAI-EXP-0017::child-001"", ""INGEN-OFFICIAL-SENPAI-20260804::SENPAI-EXP-0004::child-001"", ""INGEN-OFFICIAL-SENPAI-20260804::SENPAI-EXP-0006::child-001""]",W05::chunk-512_topk-3_rerank-none::W03-EXP-SENPAI-004,3,chunk-512_topk-3_rerank-none
0.9257859847740599,b8313ad5d21d9e7d96b1276460ec66dc691a2702100309cf37950e9c39f6abba,6b722ee7eda0bd8b7b2e8606f20c8021fc534a0d1731871bbf8096bdfc4e0b4c,512,True,parsed,W03-EXP-SENPAI-005,w05_senpai_from_w03_expanded,1.0.0,0.5,1.0,0,3795.663,0,meta-llama/Llama-3.1-8B-Instruct,0e9e39f249a16976918f6564b8830bc894c89659,Senpai,3887.553,True,complete,42,0.8,none,86.48,"[""INGEN-OFFICIAL-SENPAI-20260804::SENPAI-EXP-0006::child-001"", ""INGEN-OFFICIAL-SENPAI-20260804::SENPAI-EXP-0128::child-001"", ""INGEN-OFFICIAL-SENPAI-20260804::SENPAI-EXP-0162::child-001""]",W05::chunk-512_topk-3_rerank-none::W03-EXP-SENPAI-005,3,chunk-512_topk-3_rerank-none
0.6164179050292681,cb1b22985a382d7d143e399c403fa2a9009cbeb1b9fa94e8514fa1f9131a94c7,f9a093b4a824483583de9039cfc42b7c6b805de2f4d15637c52e50bc1f5b2f72,512,True,parsed,W03-EXP-SENPAI-006,w05_senpai_from_w03_expanded,1.0.0,1.0,1.0,0,4729.158,0,meta-llama/Llama-3.1-8B-Instruct,0e9e39f249a16976918f6564b8830bc894c89659,Senpai,4836.359,True,complete,42,0.666667,none,101.948,"[""INGEN-OFFICIAL-SENPAI-20260804::SENPAI-EXP-0045::child-001"", ""INGEN-OFFICIAL-SENPAI-20260804::SENPAI-EXP-0034::child-001"", ""INGEN-OFFICIAL-SENPAI-20260804::SENPAI-EXP-0151::child-001""]",W05::chunk-512_topk-3_rerank-none::W03-EXP-SENPAI-006,3,chunk-512_topk-3_rerank-none
0.7702734471217486,ec1878b58e9ad854516e5ab7f5d0f2ddef70352aab8c34332bfa24d6fe401889,faf32ab8bdc6fd3874d6415e4ac8c7d26dd78e1110c63faaf87a9deb1c088d61,512,True,parsed,W03-EXP-SENPAI-007,w05_senpai_from_w03_expanded,1.0.0,1.0,1.0,0,1829.269,0,meta-llama/Llama-3.1-8B-Instruct,0e9e39f249a16976918f6564b8830bc894c89659,Senpai,1943.272,True,complete,42,0.8,none,108.904,"[""INGEN-OFFICIAL-SENPAI-20260804::SENPAI-EXP-0035::child-001"", ""INGEN-OFFICIAL-SENPAI-20260804::SENPAI-EXP-0039::child-001"", ""INGEN-OFFICIAL-SENPAI-20260804::SENPAI-EXP-0044::child-001""]",W05::chunk-512_topk-3_rerank-none::W03-EXP-SENPAI-007,3,chunk-512_topk-3_rerank-none
0.0,629a7b56584dca4f1f00cbdaf7164e1235c61b296f026055759121c3d80241f0,40c3067a0fd3b5fc3fd9094c14992b9b8be9d65b341ef8be580a70557ed6634f,512,True,parsed,W03-EXP-SENPAI-008,w05_senpai_from_w03_expanded,1.0.0,0.666667,1.0,0,4932.168,0,meta-llama/Llama-3.1-8B-Instruct,0e9e39f249a16976918f6564b8830bc894c89659,Senpai,5007.402,True,complete,42,1.0,none,71.133,"[""INGEN-OFFICIAL-SENPAI-20260804::SENPAI-EXP-0147::child-001"", ""INGEN-OFFICIAL-SENPAI-20260804::SENPAI-EXP-0036::child-001"", ""INGEN-OFFICIAL-SENPAI-20260804::SENPAI-EXP-0042::child-001""]",W05::chunk-512_topk-3_rerank-none::W03-EXP-SENPAI-008,3,chunk-512_topk-3_rerank-none
0.708600306812247,6161a0bfcd40a1bed14010d4fb3d20a8816b5236283a678dea15d3f3ec920fc9,14aa05371ba7dddcc4d045a967be86bb97f8a5bf3c11a8463d0efefcf51c5363,512,True,parsed,W03-EXP-SENPAI-009,w05_senpai_from_w03_expanded,1.0.0,1.0,1.0,0,6573.336,0,meta-llama/Llama-3.1-8B-Instruct,0e9e39f249a16976918f6564b8830bc894c89659,Senpai,6674.176,True,complete,42,1.0,none,95.73,"[""INGEN-OFFICIAL-SENPAI-20260804::SENPAI-EXP-0037::child-001"", ""INGEN-OFFICIAL-SENPAI-20260804::SENPAI-EXP-0038::child-001"", ""INGEN-OFFICIAL-SENPAI-20260804::SENPAI-EXP-0063::child-001""]",W05::chunk-512_topk-3_rerank-none::W03-EXP-SENPAI-009,3,chunk-512_topk-3_rerank-none
0.0,3f8cda36f981a7d4ebcfcc5d7b8211fad3b8f0b89b1b027f3363a4a3afef49d2,af27689027e07e4f2ea1061f5be774925ed78aa25e0d6fc71a95f1d8cb3a4577,512,True,parsed,W03-EXP-SENPAI-010,w05_senpai_from_w03_expanded,1.0.0,0.5,0.6666666666666666,0,6022.864,0,meta-llama/Llama-3.1-8B-Instruct,0e9e39f249a16976918f6564b8830bc894c89659,Senpai,6097.306,True,complete,42,0.833333,none,70.117,"[""INGEN-OFFICIAL-SENPAI-20260804::SENPAI-EXP-0038::child-001"", ""INGEN-OFFICIAL-SENPAI-20260804::SENPAI-EXP-0048::child-001"", ""INGEN-OFFICIAL-SENPAI-20260804::SENPAI-EXP-0066::child-001""]",W05::chunk-512_topk-3_rerank-none::W03-EXP-SENPAI-010,3,chunk-512_topk-3_rerank-none
0.0,72f24a9761f430ad3f04036d8cf4afe246255efb571e248894b35051fbd969dc,819c3ebc6a4aca544535316e08d2415bae80f773b2d162c74aa9bbe990fff388,512,True,parsed,W03-EXP-SENPAI-011,w05_senpai_from_w03_expanded,1.0.0,1.0,0.6666666666666666,0,4205.249,0,meta-llama/Llama-3.1-8B-Instruct,0e9e39f249a16976918f6564b8830bc894c89659,Senpai,4279.199,True,complete,42,0.8,none,68.964,"[""INGEN-OFFICIAL-SENPAI-20260804::SENPAI-EXP-0039::child-001"", ""INGEN-OFFICIAL-SENPAI-20260804::SENPAI-EXP-0013::child-001"", ""INGEN-OFFICIAL-SENPAI-20260804::SENPAI-EXP-0151::child-001""]",W05::chunk-512_topk-3_rerank-none::W03-EXP-SENPAI-011,3,chunk-512_topk-3_rerank-none
0.7095887541909267,cfba1abee16b2370ce219098d36b21d1875512dc3cba49ea9976df0ef38b83ca,a2a31d2864f83968699eeb23ed64a06d82fc20aa5602cf605b238f1258982193,512,True,parsed,W03-EXP-SENPAI-012,w05_senpai_from_w03_expanded,1.0.0,0.333333,0.8,0,7344.465,0,meta-llama/Llama-3.1-8B-Instruct,0e9e39f249a16976918f6564b8830bc894c89659,Senpai,7692.147,True,complete,42,1.0,none,336.498,"[""INGEN-OFFICIAL-SENPAI-20260804::SENPAI-EXP-0111::child-001"", ""INGEN-OFFICIAL-SENPAI-20260804::SENPAI-EXP-0023::child-001"", ""INGEN-OFFICIAL-SENPAI-20260804::SENPAI-EXP-0006::child-001""]",W05::chunk-512_topk-3_rerank-none::W03-EXP-SENPAI-012,3,chunk-512_topk-3_rerank-none
0.8072454938457673,1bf160d1703d00e11e482936c9a5fd455fe811085010015ab294166dbbb21b08,d50c00831497e781bf051cf137b0a66b4f6a482b2b6f222d8d50123584e1936d,512,True,parsed,W03-EXP-SENPAI-013,w05_senpai_from_w03_expanded,1.0.0,0.25,1.0,0,8400.156,0,meta-llama/Llama-3.1-8B-Instruct,0e9e39f249a16976918f6564b8830bc894c89659,Senpai,8529.444,True,complete,42,1.0,none,120.698,"[""INGEN-OFFICIAL-SENPAI-20260804::SENPAI-EXP-0157::child-001"", ""INGEN-OFFICIAL-SENPAI-20260804::SENPAI-EXP-0019::child-001"", ""INGEN-OFFICIAL-SENPAI-20260804::SENPAI-EXP-0127::child-001""]",W05::chunk-512_topk-3_rerank-none::W03-EXP-SENPAI-013,3,chunk-512_topk-3_rerank-none
0.644115914789995,74f2cc6251c54a600366c17510a3d236b23ac7f7feb3147d6795cf491e4d9488,ee15fb3201d77786b3fb84def38e38447e220e0032da3e2bc2a92949169c72af,512,True,parsed,W03-EXP-SENPAI-014,w05_senpai_from_w03_expanded,1.0.0,0.333333,0.8,0,6196.266,0,meta-llama/Llama-3.1-8B-Instruct,0e9e39f249a16976918f6564b8830bc894c89659,Senpai,6322.52,True,complete,42,0.333333,none,120.087,"[""INGEN-OFFICIAL-SENPAI-20260804::SENPAI-EXP-0143::child-001"", ""INGEN-OFFICIAL-SENPAI-20260804::SENPAI-EXP-0144::child-001"", ""INGEN-OFFICIAL-SENPAI-20260804::SENPAI-EXP-0142::child-001""]",W05::chunk-512_topk-3_rerank-none::W03-EXP-SENPAI-014,3,chunk-512_topk-3_rerank-none
0.512492956915269,ea14850c6864c7397966292a9d01125b60430481bbd7b6132d7dd2674340cb25,5e5d1ffef91e4758850888a89ecf8cf9e048e358ef5b5df5f493ad0fbff8384e,512,True,parsed,W03-EXP-SENPAI-015,w05_senpai_from_w03_expanded,1.0.0,1.0,1.0,0,7546.674,0,meta-llama/Llama-3.1-8B-Instruct,0e9e39f249a16976918f6564b8830bc894c89659,Senpai,7633.813,True,complete,42,1.0,none,82.619,"[""INGEN-OFFICIAL-SENPAI-20260804::SENPAI-EXP-0045::child-001"", ""INGEN-OFFICIAL-SENPAI-20260804::SENPAI-EXP-0020::child-001"", ""INGEN-OFFICIAL-SENPAI-20260804::SENPAI-EXP-0031::child-001""]",W05::chunk-512_topk-3_rerank-none::W03-EXP-SENPAI-015,3,chunk-512_topk-3_rerank-none
0.7427301942108316,127825fb5250542cee42355468273c5bbd83a9556921ad7f420935fdcb045685,1cb5296cca9f81e029a54f5a7420caa70824bcd0b20e5054f400a781a2cf5536,512,True,parsed,W03-EXP-SENPAI-016,w05_senpai_from_w03_expanded,1.0.0,1.0,1.0,0,11425.166,0,meta-llama/Llama-3.1-8B-Instruct,0e9e39f249a16976918f6564b8830bc894c89659,Senpai,11524.362,True,complete,42,0.666667,none,93.296,"[""INGEN-OFFICIAL-SENPAI-20260804::SENPAI-EXP-0155::child-001"", ""INGEN-OFFICIAL-SENPAI-20260804::SENPAI-EXP-0153::child-001"", ""INGEN-OFFICIAL-SENPAI-20260804::SENPAI-EXP-0154::child-001""]",W05::chunk-512_topk-3_rerank-none::W03-EXP-SENPAI-016,3,chunk-512_topk-3_rerank-none
0.9186945673558321,afbd00bbe6aede22e9a98aabce564ccaed5b0b4c95abf9cdd0c663703d3538bf,da8b98940a0b59332bc052d22e1c032bfe5816c6c6e2d966f8bd0ad42efa2339,512,True,parsed,W03-EXP-SENPAI-017,w05_senpai_from_w03_expanded,1.0.0,1.0,1.0,0,8559.79,0,meta-llama/Llama-3.1-8B-Instruct,0e9e39f249a16976918f6564b8830bc894c89659,Senpai,8678.464,True,complete,42,1.0,none,111.224,"[""INGEN-OFFICIAL-SENPAI-20260804::SENPAI-EXP-0010::child-001"", ""INGEN-OFFICIAL-SENPAI-20260804::SENPAI-EXP-0026::child-001"", ""INGEN-OFFICIAL-SENPAI-20260804::SENPAI-EXP-0155::child-001""]",W05::chunk-512_topk-3_rerank-none::W03-EXP-SENPAI-017,3,chunk-512_topk-3_rerank-none
0.0,a64f7f8ff30d93abf2d0581e16d20be55548248914a9dcf48982b690208b9dd1,2b97aeccdf327605c468909508829ec8dd4a807a5d1922aeb5598c9e3f1f7434,512,True,parsed,W03-EXP-SENPAI-018,w05_senpai_from_w03_expanded,1.0.0,1.0,,0,382.68,0,meta-llama/Llama-3.1-8B-Instruct,0e9e39f249a16976918f6564b8830bc894c89659,Senpai,507.603,True,metric_failure_retained,42,0.333333,none,118.951,"[""INGEN-OFFICIAL-SENPAI-20260804::SENPAI-EXP-0110::child-001"", ""INGEN-OFFICIAL-SENPAI-20260804::SENPAI-EXP-0109::child-001"", ""INGEN-OFFICIAL-SENPAI-20260804::SENPAI-EXP-0022::child-001""]",W05::chunk-512_topk-3_rerank-none::W03-EXP-SENPAI-018,3,chunk-512_topk-3_rerank-none
0.8652454750857409,53e191aa9805fa76792f0aab9b177a571598c3177e9267fde66d889891658def,0d939799cc3d51cae700d4e289b2535d8afef126933a69bf0ee90bed17b54307,512,True,parsed,W03-EXP-SENPAI-019,w05_senpai_from_w03_expanded,1.0.0,0.5,0.8,0,5283.58,0,meta-llama/Llama-3.1-8B-Instruct,0e9e39f249a16976918f6564b8830bc894c89659,Senpai,5395.255,True,complete,42,1.0,none,105.599,"[""INGEN-OFFICIAL-SENPAI-20260804::SENPAI-EXP-0114::child-001"", ""INGEN-OFFICIAL-SENPAI-20260804::SENPAI-EXP-0025::child-001"", ""INGEN-OFFICIAL-SENPAI-20260804::SENPAI-EXP-0007::child-001""]",W05::chunk-512_topk-3_rerank-none::W03-EXP-SENPAI-019,3,chunk-512_topk-3_rerank-none
0.8885123915630272,cadbe46bee6f3e974bc6e94df114fb29154c0f91d5dd3e27d1ba91655b8c2edb,0aae3ff10f32c58085158dc7afa049c9b9f24ecc2d18a1db6ded5ac068afb480,512,True,parsed,W03-EXP-SENPAI-020,w05_senpai_from_w03_expanded,1.0.0,1.0,0.75,0,6607.413,0,meta-llama/Llama-3.1-8B-Instruct,0e9e39f249a16976918f6564b8830bc894c89659,Senpai,6713.478,True,complete,42,1.0,none,100.863,"[""INGEN-OFFICIAL-SENPAI-20260804::SENPAI-EXP-0086::child-001"", ""INGEN-OFFICIAL-SENPAI-20260804::SENPAI-EXP-0087::child-001"", ""INGEN-OFFICIAL-SENPAI-20260804::SENPAI-EXP-0001::child-001""]",W05::chunk-512_topk-3_rerank-none::W03-EXP-SENPAI-020,3,chunk-512_topk-3_rerank-none
0.0,8a903f12df693f40aa50f9109195e6cd02b51bc86e6e5fd7ef49a58383a8be30,8673d0b54b70c8a09dbda8d321c4165275ea758914ad8fa38bea50e7e0f82802,256,True,parsed,W03-EXP-SENPAI-001,w05_senpai_from_w03_expanded,1.0.0,1.0,1.0,0,2410.311,0,meta-llama/Llama-3.1-8B-Instruct,0e9e39f249a16976918f6564b8830bc894c89659,Senpai,2746.389,True,complete,42,1.0,none,330.643,"[""INGEN-OFFICIAL-SENPAI-20260804::SENPAI-EXP-0001::child-001""]",W05::chunk-256_topk-1_rerank-none::W03-EXP-SENPAI-001,1,chunk-256_topk-1_rerank-none
0.670964825212831,15395cf8559af29dbfb5933eecd9ad65e3d34b24654ad1dcd500824293523abb,394bb06bfee188eb8b11802ef0a636f2850d17fe89027b9b393a25ea293d5265,256,True,parsed,W03-EXP-SENPAI-002,w05_senpai_from_w03_expanded,1.0.0,0.5,0.8333333333333334,0,5922.772,0,meta-llama/Llama-3.1-8B-Instruct,0e9e39f249a16976918f6564b8830bc894c89659,Senpai,6059.205,True,complete,42,0.4,none,131.184,"[""INGEN-OFFICIAL-SENPAI-20260804::SENPAI-EXP-0002::child-001""]",W05::chunk-256_topk-1_rerank-none::W03-EXP-SENPAI-002,1,chunk-256_topk-1_rerank-none
0.9287563855622488,24a020f21e490fc452ef7048a2d5503fdcde1715ece2de0981de4e631b479c60,cc04f4b4b2715af40495674f6f9b21e264e016378d8edd9b84a86bb9260d0612,256,True,parsed,W03-EXP-SENPAI-003,w05_senpai_from_w03_expanded,1.0.0,1.0,1.0,0,2220.104,0,meta-llama/Llama-3.1-8B-Instruct,0e9e39f249a16976918f6564b8830bc894c89659,Senpai,2324.74,True,complete,42,0.75,none,100.792,"[""INGEN-OFFICIAL-SENPAI-20260804::SENPAI-EXP-0003::child-001""]",W05::chunk-256_topk-1_rerank-none::W03-EXP-SENPAI-003,1,chunk-256_topk-1_rerank-none
0.8680726624114742,332d545996c7b38a342d0fb20dc836bbda332b033577795fd7f353bd19056a7e,5ea0c11d058602b989984b1cc73f80d518f9204fc116c9907175e0b507b17e1c,256,True,parsed,W03-EXP-SENPAI-004,w05_senpai_from_w03_expanded,1.0.0,0.5,1.0,0,2218.811,0,meta-llama/Llama-3.1-8B-Instruct,0e9e39f249a16976918f6564b8830bc894c89659,Senpai,2352.93,True,complete,42,1.0,none,128.749,"[""INGEN-OFFICIAL-SENPAI-20260804::SENPAI-EXP-0017::child-001""]",W05::chunk-256_topk-1_rerank-none::W03-EXP-SENPAI-004,1,chunk-256_topk-1_rerank-none
0.0,468e3a140ee9b082db733e108c574fcb9bdfaa3aa764a46cb7c48cd55ad9cb6e,56abfbe8761457e112ac2143297732c3eb3417b196d236baae1f4fc9e0e95995,256,True,parsed,W03-EXP-SENPAI-005,w05_senpai_from_w03_expanded,1.0.0,0.5,0.7142857142857143,0,2474.93,0,meta-llama/Llama-3.1-8B-Instruct,0e9e39f249a16976918f6564b8830bc894c89659,Senpai,2579.829,True,complete,42,0.8,none,99.976,"[""INGEN-OFFICIAL-SENPAI-20260804::SENPAI-EXP-0006::child-001""]",W05::chunk-256_topk-1_rerank-none::W03-EXP-SENPAI-005,1,chunk-256_topk-1_rerank-none
0.6417997682762698,2e0924848adc5a07828e67938a6a272d72b939b26d1c9c5c7639bc67defefa10,6f59f36ba16c86818a1d6f4db245db98a6a7d52bb432e53b5f4d2a80d51fd3ab,256,True,parsed,W03-EXP-SENPAI-006,w05_senpai_from_w03_expanded,1.0.0,0.5,0.42857142857142855,0,6270.443,0,meta-llama/Llama-3.1-8B-Instruct,0e9e39f249a16976918f6564b8830bc894c89659,Senpai,6411.839,True,complete,42,1.0,none,136.438,"[""INGEN-OFFICIAL-SENPAI-20260804::SENPAI-EXP-0045::child-001""]",W05::chunk-256_topk-1_rerank-none::W03-EXP-SENPAI-006,1,chunk-256_topk-1_rerank-none
0.7744184293706335,e8f8b20ce685c5eed5713b4d0e724a1d8f1028779082cd6aa43d3c0488228d49,cad3e25fcbdf254ca07a04fbf119c73a5465e278bb78f8219ce70de87ba1fa35,256,True,parsed,W03-EXP-SENPAI-007,w05_senpai_from_w03_expanded,1.0.0,1.0,1.0,0,1065.754,0,meta-llama/Llama-3.1-8B-Instruct,0e9e39f249a16976918f6564b8830bc894c89659,Senpai,1177.755,True,complete,42,1.0,none,107.912,"[""INGEN-OFFICIAL-SENPAI-20260804::SENPAI-EXP-0035::child-001""]",W05::chunk-256_topk-1_rerank-none::W03-EXP-SENPAI-007,1,chunk-256_topk-1_rerank-none
0.0,a92d6614bdfb06d73725464b3a95556e5992dfeb5d63755c27a422a6ca8beab0,149471908476e78371c86ae4ea534235872ca91e8dbdc2f45bd494f95a767174,256,True,parsed,W03-EXP-SENPAI-008,w05_senpai_from_w03_expanded,1.0.0,0.0,0.6666666666666666,0,5279.623,0,meta-llama/Llama-3.1-8B-Instruct,0e9e39f249a16976918f6564b8830bc894c89659,Senpai,5393.253,True,complete,42,0.5,none,108.714,"[""INGEN-OFFICIAL-SENPAI-20260804::SENPAI-EXP-0147::child-001""]",W05::chunk-256_topk-1_rerank-none::W03-EXP-SENPAI-008,1,chunk-256_topk-1_rerank-none
0.7168437854028668,280111a7c449230a621678262b6f74e46b22dbbdf324dd59e708ed3d3150f8eb,f23831944a92eb7b4631cd292c68a0932d3162248a119bfa516bf2e673af5dfc,256,True,parsed,W03-EXP-SENPAI-009,w05_senpai_from_w03_expanded,1.0.0,1.0,1.0,0,4096.666,0,meta-llama/Llama-3.1-8B-Instruct,0e9e39f249a16976918f6564b8830bc894c89659,Senpai,4191.69,True,complete,42,1.0,none,91.027,"[""INGEN-OFFICIAL-SENPAI-20260804::SENPAI-EXP-0037::child-001""]",W05::chunk-256_topk-1_rerank-none::W03-EXP-SENPAI-009,1,chunk-256_topk-1_rerank-none
0.0,dccf9a9febf1210fce5c2bbbc1e4bfa8de31d1f26f68411bf643c19cf6b82c7b,b1566469811a639441c803823707d37869243aee262bf7342e18f7d764752bce,256,True,parsed,W03-EXP-SENPAI-010,w05_senpai_from_w03_expanded,1.0.0,0.5,1.0,0,2912.219,0,meta-llama/Llama-3.1-8B-Instruct,0e9e39f249a16976918f6564b8830bc894c89659,Senpai,3015.654,True,complete,42,0.833333,none,99.259,"[""INGEN-OFFICIAL-SENPAI-20260804::SENPAI-EXP-0038::child-001""]",W05::chunk-256_topk-1_rerank-none::W03-EXP-SENPAI-010,1,chunk-256_topk-1_rerank-none
0.0,a3f60ee81b5d12881016f4d7d2972e5abcb47e4c2af0792b58d6d8b7c786c3ff,bc089e94877939b251edf15a0f42902654f108b7bbb12a48880afdbbccfa635c,256,True,parsed,W03-EXP-SENPAI-011,w05_senpai_from_w03_expanded,1.0.0,1.0,0.5,0,2411.534,0,meta-llama/Llama-3.1-8B-Instruct,0e9e39f249a16976918f6564b8830bc894c89659,Senpai,2537.911,True,complete,42,0.7,none,121.522,"[""INGEN-OFFICIAL-SENPAI-20260804::SENPAI-EXP-0039::child-001""]",W05::chunk-256_topk-1_rerank-none::W03-EXP-SENPAI-011,1,chunk-256_topk-1_rerank-none
0.0,12d353378f8e2213ecc7f5070c0c1937ca7e2cf4cc54a1356c9470c7bbf98489,2b97aeccdf327605c468909508829ec8dd4a807a5d1922aeb5598c9e3f1f7434,256,True,parsed,W03-EXP-SENPAI-012,w05_senpai_from_w03_expanded,1.0.0,0.333333,,0,340.881,0,meta-llama/Llama-3.1-8B-Instruct,0e9e39f249a16976918f6564b8830bc894c89659,Senpai,445.789,True,metric_failure_retained,42,0.857143,none,101.551,"[""INGEN-OFFICIAL-SENPAI-20260804::SENPAI-EXP-0111::child-001""]",W05::chunk-256_topk-1_rerank-none::W03-EXP-SENPAI-012,1,chunk-256_topk-1_rerank-none
0.0,e2ddedf0ddf4a372fa00bc4b8e53d6adef80a5e03860fe57f18f50df6d3f5675,d3e90304bb6b59eb63ddd5f053951481c27ff876bd2bea1063fa2700b9909bfa,256,True,parsed,W03-EXP-SENPAI-013,w05_senpai_from_w03_expanded,1.0.0,0.0,1.0,0,3595.26,0,meta-llama/Llama-3.1-8B-Instruct,0e9e39f249a16976918f6564b8830bc894c89659,Senpai,3746.138,True,complete,42,0.428571,none,145.059,"[""INGEN-OFFICIAL-SENPAI-20260804::SENPAI-EXP-0157::child-001""]",W05::chunk-256_topk-1_rerank-none::W03-EXP-SENPAI-013,1,chunk-256_topk-1_rerank-none
0.780822116826759,830e1dc7e439c65a0ffd2546d3c3893625136c369d4b835c74e9af4622f4a58f,d940740372731b60c2aef8f6515c09c97cf4cb97dfecf4c2836b914968efb495,256,True,parsed,W03-EXP-SENPAI-014,w05_senpai_from_w03_expanded,1.0.0,0.0,0.6666666666666666,0,3026.814,0,meta-llama/Llama-3.1-8B-Instruct,0e9e39f249a16976918f6564b8830bc894c89659,Senpai,3154.827,True,complete,42,0.5,none,122.22,"[""INGEN-OFFICIAL-SENPAI-20260804::SENPAI-EXP-0143::child-001""]",W05::chunk-256_topk-1_rerank-none::W03-EXP-SENPAI-014,1,chunk-256_topk-1_rerank-none
0.4910733516669005,e67fe4fb879c1e6fc8288ddf177e816330ef8a9f2ec343cc9c4e3226a3be3a5d,d1869da6195992e6bd5d09de39b811bc872dfb1f2bae246ddfcb52ff498ff525,256,True,parsed,W03-EXP-SENPAI-015,w05_senpai_from_w03_expanded,1.0.0,0.5,1.0,0,6185.9,0,meta-llama/Llama-3.1-8B-Instruct,0e9e39f249a16976918f6564b8830bc894c89659,Senpai,6306.596,True,complete,42,1.0,none,113.053,"[""INGEN-OFFICIAL-SENPAI-20260804::SENPAI-EXP-0045::child-001""]",W05::chunk-256_topk-1_rerank-none::W03-EXP-SENPAI-015,1,chunk-256_topk-1_rerank-none
0.0,4e93bf668239846a6bcd8a18b0aed802e73687a991ecceb69b7f8e7a50e5a008,3cfc3d94aa816055bf2c35b8f333ac051b58296116c74fce4fdae03c8f2767f4,256,True,parsed,W03-EXP-SENPAI-016,w05_senpai_from_w03_expanded,1.0.0,0.333333,0.7272727272727273,0,8810.592,0,meta-llama/Llama-3.1-8B-Instruct,0e9e39f249a16976918f6564b8830bc894c89659,Senpai,8958.141,True,complete,42,0.833333,none,141.272,"[""INGEN-OFFICIAL-SENPAI-20260804::SENPAI-EXP-0155::child-001""]",W05::chunk-256_topk-1_rerank-none::W03-EXP-SENPAI-016,1,chunk-256_topk-1_rerank-none
0.0,ed5f5cf14f342426cf17860e27124c9c8ab7151070960219fcd5c5b0c291368f,59e51d67295d82c19da575e2197d784e99c249917e499417d5a4986156acc38c,256,True,parsed,W03-EXP-SENPAI-017,w05_senpai_from_w03_expanded,1.0.0,0.5,1.0,0,6525.876,0,meta-llama/Llama-3.1-8B-Instruct,0e9e39f249a16976918f6564b8830bc894c89659,Senpai,6687.392,True,complete,42,0.4,none,152.856,"[""INGEN-OFFICIAL-SENPAI-20260804::SENPAI-EXP-0010::child-001""]",W05::chunk-256_topk-1_rerank-none::W03-EXP-SENPAI-017,1,chunk-256_topk-1_rerank-none
0.0,359d6583ea913abcdf21bea1603b2ffa3d8f478982a3de11d5cec6383888e955,2b97aeccdf327605c468909508829ec8dd4a807a5d1922aeb5598c9e3f1f7434,256,True,parsed,W03-EXP-SENPAI-018,w05_senpai_from_w03_expanded,1.0.0,0.5,,0,341.843,0,meta-llama/Llama-3.1-8B-Instruct,0e9e39f249a16976918f6564b8830bc894c89659,Senpai,464.755,True,metric_failure_retained,42,0.333333,none,118.024,"[""INGEN-OFFICIAL-SENPAI-20260804::SENPAI-EXP-0110::child-001""]",W05::chunk-256_topk-1_rerank-none::W03-EXP-SENPAI-018,1,chunk-256_topk-1_rerank-none
0.6420888700587454,41760f1e33f99f2c89f332cebae37b864de94b40f94a194de64b7b0b841f8cd4,048762f7f97616809e0f85423dfbdbe3aa3a5291bd886dc64eb795578d5ed301,256,True,parsed,W03-EXP-SENPAI-019,w05_senpai_from_w03_expanded,1.0.0,0.5,1.0,0,2419.573,0,meta-llama/Llama-3.1-8B-Instruct,0e9e39f249a16976918f6564b8830bc894c89659,Senpai,2579.374,True,complete,42,1.0,none,154.328,"[""INGEN-OFFICIAL-SENPAI-20260804::SENPAI-EXP-0114::child-001""]",W05::chunk-256_topk-1_rerank-none::W03-EXP-SENPAI-019,1,chunk-256_topk-1_rerank-none
0.8953677972022275,f23de19b7761baf1e86913f02dc44f08c0df962872e7430876a51d5986db620b,a2f3e8ad7b44a69564af85536a9a379aafb0d325c37ff73537c2d9483b12c7be,256,True,parsed,W03-EXP-SENPAI-020,w05_senpai_from_w03_expanded,1.0.0,0.333333,0.75,0,2040.007,0,meta-llama/Llama-3.1-8B-Instruct,0e9e39f249a16976918f6564b8830bc894c89659,Senpai,2176.717,True,complete,42,1.0,none,130.672,"[""INGEN-OFFICIAL-SENPAI-20260804::SENPAI-EXP-0086::child-001""]",W05::chunk-256_topk-1_rerank-none::W03-EXP-SENPAI-020,1,chunk-256_topk-1_rerank-none
0.0,57a17e21d323689379f4b2ddcab39b300f7be956ad236f7e5e05a36da6a54307,9ed2e740ab688a1a8b3aef33a689841f1e777fdd55a3fd1b8320feed8d3fbaea,256,True,parsed,W03-EXP-SENPAI-001,w05_senpai_from_w03_expanded,1.0.0,1.0,0.5,0,5648.744,0,meta-llama/Llama-3.1-8B-Instruct,0e9e39f249a16976918f6564b8830bc894c89659,Senpai,6088.896,True,complete,42,1.0,cross_encoder,436.808,"[""INGEN-OFFICIAL-SENPAI-20260804::SENPAI-EXP-0001::child-001"", ""INGEN-OFFICIAL-SENPAI-20260804::SENPAI-EXP-0108::child-001"", ""INGEN-OFFICIAL-SENPAI-20260804::SENPAI-EXP-0028::child-001""]",W05::chunk-256_topk-3_rerank-ce::W03-EXP-SENPAI-001,3,chunk-256_topk-3_rerank-ce
0.9771038554107029,07f87d63c466ea9cddc3669acb31a723be40c093add13b63af3691c16b808f2b,25cb894b67ec8071b6893ffd909becb897a0c60438247b1159caf8b1b41ba742,256,True,parsed,W03-EXP-SENPAI-002,w05_senpai_from_w03_expanded,1.0.0,1.0,1.0,0,5967.665,0,meta-llama/Llama-3.1-8B-Instruct,0e9e39f249a16976918f6564b8830bc894c89659,Senpai,6408.026,True,complete,42,1.0,cross_encoder,435.974,"[""INGEN-OFFICIAL-SENPAI-20260804::SENPAI-EXP-0002::child-001"", ""INGEN-OFFICIAL-SENPAI-20260804::SENPAI-EXP-0156::child-001"", ""INGEN-OFFICIAL-SENPAI-20260804::SENPAI-EXP-0005::child-001""]",W05::chunk-256_topk-3_rerank-ce::W03-EXP-SENPAI-002,3,chunk-256_topk-3_rerank-ce
0.9547218835020277,5c12800df7e819eafee6eadb86d8fcb9664ae0f8b8aecbf727029bbaacf80324,1c8525dfdb7b5342ee316a15f1c941f1d521b68cd26421846e84c0428b464331,256,True,parsed,W03-EXP-SENPAI-003,w05_senpai_from_w03_expanded,1.0.0,1.0,0.8571428571428571,0,2288.608,0,meta-llama/Llama-3.1-8B-Instruct,0e9e39f249a16976918f6564b8830bc894c89659,Senpai,2694.384,True,complete,42,0.75,cross_encoder,402.48,"[""INGEN-OFFICIAL-SENPAI-20260804::SENPAI-EXP-0003::child-001"", ""INGEN-OFFICIAL-SENPAI-20260804::SENPAI-EXP-0004::child-001"", ""INGEN-OFFICIAL-SENPAI-20260804::SENPAI-EXP-0107::child-001""]",W05::chunk-256_topk-3_rerank-ce::W03-EXP-SENPAI-003,3,chunk-256_topk-3_rerank-ce
0.6719689180866171,a10ed768bc66bda75b064f83490639a54b86f5b997e49ae97f338b970748edd2,51904fd20409c07111abb78f8c84b5a190be953495f9e26eb09d64a3e3fce9d4,256,True,parsed,W03-EXP-SENPAI-004,w05_senpai_from_w03_expanded,1.0.0,1.0,1.0,0,4780.402,0,meta-llama/Llama-3.1-8B-Instruct,0e9e39f249a16976918f6564b8830bc894c89659,Senpai,5172.14,True,complete,42,1.0,cross_encoder,388.466,"[""INGEN-OFFICIAL-SENPAI-20260804::SENPAI-EXP-0017::child-001"", ""INGEN-OFFICIAL-SENPAI-20260804::SENPAI-EXP-0004::child-001"", ""INGEN-OFFICIAL-SENPAI-20260804::SENPAI-EXP-0016::child-001""]",W05::chunk-256_topk-3_rerank-ce::W03-EXP-SENPAI-004,3,chunk-256_topk-3_rerank-ce
0.923831879977166,fbe2f25234d449d16711dffdde59b3bf3c48030f617728ea162bce23011a67d0,46d03d0bb20621fb5401ec5829b6af08e6368ba9ee43438b2598593d1309299f,256,True,parsed,W03-EXP-SENPAI-005,w05_senpai_from_w03_expanded,1.0.0,0.5,1.0,0,2345.903,0,meta-llama/Llama-3.1-8B-Instruct,0e9e39f249a16976918f6564b8830bc894c89659,Senpai,2733.094,True,complete,42,0.8,cross_encoder,384.028,"[""INGEN-OFFICIAL-SENPAI-20260804::SENPAI-EXP-0006::child-001"", ""INGEN-OFFICIAL-SENPAI-20260804::SENPAI-EXP-0030::child-001"", ""INGEN-OFFICIAL-SENPAI-20260804::SENPAI-EXP-0128::child-001""]",W05::chunk-256_topk-3_rerank-ce::W03-EXP-SENPAI-005,3,chunk-256_topk-3_rerank-ce
0.630941517715588,6442d173a288e50982121c808c62c1d4709553c8fd79eb68dfded55cadbd0dd8,3057dd673989b989e336afa5068dd297b96bb518a4986e2ae52ddcaab80a1b5a,256,True,parsed,W03-EXP-SENPAI-006,w05_senpai_from_w03_expanded,1.0.0,1.0,1.0,0,4186.66,0,meta-llama/Llama-3.1-8B-Instruct,0e9e39f249a16976918f6564b8830bc894c89659,Senpai,4599.284,True,complete,42,1.0,cross_encoder,408.843,"[""INGEN-OFFICIAL-SENPAI-20260804::SENPAI-EXP-0045::child-001"", ""INGEN-OFFICIAL-SENPAI-20260804::SENPAI-EXP-0034::child-001"", ""INGEN-OFFICIAL-SENPAI-20260804::SENPAI-EXP-0020::child-001""]",W05::chunk-256_topk-3_rerank-ce::W03-EXP-SENPAI-006,3,chunk-256_topk-3_rerank-ce
0.7702734471217486,eea00f9b58a504d580a372ae1622e77cdc6c405f132b4ea93663d967e52287d2,faf32ab8bdc6fd3874d6415e4ac8c7d26dd78e1110c63faaf87a9deb1c088d61,256,True,parsed,W03-EXP-SENPAI-007,w05_senpai_from_w03_expanded,1.0.0,1.0,1.0,0,1827.045,0,meta-llama/Llama-3.1-8B-Instruct,0e9e39f249a16976918f6564b8830bc894c89659,Senpai,2262.358,True,complete,42,0.8,cross_encoder,432.272,"[""INGEN-OFFICIAL-SENPAI-20260804::SENPAI-EXP-0035::child-001"", ""INGEN-OFFICIAL-SENPAI-20260804::SENPAI-EXP-0041::child-001"", ""INGEN-OFFICIAL-SENPAI-20260804::SENPAI-EXP-0039::child-001""]",W05::chunk-256_topk-3_rerank-ce::W03-EXP-SENPAI-007,3,chunk-256_topk-3_rerank-ce
0.6781124688539951,2b614ec9fb139ac82a440f9ba0137a7d957a911c8a7874d5d81554a6edb27014,fcad55f3b01726bcff9d7731a8532ef3e4ae60c9b058eb89bc25666a0824108c,256,True,parsed,W03-EXP-SENPAI-008,w05_senpai_from_w03_expanded,1.0.0,0.666667,1.0,0,5596.855,0,meta-llama/Llama-3.1-8B-Instruct,0e9e39f249a16976918f6564b8830bc894c89659,Senpai,5999.228,True,complete,42,1.0,cross_encoder,399.136,"[""INGEN-OFFICIAL-SENPAI-20260804::SENPAI-EXP-0042::child-001"", ""INGEN-OFFICIAL-SENPAI-20260804::SENPAI-EXP-0036::child-001"", ""INGEN-OFFICIAL-SENPAI-20260804::SENPAI-EXP-0147::child-001""]",W05::chunk-256_topk-3_rerank-ce::W03-EXP-SENPAI-008,3,chunk-256_topk-3_rerank-ce
0.8335558582246213,738fab35026d4f837c3231f17c822190090ed23632d9e06734edc01ad619eb82,f6111fcc9d16bc8f737bdfdceba7f455615a7e311ee0f9f3d72f238453431493,256,True,parsed,W03-EXP-SENPAI-009,w05_senpai_from_w03_expanded,1.0.0,1.0,1.0,0,1423.564,0,meta-llama/Llama-3.1-8B-Instruct,0e9e39f249a16976918f6564b8830bc894c89659,Senpai,1833.184,True,complete,42,1.0,cross_encoder,406.63,"[""INGEN-OFFICIAL-SENPAI-20260804::SENPAI-EXP-0037::child-001"", ""INGEN-OFFICIAL-SENPAI-20260804::SENPAI-EXP-0042::child-001"", ""INGEN-OFFICIAL-SENPAI-20260804::SENPAI-EXP-0038::child-001""]",W05::chunk-256_topk-3_rerank-ce::W03-EXP-SENPAI-009,3,chunk-256_topk-3_rerank-ce
0.0,39ce21734f45585a2d561dbdd4dad9a5c0f24975c76198602f9dbf287b3f1d55,7843d6192115825a704b3a9a9b4a4fe461b9227befe3fdb38e2e26377004f20a,256,True,parsed,W03-EXP-SENPAI-010,w05_senpai_from_w03_expanded,1.0.0,1.0,1.0,0,8109.602,0,meta-llama/Llama-3.1-8B-Instruct,0e9e39f249a16976918f6564b8830bc894c89659,Senpai,8477.114,True,complete,42,1.0,cross_encoder,363.885,"[""INGEN-OFFICIAL-SENPAI-20260804::SENPAI-EXP-0038::child-001"", ""INGEN-OFFICIAL-SENPAI-20260804::SENPAI-EXP-0048::child-001"", ""INGEN-OFFICIAL-SENPAI-20260804::SENPAI-EXP-0151::child-001""]",W05::chunk-256_topk-3_rerank-ce::W03-EXP-SENPAI-010,3,chunk-256_topk-3_rerank-ce
0.9203043373871896,700c30572dc84e388db8fad154c00b72f7232a7c2471f4f6fa6ffe87d261f295,7acd44c5efabf7ee0f3b0e5e1d9ea4f1c4b9d3e39654f2b50956008c4689c948,256,True,parsed,W03-EXP-SENPAI-011,w05_senpai_from_w03_expanded,1.0.0,1.0,1.0,0,5050.059,0,meta-llama/Llama-3.1-8B-Instruct,0e9e39f249a16976918f6564b8830bc894c89659,Senpai,5481.581,True,complete,42,1.0,cross_encoder,427.73,"[""INGEN-OFFICIAL-SENPAI-20260804::SENPAI-EXP-0039::child-001"", ""INGEN-OFFICIAL-SENPAI-20260804::SENPAI-EXP-0013::child-001"", ""INGEN-OFFICIAL-SENPAI-20260804::SENPAI-EXP-0045::child-001""]",W05::chunk-256_topk-3_rerank-ce::W03-EXP-SENPAI-011,3,chunk-256_topk-3_rerank-ce
0.6446726927602956,e1052ba646d377bbae98a84fbdc6e2a1cd144adb23a24b4d20e45ee65059f844,e23d3600b36f6a05500fa4bb854c383427483b72301e659edd0ff08c8dcacb1d,256,True,parsed,W03-EXP-SENPAI-012,w05_senpai_from_w03_expanded,1.0.0,0.333333,1.0,0,4962.455,0,meta-llama/Llama-3.1-8B-Instruct,0e9e39f249a16976918f6564b8830bc894c89659,Senpai,5383.036,True,complete,42,1.0,cross_encoder,417.241,"[""INGEN-OFFICIAL-SENPAI-20260804::SENPAI-EXP-0111::child-001"", ""INGEN-OFFICIAL-SENPAI-20260804::SENPAI-EXP-0023::child-001"", ""INGEN-OFFICIAL-SENPAI-20260804::SENPAI-EXP-0044::child-001""]",W05::chunk-256_topk-3_rerank-ce::W03-EXP-SENPAI-012,3,chunk-256_topk-3_rerank-ce
0.0,94f4f66ce1307156c8c1d048f620d1df085ffdbeaf36e9ce9e2291e1522f55a3,e7dfe168e62f997b13301b818a45c44fb2f54aa15996858fdf7871feb8299613,256,True,parsed,W03-EXP-SENPAI-013,w05_senpai_from_w03_expanded,1.0.0,0.25,0.8333333333333334,0,5406.615,0,meta-llama/Llama-3.1-8B-Instruct,0e9e39f249a16976918f6564b8830bc894c89659,Senpai,5820.296,True,complete,42,0.714286,cross_encoder,409.928,"[""INGEN-OFFICIAL-SENPAI-20260804::SENPAI-EXP-0157::child-001"", ""INGEN-OFFICIAL-SENPAI-20260804::SENPAI-EXP-0019::child-001"", ""INGEN-OFFICIAL-SENPAI-20260804::SENPAI-EXP-0044::child-001""]",W05::chunk-256_topk-3_rerank-ce::W03-EXP-SENPAI-013,3,chunk-256_topk-3_rerank-ce
0.7605056845459263,ae4bb976307546388b0181f8eeebe555fa8e78f59b27c48384938fb51b66644f,6c0373996ba10fa2972f842dd3e59a20fc6ce397db1d449a0d556f955909b7a5,256,True,parsed,W03-EXP-SENPAI-014,w05_senpai_from_w03_expanded,1.0.0,0.0,1.0,0,4787.458,0,meta-llama/Llama-3.1-8B-Instruct,0e9e39f249a16976918f6564b8830bc894c89659,Senpai,5180.297,True,complete,42,0.333333,cross_encoder,389.363,"[""INGEN-OFFICIAL-SENPAI-20260804::SENPAI-EXP-0143::child-001"", ""INGEN-OFFICIAL-SENPAI-20260804::SENPAI-EXP-0157::child-001"", ""INGEN-OFFICIAL-SENPAI-20260804::SENPAI-EXP-0144::child-001""]",W05::chunk-256_topk-3_rerank-ce::W03-EXP-SENPAI-014,3,chunk-256_topk-3_rerank-ce
0.512492956915269,ea14850c6864c7397966292a9d01125b60430481bbd7b6132d7dd2674340cb25,5e5d1ffef91e4758850888a89ecf8cf9e048e358ef5b5df5f493ad0fbff8384e,256,True,parsed,W03-EXP-SENPAI-015,w05_senpai_from_w03_expanded,1.0.0,1.0,1.0,0,7566.36,0,meta-llama/Llama-3.1-8B-Instruct,0e9e39f249a16976918f6564b8830bc894c89659,Senpai,7890.238,True,complete,42,1.0,cross_encoder,320.43,"[""INGEN-OFFICIAL-SENPAI-20260804::SENPAI-EXP-0045::child-001"", ""INGEN-OFFICIAL-SENPAI-20260804::SENPAI-EXP-0020::child-001"", ""INGEN-OFFICIAL-SENPAI-20260804::SENPAI-EXP-0031::child-001""]",W05::chunk-256_topk-3_rerank-ce::W03-EXP-SENPAI-015,3,chunk-256_topk-3_rerank-ce
0.8321150122766899,9ec0d916e0137c08bd38e151d79ece40296ea8f5b5892f0383efddade8758140,0e57dddde6ba55c1a89fc3f7d93e6d265334c366d5478da25016893ae7404614,256,True,parsed,W03-EXP-SENPAI-016,w05_senpai_from_w03_expanded,1.0.0,1.0,1.0,0,11442.953,0,meta-llama/Llama-3.1-8B-Instruct,0e9e39f249a16976918f6564b8830bc894c89659,Senpai,11863.066,True,complete,42,1.0,cross_encoder,414.182,"[""INGEN-OFFICIAL-SENPAI-20260804::SENPAI-EXP-0153::child-001"", ""INGEN-OFFICIAL-SENPAI-20260804::SENPAI-EXP-0154::child-001"", ""INGEN-OFFICIAL-SENPAI-20260804::SENPAI-EXP-0155::child-001""]",W05::chunk-256_topk-3_rerank-ce::W03-EXP-SENPAI-016,3,chunk-256_topk-3_rerank-ce
0.9186945673558321,afbd00bbe6aede22e9a98aabce564ccaed5b0b4c95abf9cdd0c663703d3538bf,da8b98940a0b59332bc052d22e1c032bfe5816c6c6e2d966f8bd0ad42efa2339,256,True,parsed,W03-EXP-SENPAI-017,w05_senpai_from_w03_expanded,1.0.0,1.0,1.0,0,8588.028,0,meta-llama/Llama-3.1-8B-Instruct,0e9e39f249a16976918f6564b8830bc894c89659,Senpai,9018.914,True,complete,42,1.0,cross_encoder,427.111,"[""INGEN-OFFICIAL-SENPAI-20260804::SENPAI-EXP-0010::child-001"", ""INGEN-OFFICIAL-SENPAI-20260804::SENPAI-EXP-0026::child-001"", ""INGEN-OFFICIAL-SENPAI-20260804::SENPAI-EXP-0155::child-001""]",W05::chunk-256_topk-3_rerank-ce::W03-EXP-SENPAI-017,3,chunk-256_topk-3_rerank-ce
0.0,374be3e0ca9fc38fac2ab011c103c1cb8e6ad075af7f03d3f68b93415d10e3ac,2b97aeccdf327605c468909508829ec8dd4a807a5d1922aeb5598c9e3f1f7434,256,True,parsed,W03-EXP-SENPAI-018,w05_senpai_from_w03_expanded,1.0.0,1.0,,0,386.798,0,meta-llama/Llama-3.1-8B-Instruct,0e9e39f249a16976918f6564b8830bc894c89659,Senpai,833.094,True,metric_failure_retained,42,0.333333,cross_encoder,441.469,"[""INGEN-OFFICIAL-SENPAI-20260804::SENPAI-EXP-0109::child-001"", ""INGEN-OFFICIAL-SENPAI-20260804::SENPAI-EXP-0110::child-001"", ""INGEN-OFFICIAL-SENPAI-20260804::SENPAI-EXP-0021::child-001""]",W05::chunk-256_topk-3_rerank-ce::W03-EXP-SENPAI-018,3,chunk-256_topk-3_rerank-ce
0.8652454750857409,53e191aa9805fa76792f0aab9b177a571598c3177e9267fde66d889891658def,0d939799cc3d51cae700d4e289b2535d8afef126933a69bf0ee90bed17b54307,256,True,parsed,W03-EXP-SENPAI-019,w05_senpai_from_w03_expanded,1.0.0,0.5,0.8,0,5568.216,0,meta-llama/Llama-3.1-8B-Instruct,0e9e39f249a16976918f6564b8830bc894c89659,Senpai,6004.526,True,complete,42,1.0,cross_encoder,432.386,"[""INGEN-OFFICIAL-SENPAI-20260804::SENPAI-EXP-0114::child-001"", ""INGEN-OFFICIAL-SENPAI-20260804::SENPAI-EXP-0025::child-001"", ""INGEN-OFFICIAL-SENPAI-20260804::SENPAI-EXP-0007::child-001""]",W05::chunk-256_topk-3_rerank-ce::W03-EXP-SENPAI-019,3,chunk-256_topk-3_rerank-ce
0.8885123915630272,cadbe46bee6f3e974bc6e94df114fb29154c0f91d5dd3e27d1ba91655b8c2edb,0aae3ff10f32c58085158dc7afa049c9b9f24ecc2d18a1db6ded5ac068afb480,256,True,parsed,W03-EXP-SENPAI-020,w05_senpai_from_w03_expanded,1.0.0,1.0,0.75,0,6629.445,0,meta-llama/Llama-3.1-8B-Instruct,0e9e39f249a16976918f6564b8830bc894c89659,Senpai,6966.467,True,complete,42,1.0,cross_encoder,333.968,"[""INGEN-OFFICIAL-SENPAI-20260804::SENPAI-EXP-0086::child-001"", ""INGEN-OFFICIAL-SENPAI-20260804::SENPAI-EXP-0087::child-001"", ""INGEN-OFFICIAL-SENPAI-20260804::SENPAI-EXP-0001::child-001""]",W05::chunk-256_topk-3_rerank-ce::W03-EXP-SENPAI-020,3,chunk-256_topk-3_rerank-ce
